country_code,country,region,period_date,year,frequency,variable_code,value,unit,source_code,source_name,source_indicator_code,load_date
ARG,Argentina,LATAM,2000-12-31,2000,A,agro_pbi,4.67991094417297,% PBI,WB,World Bank,NV.AGR.TOTL.ZS,2026-06-12
ARG,Argentina,LATAM,2001-12-31,2001,A,agro_pbi,4.56858960891786,% PBI,WB,World Bank,NV.AGR.TOTL.ZS,2026-06-12
ARG,Argentina,LATAM,2002-12-31,2002,A,agro_pbi,10.2066467144411,% PBI,WB,World Bank,NV.AGR.TOTL.ZS,2026-06-12
ARG,Argentina,LATAM,2003-12-31,2003,A,agro_pbi,10.328166939117,% PBI,WB,World Bank,NV.AGR.TOTL.ZS,2026-06-12
ARG,Argentina,LATAM,2004-12-31,2004,A,agro_pbi,8.36248661002826,% PBI,WB,World Bank,NV.AGR.TOTL.ZS,2026-06-12
ARG,Argentina,LATAM,2005-12-31,2005,A,agro_pbi,7.93875427420938,% PBI,WB,World Bank,NV.AGR.TOTL.ZS,2026-06-12
ARG,Argentina,LATAM,2006-12-31,2006,A,agro_pbi,6.93557229126392,% PBI,WB,World Bank,NV.AGR.TOTL.ZS,2026-06-12
ARG,Argentina,LATAM,2007-12-31,2007,A,agro_pbi,7.45235394606923,% PBI,WB,World Bank,NV.AGR.TOTL.ZS,2026-06-12
ARG,Argentina,LATAM,2008-12-31,2008,A,agro_pbi,7.3189545972436,% PBI,WB,World Bank,NV.AGR.TOTL.ZS,2026-06-12
ARG,Argentina,LATAM,2009-12-31,2009,A,agro_pbi,5.2736234689014,% PBI,WB,World Bank,NV.AGR.TOTL.ZS,2026-06-12
ARG,Argentina,LATAM,2010-12-31,2010,A,agro_pbi,7.13216745078964,% PBI,WB,World Bank,NV.AGR.TOTL.ZS,2026-06-12
ARG,Argentina,LATAM,2011-12-31,2011,A,agro_pbi,6.99873377022519,% PBI,WB,World Bank,NV.AGR.TOTL.ZS,2026-06-12
ARG,Argentina,LATAM,2012-12-31,2012,A,agro_pbi,5.7817442068501,% PBI,WB,World Bank,NV.AGR.TOTL.ZS,2026-06-12
ARG,Argentina,LATAM,2013-12-31,2013,A,agro_pbi,6.05291843670451,% PBI,WB,World Bank,NV.AGR.TOTL.ZS,2026-06-12
ARG,Argentina,LATAM,2014-12-31,2014,A,agro_pbi,6.71270351428559,% PBI,WB,World Bank,NV.AGR.TOTL.ZS,2026-06-12
ARG,Argentina,LATAM,2015-12-31,2015,A,agro_pbi,5.1566859021408,% PBI,WB,World Bank,NV.AGR.TOTL.ZS,2026-06-12
ARG,Argentina,LATAM,2016-12-31,2016,A,agro_pbi,6.26456582010254,% PBI,WB,World Bank,NV.AGR.TOTL.ZS,2026-06-12
ARG,Argentina,LATAM,2017-12-31,2017,A,agro_pbi,5.23162237725058,% PBI,WB,World Bank,NV.AGR.TOTL.ZS,2026-06-12
ARG,Argentina,LATAM,2018-12-31,2018,A,agro_pbi,4.53787889681146,% PBI,WB,World Bank,NV.AGR.TOTL.ZS,2026-06-12
ARG,Argentina,LATAM,2019-12-31,2019,A,agro_pbi,5.3185559967348,% PBI,WB,World Bank,NV.AGR.TOTL.ZS,2026-06-12
ARG,Argentina,LATAM,2020-12-31,2020,A,agro_pbi,6.35703367575527,% PBI,WB,World Bank,NV.AGR.TOTL.ZS,2026-06-12
ARG,Argentina,LATAM,2021-12-31,2021,A,agro_pbi,7.29128249622041,% PBI,WB,World Bank,NV.AGR.TOTL.ZS,2026-06-12
ARG,Argentina,LATAM,2022-12-31,2022,A,agro_pbi,6.54156940484837,% PBI,WB,World Bank,NV.AGR.TOTL.ZS,2026-06-12
ARG,Argentina,LATAM,2023-12-31,2023,A,agro_pbi,5.8467786039069,% PBI,WB,World Bank,NV.AGR.TOTL.ZS,2026-06-12
ARG,Argentina,LATAM,2024-12-31,2024,A,agro_pbi,5.80601710915959,% PBI,WB,World Bank,NV.AGR.TOTL.ZS,2026-06-12
ARG,Argentina,LATAM,2000-12-31,2000,A,crecimiento_pbi,-0.78899893905691,% anual,WB,World Bank,NY.GDP.MKTP.KD.ZG,2026-06-12
ARG,Argentina,LATAM,2001-12-31,2001,A,crecimiento_pbi,-4.40883968258557,% anual,WB,World Bank,NY.GDP.MKTP.KD.ZG,2026-06-12
ARG,Argentina,LATAM,2002-12-31,2002,A,crecimiento_pbi,-10.8944848285903,% anual,WB,World Bank,NY.GDP.MKTP.KD.ZG,2026-06-12
ARG,Argentina,LATAM,2003-12-31,2003,A,crecimiento_pbi,8.83704079576924,% anual,WB,World Bank,NY.GDP.MKTP.KD.ZG,2026-06-12
ARG,Argentina,LATAM,2004-12-31,2004,A,crecimiento_pbi,9.02957330068152,% anual,WB,World Bank,NY.GDP.MKTP.KD.ZG,2026-06-12
ARG,Argentina,LATAM,2005-12-31,2005,A,crecimiento_pbi,8.85165992013437,% anual,WB,World Bank,NY.GDP.MKTP.KD.ZG,2026-06-12
ARG,Argentina,LATAM,2006-12-31,2006,A,crecimiento_pbi,8.04715150043027,% anual,WB,World Bank,NY.GDP.MKTP.KD.ZG,2026-06-12
ARG,Argentina,LATAM,2007-12-31,2007,A,crecimiento_pbi,9.00765087504757,% anual,WB,World Bank,NY.GDP.MKTP.KD.ZG,2026-06-12
ARG,Argentina,LATAM,2008-12-31,2008,A,crecimiento_pbi,4.05723310346406,% anual,WB,World Bank,NY.GDP.MKTP.KD.ZG,2026-06-12
ARG,Argentina,LATAM,2009-12-31,2009,A,crecimiento_pbi,-5.91852507634947,% anual,WB,World Bank,NY.GDP.MKTP.KD.ZG,2026-06-12
ARG,Argentina,LATAM,2010-12-31,2010,A,crecimiento_pbi,10.1253981561002,% anual,WB,World Bank,NY.GDP.MKTP.KD.ZG,2026-06-12
ARG,Argentina,LATAM,2011-12-31,2011,A,crecimiento_pbi,6.00395169280579,% anual,WB,World Bank,NY.GDP.MKTP.KD.ZG,2026-06-12
ARG,Argentina,LATAM,2012-12-31,2012,A,crecimiento_pbi,-1.0264204544321,% anual,WB,World Bank,NY.GDP.MKTP.KD.ZG,2026-06-12
ARG,Argentina,LATAM,2013-12-31,2013,A,crecimiento_pbi,2.40532378079436,% anual,WB,World Bank,NY.GDP.MKTP.KD.ZG,2026-06-12
ARG,Argentina,LATAM,2014-12-31,2014,A,crecimiento_pbi,-2.51261532081394,% anual,WB,World Bank,NY.GDP.MKTP.KD.ZG,2026-06-12
ARG,Argentina,LATAM,2015-12-31,2015,A,crecimiento_pbi,2.73115982828944,% anual,WB,World Bank,NY.GDP.MKTP.KD.ZG,2026-06-12
ARG,Argentina,LATAM,2016-12-31,2016,A,crecimiento_pbi,-2.08032784377811,% anual,WB,World Bank,NY.GDP.MKTP.KD.ZG,2026-06-12
ARG,Argentina,LATAM,2017-12-31,2017,A,crecimiento_pbi,2.81850297775918,% anual,WB,World Bank,NY.GDP.MKTP.KD.ZG,2026-06-12
ARG,Argentina,LATAM,2018-12-31,2018,A,crecimiento_pbi,-2.61739646282038,% anual,WB,World Bank,NY.GDP.MKTP.KD.ZG,2026-06-12
ARG,Argentina,LATAM,2019-12-31,2019,A,crecimiento_pbi,-2.00086100285785,% anual,WB,World Bank,NY.GDP.MKTP.KD.ZG,2026-06-12
ARG,Argentina,LATAM,2020-12-31,2020,A,crecimiento_pbi,-9.9004848136464,% anual,WB,World Bank,NY.GDP.MKTP.KD.ZG,2026-06-12
ARG,Argentina,LATAM,2021-12-31,2021,A,crecimiento_pbi,10.4418119882506,% anual,WB,World Bank,NY.GDP.MKTP.KD.ZG,2026-06-12
ARG,Argentina,LATAM,2022-12-31,2022,A,crecimiento_pbi,6.02074537534855,% anual,WB,World Bank,NY.GDP.MKTP.KD.ZG,2026-06-12
ARG,Argentina,LATAM,2023-12-31,2023,A,crecimiento_pbi,-1.85578803046339,% anual,WB,World Bank,NY.GDP.MKTP.KD.ZG,2026-06-12
ARG,Argentina,LATAM,2024-12-31,2024,A,crecimiento_pbi,-1.34293072157739,% anual,WB,World Bank,NY.GDP.MKTP.KD.ZG,2026-06-12
ARG,Argentina,LATAM,2000-12-31,2000,A,desempleo,15.0,% población activa,WB,World Bank,SL.UEM.TOTL.ZS,2026-06-12
ARG,Argentina,LATAM,2001-12-31,2001,A,desempleo,17.32,% población activa,WB,World Bank,SL.UEM.TOTL.ZS,2026-06-12
ARG,Argentina,LATAM,2002-12-31,2002,A,desempleo,19.59,% población activa,WB,World Bank,SL.UEM.TOTL.ZS,2026-06-12
ARG,Argentina,LATAM,2003-12-31,2003,A,desempleo,15.36,% población activa,WB,World Bank,SL.UEM.TOTL.ZS,2026-06-12
ARG,Argentina,LATAM,2004-12-31,2004,A,desempleo,13.522,% población activa,WB,World Bank,SL.UEM.TOTL.ZS,2026-06-12
ARG,Argentina,LATAM,2005-12-31,2005,A,desempleo,11.506,% población activa,WB,World Bank,SL.UEM.TOTL.ZS,2026-06-12
ARG,Argentina,LATAM,2006-12-31,2006,A,desempleo,10.078,% población activa,WB,World Bank,SL.UEM.TOTL.ZS,2026-06-12
ARG,Argentina,LATAM,2007-12-31,2007,A,desempleo,8.47,% población activa,WB,World Bank,SL.UEM.TOTL.ZS,2026-06-12
ARG,Argentina,LATAM,2008-12-31,2008,A,desempleo,7.837,% población activa,WB,World Bank,SL.UEM.TOTL.ZS,2026-06-12
ARG,Argentina,LATAM,2009-12-31,2009,A,desempleo,8.645,% población activa,WB,World Bank,SL.UEM.TOTL.ZS,2026-06-12
ARG,Argentina,LATAM,2010-12-31,2010,A,desempleo,7.714,% población activa,WB,World Bank,SL.UEM.TOTL.ZS,2026-06-12
ARG,Argentina,LATAM,2011-12-31,2011,A,desempleo,7.18,% población activa,WB,World Bank,SL.UEM.TOTL.ZS,2026-06-12
ARG,Argentina,LATAM,2012-12-31,2012,A,desempleo,7.217,% población activa,WB,World Bank,SL.UEM.TOTL.ZS,2026-06-12
ARG,Argentina,LATAM,2013-12-31,2013,A,desempleo,7.1,% población activa,WB,World Bank,SL.UEM.TOTL.ZS,2026-06-12
ARG,Argentina,LATAM,2014-12-31,2014,A,desempleo,7.268,% población activa,WB,World Bank,SL.UEM.TOTL.ZS,2026-06-12
ARG,Argentina,LATAM,2015-12-31,2015,A,desempleo,7.577,% población activa,WB,World Bank,SL.UEM.TOTL.ZS,2026-06-12
ARG,Argentina,LATAM,2016-12-31,2016,A,desempleo,8.088,% población activa,WB,World Bank,SL.UEM.TOTL.ZS,2026-06-12
ARG,Argentina,LATAM,2017-12-31,2017,A,desempleo,8.347,% población activa,WB,World Bank,SL.UEM.TOTL.ZS,2026-06-12
ARG,Argentina,LATAM,2018-12-31,2018,A,desempleo,9.22,% población activa,WB,World Bank,SL.UEM.TOTL.ZS,2026-06-12
ARG,Argentina,LATAM,2019-12-31,2019,A,desempleo,9.843,% población activa,WB,World Bank,SL.UEM.TOTL.ZS,2026-06-12
ARG,Argentina,LATAM,2020-12-31,2020,A,desempleo,11.461,% población activa,WB,World Bank,SL.UEM.TOTL.ZS,2026-06-12
ARG,Argentina,LATAM,2021-12-31,2021,A,desempleo,8.736,% población activa,WB,World Bank,SL.UEM.TOTL.ZS,2026-06-12
ARG,Argentina,LATAM,2022-12-31,2022,A,desempleo,6.805,% población activa,WB,World Bank,SL.UEM.TOTL.ZS,2026-06-12
ARG,Argentina,LATAM,2023-12-31,2023,A,desempleo,6.139,% población activa,WB,World Bank,SL.UEM.TOTL.ZS,2026-06-12
ARG,Argentina,LATAM,2024-12-31,2024,A,desempleo,7.15,% población activa,WB,World Bank,SL.UEM.TOTL.ZS,2026-06-12
ARG,Argentina,LATAM,2025-12-31,2025,A,desempleo,7.145,% población activa,WB,World Bank,SL.UEM.TOTL.ZS,2026-06-12
ARG,Argentina,LATAM,2000-12-31,2000,A,exportaciones_pbi,10.9863752325576,% PBI,WB,World Bank,NE.EXP.GNFS.ZS,2026-06-12
ARG,Argentina,LATAM,2001-12-31,2001,A,exportaciones_pbi,11.5790080825317,% PBI,WB,World Bank,NE.EXP.GNFS.ZS,2026-06-12
ARG,Argentina,LATAM,2002-12-31,2002,A,exportaciones_pbi,28.3825969991682,% PBI,WB,World Bank,NE.EXP.GNFS.ZS,2026-06-12
ARG,Argentina,LATAM,2003-12-31,2003,A,exportaciones_pbi,25.9309429264224,% PBI,WB,World Bank,NE.EXP.GNFS.ZS,2026-06-12
ARG,Argentina,LATAM,2004-12-31,2004,A,exportaciones_pbi,23.8476194239892,% PBI,WB,World Bank,NE.EXP.GNFS.ZS,2026-06-12
ARG,Argentina,LATAM,2005-12-31,2005,A,exportaciones_pbi,23.2458767338576,% PBI,WB,World Bank,NE.EXP.GNFS.ZS,2026-06-12
ARG,Argentina,LATAM,2006-12-31,2006,A,exportaciones_pbi,23.0266946038115,% PBI,WB,World Bank,NE.EXP.GNFS.ZS,2026-06-12
ARG,Argentina,LATAM,2007-12-31,2007,A,exportaciones_pbi,22.6627503115066,% PBI,WB,World Bank,NE.EXP.GNFS.ZS,2026-06-12
ARG,Argentina,LATAM,2008-12-31,2008,A,exportaciones_pbi,22.0609003826242,% PBI,WB,World Bank,NE.EXP.GNFS.ZS,2026-06-12
ARG,Argentina,LATAM,2009-12-31,2009,A,exportaciones_pbi,19.5609850560818,% PBI,WB,World Bank,NE.EXP.GNFS.ZS,2026-06-12
ARG,Argentina,LATAM,2010-12-31,2010,A,exportaciones_pbi,18.9338234053709,% PBI,WB,World Bank,NE.EXP.GNFS.ZS,2026-06-12
ARG,Argentina,LATAM,2011-12-31,2011,A,exportaciones_pbi,18.4492091453155,% PBI,WB,World Bank,NE.EXP.GNFS.ZS,2026-06-12
ARG,Argentina,LATAM,2012-12-31,2012,A,exportaciones_pbi,16.2378594620246,% PBI,WB,World Bank,NE.EXP.GNFS.ZS,2026-06-12
ARG,Argentina,LATAM,2013-12-31,2013,A,exportaciones_pbi,14.6171733884386,% PBI,WB,World Bank,NE.EXP.GNFS.ZS,2026-06-12
ARG,Argentina,LATAM,2014-12-31,2014,A,exportaciones_pbi,14.4054785893756,% PBI,WB,World Bank,NE.EXP.GNFS.ZS,2026-06-12
ARG,Argentina,LATAM,2015-12-31,2015,A,exportaciones_pbi,10.7056520504538,% PBI,WB,World Bank,NE.EXP.GNFS.ZS,2026-06-12
ARG,Argentina,LATAM,2016-12-31,2016,A,exportaciones_pbi,12.5270951690009,% PBI,WB,World Bank,NE.EXP.GNFS.ZS,2026-06-12
ARG,Argentina,LATAM,2017-12-31,2017,A,exportaciones_pbi,11.3202833596733,% PBI,WB,World Bank,NE.EXP.GNFS.ZS,2026-06-12
ARG,Argentina,LATAM,2018-12-31,2018,A,exportaciones_pbi,14.4366857499034,% PBI,WB,World Bank,NE.EXP.GNFS.ZS,2026-06-12
ARG,Argentina,LATAM,2019-12-31,2019,A,exportaciones_pbi,17.9248783778462,% PBI,WB,World Bank,NE.EXP.GNFS.ZS,2026-06-12
ARG,Argentina,LATAM,2020-12-31,2020,A,exportaciones_pbi,16.6054144372484,% PBI,WB,World Bank,NE.EXP.GNFS.ZS,2026-06-12
ARG,Argentina,LATAM,2021-12-31,2021,A,exportaciones_pbi,18.0667091690365,% PBI,WB,World Bank,NE.EXP.GNFS.ZS,2026-06-12
ARG,Argentina,LATAM,2022-12-31,2022,A,exportaciones_pbi,16.2816677253254,% PBI,WB,World Bank,NE.EXP.GNFS.ZS,2026-06-12
ARG,Argentina,LATAM,2023-12-31,2023,A,exportaciones_pbi,12.8223120961047,% PBI,WB,World Bank,NE.EXP.GNFS.ZS,2026-06-12
ARG,Argentina,LATAM,2024-12-31,2024,A,exportaciones_pbi,15.2497485928824,% PBI,WB,World Bank,NE.EXP.GNFS.ZS,2026-06-12
ARG,Argentina,LATAM,2000-12-31,2000,A,importaciones_pbi,11.6360695451767,% PBI,WB,World Bank,NE.IMP.GNFS.ZS,2026-06-12
ARG,Argentina,LATAM,2001-12-31,2001,A,importaciones_pbi,10.2732473690136,% PBI,WB,World Bank,NE.IMP.GNFS.ZS,2026-06-12
ARG,Argentina,LATAM,2002-12-31,2002,A,importaciones_pbi,13.370127359396,% PBI,WB,World Bank,NE.IMP.GNFS.ZS,2026-06-12
ARG,Argentina,LATAM,2003-12-31,2003,A,importaciones_pbi,14.7138051046861,% PBI,WB,World Bank,NE.IMP.GNFS.ZS,2026-06-12
ARG,Argentina,LATAM,2004-12-31,2004,A,importaciones_pbi,16.8450266849578,% PBI,WB,World Bank,NE.IMP.GNFS.ZS,2026-06-12
ARG,Argentina,LATAM,2005-12-31,2005,A,importaciones_pbi,17.3053942367662,% PBI,WB,World Bank,NE.IMP.GNFS.ZS,2026-06-12
ARG,Argentina,LATAM,2006-12-31,2006,A,importaciones_pbi,17.4067852681036,% PBI,WB,World Bank,NE.IMP.GNFS.ZS,2026-06-12
ARG,Argentina,LATAM,2007-12-31,2007,A,importaciones_pbi,18.2824203070644,% PBI,WB,World Bank,NE.IMP.GNFS.ZS,2026-06-12
ARG,Argentina,LATAM,2008-12-31,2008,A,importaciones_pbi,18.341772996414,% PBI,WB,World Bank,NE.IMP.GNFS.ZS,2026-06-12
ARG,Argentina,LATAM,2009-12-31,2009,A,importaciones_pbi,14.4961418494061,% PBI,WB,World Bank,NE.IMP.GNFS.ZS,2026-06-12
ARG,Argentina,LATAM,2010-12-31,2010,A,importaciones_pbi,16.0371898581987,% PBI,WB,World Bank,NE.IMP.GNFS.ZS,2026-06-12
ARG,Argentina,LATAM,2011-12-31,2011,A,importaciones_pbi,16.7569458546489,% PBI,WB,World Bank,NE.IMP.GNFS.ZS,2026-06-12
ARG,Argentina,LATAM,2012-12-31,2012,A,importaciones_pbi,14.2886829096862,% PBI,WB,World Bank,NE.IMP.GNFS.ZS,2026-06-12
ARG,Argentina,LATAM,2013-12-31,2013,A,importaciones_pbi,14.7167556136651,% PBI,WB,World Bank,NE.IMP.GNFS.ZS,2026-06-12
ARG,Argentina,LATAM,2014-12-31,2014,A,importaciones_pbi,14.0013150558519,% PBI,WB,World Bank,NE.IMP.GNFS.ZS,2026-06-12
ARG,Argentina,LATAM,2015-12-31,2015,A,importaciones_pbi,11.7805740385254,% PBI,WB,World Bank,NE.IMP.GNFS.ZS,2026-06-12
ARG,Argentina,LATAM,2016-12-31,2016,A,importaciones_pbi,13.5667926798789,% PBI,WB,World Bank,NE.IMP.GNFS.ZS,2026-06-12
ARG,Argentina,LATAM,2017-12-31,2017,A,importaciones_pbi,13.9693177780045,% PBI,WB,World Bank,NE.IMP.GNFS.ZS,2026-06-12
ARG,Argentina,LATAM,2018-12-31,2018,A,importaciones_pbi,16.3258502050892,% PBI,WB,World Bank,NE.IMP.GNFS.ZS,2026-06-12
ARG,Argentina,LATAM,2019-12-31,2019,A,importaciones_pbi,14.7057366680037,% PBI,WB,World Bank,NE.IMP.GNFS.ZS,2026-06-12
ARG,Argentina,LATAM,2020-12-31,2020,A,importaciones_pbi,13.5982843701675,% PBI,WB,World Bank,NE.IMP.GNFS.ZS,2026-06-12
ARG,Argentina,LATAM,2021-12-31,2021,A,importaciones_pbi,15.0119803984295,% PBI,WB,World Bank,NE.IMP.GNFS.ZS,2026-06-12
ARG,Argentina,LATAM,2022-12-31,2022,A,importaciones_pbi,15.2985115353002,% PBI,WB,World Bank,NE.IMP.GNFS.ZS,2026-06-12
ARG,Argentina,LATAM,2023-12-31,2023,A,importaciones_pbi,13.8546391521167,% PBI,WB,World Bank,NE.IMP.GNFS.ZS,2026-06-12
ARG,Argentina,LATAM,2024-12-31,2024,A,importaciones_pbi,12.6800122564846,% PBI,WB,World Bank,NE.IMP.GNFS.ZS,2026-06-12
ARG,Argentina,LATAM,2000-12-31,2000,A,industria_pbi,25.9908360111364,% PBI,WB,World Bank,NV.IND.TOTL.ZS,2026-06-12
ARG,Argentina,LATAM,2001-12-31,2001,A,industria_pbi,25.2434339827333,% PBI,WB,World Bank,NV.IND.TOTL.ZS,2026-06-12
ARG,Argentina,LATAM,2002-12-31,2002,A,industria_pbi,30.5577370913046,% PBI,WB,World Bank,NV.IND.TOTL.ZS,2026-06-12
ARG,Argentina,LATAM,2003-12-31,2003,A,industria_pbi,32.6450990996503,% PBI,WB,World Bank,NV.IND.TOTL.ZS,2026-06-12
ARG,Argentina,LATAM,2004-12-31,2004,A,industria_pbi,28.816922006834,% PBI,WB,World Bank,NV.IND.TOTL.ZS,2026-06-12
ARG,Argentina,LATAM,2005-12-31,2005,A,industria_pbi,28.6263140439084,% PBI,WB,World Bank,NV.IND.TOTL.ZS,2026-06-12
ARG,Argentina,LATAM,2006-12-31,2006,A,industria_pbi,29.2032796652469,% PBI,WB,World Bank,NV.IND.TOTL.ZS,2026-06-12
ARG,Argentina,LATAM,2007-12-31,2007,A,industria_pbi,27.4152361334783,% PBI,WB,World Bank,NV.IND.TOTL.ZS,2026-06-12
ARG,Argentina,LATAM,2008-12-31,2008,A,industria_pbi,26.2724599395946,% PBI,WB,World Bank,NV.IND.TOTL.ZS,2026-06-12
ARG,Argentina,LATAM,2009-12-31,2009,A,industria_pbi,25.2842047993735,% PBI,WB,World Bank,NV.IND.TOTL.ZS,2026-06-12
ARG,Argentina,LATAM,2010-12-31,2010,A,industria_pbi,25.2587762576722,% PBI,WB,World Bank,NV.IND.TOTL.ZS,2026-06-12
ARG,Argentina,LATAM,2011-12-31,2011,A,industria_pbi,25.2126976058843,% PBI,WB,World Bank,NV.IND.TOTL.ZS,2026-06-12
ARG,Argentina,LATAM,2012-12-31,2012,A,industria_pbi,24.4290570649122,% PBI,WB,World Bank,NV.IND.TOTL.ZS,2026-06-12
ARG,Argentina,LATAM,2013-12-31,2013,A,industria_pbi,24.0058814423072,% PBI,WB,World Bank,NV.IND.TOTL.ZS,2026-06-12
ARG,Argentina,LATAM,2014-12-31,2014,A,industria_pbi,24.2773944936602,% PBI,WB,World Bank,NV.IND.TOTL.ZS,2026-06-12
ARG,Argentina,LATAM,2015-12-31,2015,A,industria_pbi,23.153056135905,% PBI,WB,World Bank,NV.IND.TOTL.ZS,2026-06-12
ARG,Argentina,LATAM,2016-12-31,2016,A,industria_pbi,22.0541072112108,% PBI,WB,World Bank,NV.IND.TOTL.ZS,2026-06-12
ARG,Argentina,LATAM,2017-12-31,2017,A,industria_pbi,21.782123219335,% PBI,WB,World Bank,NV.IND.TOTL.ZS,2026-06-12
ARG,Argentina,LATAM,2018-12-31,2018,A,industria_pbi,23.7195923321304,% PBI,WB,World Bank,NV.IND.TOTL.ZS,2026-06-12
ARG,Argentina,LATAM,2019-12-31,2019,A,industria_pbi,23.1578477391434,% PBI,WB,World Bank,NV.IND.TOTL.ZS,2026-06-12
ARG,Argentina,LATAM,2020-12-31,2020,A,industria_pbi,22.4088763711802,% PBI,WB,World Bank,NV.IND.TOTL.ZS,2026-06-12
ARG,Argentina,LATAM,2021-12-31,2021,A,industria_pbi,23.4994644263761,% PBI,WB,World Bank,NV.IND.TOTL.ZS,2026-06-12
ARG,Argentina,LATAM,2022-12-31,2022,A,industria_pbi,24.1118636272911,% PBI,WB,World Bank,NV.IND.TOTL.ZS,2026-06-12
ARG,Argentina,LATAM,2023-12-31,2023,A,industria_pbi,25.1722105252735,% PBI,WB,World Bank,NV.IND.TOTL.ZS,2026-06-12
ARG,Argentina,LATAM,2024-12-31,2024,A,industria_pbi,23.9965975604249,% PBI,WB,World Bank,NV.IND.TOTL.ZS,2026-06-12
ARG,Argentina,LATAM,2018-12-31,2018,A,inflacion,34.2772237131003,% anual,WB,World Bank,FP.CPI.TOTL.ZG,2026-06-12
ARG,Argentina,LATAM,2019-12-31,2019,A,inflacion,53.5483043492339,% anual,WB,World Bank,FP.CPI.TOTL.ZG,2026-06-12
ARG,Argentina,LATAM,2020-12-31,2020,A,inflacion,42.0150947376509,% anual,WB,World Bank,FP.CPI.TOTL.ZG,2026-06-12
ARG,Argentina,LATAM,2021-12-31,2021,A,inflacion,48.4093786255199,% anual,WB,World Bank,FP.CPI.TOTL.ZG,2026-06-12
ARG,Argentina,LATAM,2022-12-31,2022,A,inflacion,72.430757531824,% anual,WB,World Bank,FP.CPI.TOTL.ZG,2026-06-12
ARG,Argentina,LATAM,2023-12-31,2023,A,inflacion,133.488935594175,% anual,WB,World Bank,FP.CPI.TOTL.ZG,2026-06-12
ARG,Argentina,LATAM,2024-12-31,2024,A,inflacion,219.883929014578,% anual,WB,World Bank,FP.CPI.TOTL.ZG,2026-06-12
ARG,Argentina,LATAM,2000-12-31,2000,A,inversion_pbi,17.5334874363903,% PBI,WB,World Bank,NE.GDI.TOTL.ZS,2026-06-12
ARG,Argentina,LATAM,2001-12-31,2001,A,inversion_pbi,15.6259653308051,% PBI,WB,World Bank,NE.GDI.TOTL.ZS,2026-06-12
ARG,Argentina,LATAM,2002-12-31,2002,A,inversion_pbi,10.8539052402585,% PBI,WB,World Bank,NE.GDI.TOTL.ZS,2026-06-12
ARG,Argentina,LATAM,2003-12-31,2003,A,inversion_pbi,14.1469621012504,% PBI,WB,World Bank,NE.GDI.TOTL.ZS,2026-06-12
ARG,Argentina,LATAM,2004-12-31,2004,A,inversion_pbi,17.5512703642799,% PBI,WB,World Bank,NE.GDI.TOTL.ZS,2026-06-12
ARG,Argentina,LATAM,2005-12-31,2005,A,inversion_pbi,18.8882641376513,% PBI,WB,World Bank,NE.GDI.TOTL.ZS,2026-06-12
ARG,Argentina,LATAM,2006-12-31,2006,A,inversion_pbi,18.6804872364334,% PBI,WB,World Bank,NE.GDI.TOTL.ZS,2026-06-12
ARG,Argentina,LATAM,2007-12-31,2007,A,inversion_pbi,20.099113202908,% PBI,WB,World Bank,NE.GDI.TOTL.ZS,2026-06-12
ARG,Argentina,LATAM,2008-12-31,2008,A,inversion_pbi,19.5727758777106,% PBI,WB,World Bank,NE.GDI.TOTL.ZS,2026-06-12
ARG,Argentina,LATAM,2009-12-31,2009,A,inversion_pbi,16.0531123592112,% PBI,WB,World Bank,NE.GDI.TOTL.ZS,2026-06-12
ARG,Argentina,LATAM,2010-12-31,2010,A,inversion_pbi,17.7055338062046,% PBI,WB,World Bank,NE.GDI.TOTL.ZS,2026-06-12
ARG,Argentina,LATAM,2011-12-31,2011,A,inversion_pbi,18.39845891735,% PBI,WB,World Bank,NE.GDI.TOTL.ZS,2026-06-12
ARG,Argentina,LATAM,2012-12-31,2012,A,inversion_pbi,16.5019865298875,% PBI,WB,World Bank,NE.GDI.TOTL.ZS,2026-06-12
ARG,Argentina,LATAM,2013-12-31,2013,A,inversion_pbi,17.3057789012596,% PBI,WB,World Bank,NE.GDI.TOTL.ZS,2026-06-12
ARG,Argentina,LATAM,2014-12-31,2014,A,inversion_pbi,17.2628810064651,% PBI,WB,World Bank,NE.GDI.TOTL.ZS,2026-06-12
ARG,Argentina,LATAM,2015-12-31,2015,A,inversion_pbi,17.0707048841583,% PBI,WB,World Bank,NE.GDI.TOTL.ZS,2026-06-12
ARG,Argentina,LATAM,2016-12-31,2016,A,inversion_pbi,17.6632278606203,% PBI,WB,World Bank,NE.GDI.TOTL.ZS,2026-06-12
ARG,Argentina,LATAM,2017-12-31,2017,A,inversion_pbi,18.2125671747754,% PBI,WB,World Bank,NE.GDI.TOTL.ZS,2026-06-12
ARG,Argentina,LATAM,2018-12-31,2018,A,inversion_pbi,16.6138850156371,% PBI,WB,World Bank,NE.GDI.TOTL.ZS,2026-06-12
ARG,Argentina,LATAM,2019-12-31,2019,A,inversion_pbi,14.2100303992191,% PBI,WB,World Bank,NE.GDI.TOTL.ZS,2026-06-12
ARG,Argentina,LATAM,2020-12-31,2020,A,inversion_pbi,14.4151557410245,% PBI,WB,World Bank,NE.GDI.TOTL.ZS,2026-06-12
ARG,Argentina,LATAM,2021-12-31,2021,A,inversion_pbi,18.0762892471421,% PBI,WB,World Bank,NE.GDI.TOTL.ZS,2026-06-12
ARG,Argentina,LATAM,2022-12-31,2022,A,inversion_pbi,17.3855861358427,% PBI,WB,World Bank,NE.GDI.TOTL.ZS,2026-06-12
ARG,Argentina,LATAM,2023-12-31,2023,A,inversion_pbi,19.3822632919135,% PBI,WB,World Bank,NE.GDI.TOTL.ZS,2026-06-12
ARG,Argentina,LATAM,2024-12-31,2024,A,inversion_pbi,15.8378002382311,% PBI,WB,World Bank,NE.GDI.TOTL.ZS,2026-06-12
ARG,Argentina,LATAM,2000-12-31,2000,A,manufactura_pbi,16.4942719439838,% PBI,WB,World Bank,NV.IND.MANF.ZS,2026-06-12
ARG,Argentina,LATAM,2001-12-31,2001,A,manufactura_pbi,16.0932258763829,% PBI,WB,World Bank,NV.IND.MANF.ZS,2026-06-12
ARG,Argentina,LATAM,2002-12-31,2002,A,manufactura_pbi,20.347773913878,% PBI,WB,World Bank,NV.IND.MANF.ZS,2026-06-12
ARG,Argentina,LATAM,2003-12-31,2003,A,manufactura_pbi,22.4867505875749,% PBI,WB,World Bank,NV.IND.MANF.ZS,2026-06-12
ARG,Argentina,LATAM,2004-12-31,2004,A,manufactura_pbi,18.9370136214371,% PBI,WB,World Bank,NV.IND.MANF.ZS,2026-06-12
ARG,Argentina,LATAM,2005-12-31,2005,A,manufactura_pbi,18.340415936715,% PBI,WB,World Bank,NV.IND.MANF.ZS,2026-06-12
ARG,Argentina,LATAM,2006-12-31,2006,A,manufactura_pbi,17.8777938558849,% PBI,WB,World Bank,NV.IND.MANF.ZS,2026-06-12
ARG,Argentina,LATAM,2007-12-31,2007,A,manufactura_pbi,17.0474154518997,% PBI,WB,World Bank,NV.IND.MANF.ZS,2026-06-12
ARG,Argentina,LATAM,2008-12-31,2008,A,manufactura_pbi,16.5383660984547,% PBI,WB,World Bank,NV.IND.MANF.ZS,2026-06-12
ARG,Argentina,LATAM,2009-12-31,2009,A,manufactura_pbi,15.5837772738051,% PBI,WB,World Bank,NV.IND.MANF.ZS,2026-06-12
ARG,Argentina,LATAM,2010-12-31,2010,A,manufactura_pbi,15.8448608064195,% PBI,WB,World Bank,NV.IND.MANF.ZS,2026-06-12
ARG,Argentina,LATAM,2011-12-31,2011,A,manufactura_pbi,15.8506983942663,% PBI,WB,World Bank,NV.IND.MANF.ZS,2026-06-12
ARG,Argentina,LATAM,2012-12-31,2012,A,manufactura_pbi,15.2168009115954,% PBI,WB,World Bank,NV.IND.MANF.ZS,2026-06-12
ARG,Argentina,LATAM,2013-12-31,2013,A,manufactura_pbi,15.0110542553443,% PBI,WB,World Bank,NV.IND.MANF.ZS,2026-06-12
ARG,Argentina,LATAM,2014-12-31,2014,A,manufactura_pbi,14.7727785491821,% PBI,WB,World Bank,NV.IND.MANF.ZS,2026-06-12
ARG,Argentina,LATAM,2015-12-31,2015,A,manufactura_pbi,14.1815854549835,% PBI,WB,World Bank,NV.IND.MANF.ZS,2026-06-12
ARG,Argentina,LATAM,2016-12-31,2016,A,manufactura_pbi,13.4880259708051,% PBI,WB,World Bank,NV.IND.MANF.ZS,2026-06-12
ARG,Argentina,LATAM,2017-12-31,2017,A,manufactura_pbi,12.8351683415363,% PBI,WB,World Bank,NV.IND.MANF.ZS,2026-06-12
ARG,Argentina,LATAM,2018-12-31,2018,A,manufactura_pbi,14.0601434041581,% PBI,WB,World Bank,NV.IND.MANF.ZS,2026-06-12
ARG,Argentina,LATAM,2019-12-31,2019,A,manufactura_pbi,13.5408390702829,% PBI,WB,World Bank,NV.IND.MANF.ZS,2026-06-12
ARG,Argentina,LATAM,2020-12-31,2020,A,manufactura_pbi,14.5905295089183,% PBI,WB,World Bank,NV.IND.MANF.ZS,2026-06-12
ARG,Argentina,LATAM,2021-12-31,2021,A,manufactura_pbi,15.558416982668,% PBI,WB,World Bank,NV.IND.MANF.ZS,2026-06-12
ARG,Argentina,LATAM,2022-12-31,2022,A,manufactura_pbi,16.4165686180445,% PBI,WB,World Bank,NV.IND.MANF.ZS,2026-06-12
ARG,Argentina,LATAM,2023-12-31,2023,A,manufactura_pbi,16.5255500222842,% PBI,WB,World Bank,NV.IND.MANF.ZS,2026-06-12
ARG,Argentina,LATAM,2024-12-31,2024,A,manufactura_pbi,15.1850458096465,% PBI,WB,World Bank,NV.IND.MANF.ZS,2026-06-12
ARG,Argentina,LATAM,2000-12-31,2000,A,pbi,284203750000.0,USD actuales,WB,World Bank,NY.GDP.MKTP.CD,2026-06-12
ARG,Argentina,LATAM,2001-12-31,2001,A,pbi,268696750000.0,USD actuales,WB,World Bank,NY.GDP.MKTP.CD,2026-06-12
ARG,Argentina,LATAM,2002-12-31,2002,A,pbi,97724004251.8602,USD actuales,WB,World Bank,NY.GDP.MKTP.CD,2026-06-12
ARG,Argentina,LATAM,2003-12-31,2003,A,pbi,127586973492.177,USD actuales,WB,World Bank,NY.GDP.MKTP.CD,2026-06-12
ARG,Argentina,LATAM,2004-12-31,2004,A,pbi,164657930452.787,USD actuales,WB,World Bank,NY.GDP.MKTP.CD,2026-06-12
ARG,Argentina,LATAM,2005-12-31,2005,A,pbi,198737095012.282,USD actuales,WB,World Bank,NY.GDP.MKTP.CD,2026-06-12
ARG,Argentina,LATAM,2006-12-31,2006,A,pbi,232557260817.308,USD actuales,WB,World Bank,NY.GDP.MKTP.CD,2026-06-12
ARG,Argentina,LATAM,2007-12-31,2007,A,pbi,287530508430.568,USD actuales,WB,World Bank,NY.GDP.MKTP.CD,2026-06-12
ARG,Argentina,LATAM,2008-12-31,2008,A,pbi,361558037110.419,USD actuales,WB,World Bank,NY.GDP.MKTP.CD,2026-06-12
ARG,Argentina,LATAM,2009-12-31,2009,A,pbi,332976484577.619,USD actuales,WB,World Bank,NY.GDP.MKTP.CD,2026-06-12
ARG,Argentina,LATAM,2010-12-31,2010,A,pbi,423627422092.49,USD actuales,WB,World Bank,NY.GDP.MKTP.CD,2026-06-12
ARG,Argentina,LATAM,2011-12-31,2011,A,pbi,530158122010.442,USD actuales,WB,World Bank,NY.GDP.MKTP.CD,2026-06-12
ARG,Argentina,LATAM,2012-12-31,2012,A,pbi,545982375701.128,USD actuales,WB,World Bank,NY.GDP.MKTP.CD,2026-06-12
ARG,Argentina,LATAM,2013-12-31,2013,A,pbi,552025140252.246,USD actuales,WB,World Bank,NY.GDP.MKTP.CD,2026-06-12
ARG,Argentina,LATAM,2014-12-31,2014,A,pbi,526319673731.638,USD actuales,WB,World Bank,NY.GDP.MKTP.CD,2026-06-12
ARG,Argentina,LATAM,2015-12-31,2015,A,pbi,594749285413.212,USD actuales,WB,World Bank,NY.GDP.MKTP.CD,2026-06-12
ARG,Argentina,LATAM,2016-12-31,2016,A,pbi,557532320662.955,USD actuales,WB,World Bank,NY.GDP.MKTP.CD,2026-06-12
ARG,Argentina,LATAM,2017-12-31,2017,A,pbi,643628393281.364,USD actuales,WB,World Bank,NY.GDP.MKTP.CD,2026-06-12
ARG,Argentina,LATAM,2018-12-31,2018,A,pbi,524819892360.176,USD actuales,WB,World Bank,NY.GDP.MKTP.CD,2026-06-12
ARG,Argentina,LATAM,2019-12-31,2019,A,pbi,447754683615.225,USD actuales,WB,World Bank,NY.GDP.MKTP.CD,2026-06-12
ARG,Argentina,LATAM,2020-12-31,2020,A,pbi,385740508436.965,USD actuales,WB,World Bank,NY.GDP.MKTP.CD,2026-06-12
ARG,Argentina,LATAM,2021-12-31,2021,A,pbi,486564085480.036,USD actuales,WB,World Bank,NY.GDP.MKTP.CD,2026-06-12
ARG,Argentina,LATAM,2022-12-31,2022,A,pbi,633993756301.08,USD actuales,WB,World Bank,NY.GDP.MKTP.CD,2026-06-12
ARG,Argentina,LATAM,2023-12-31,2023,A,pbi,649461687959.174,USD actuales,WB,World Bank,NY.GDP.MKTP.CD,2026-06-12
ARG,Argentina,LATAM,2024-12-31,2024,A,pbi,638365455340.04,USD actuales,WB,World Bank,NY.GDP.MKTP.CD,2026-06-12
ARG,Argentina,LATAM,2000-12-31,2000,A,pbi_per_capita,7637.01489203628,USD actuales,WB,World Bank,NY.GDP.PCAP.CD,2026-06-12
ARG,Argentina,LATAM,2001-12-31,2001,A,pbi_per_capita,7141.47507662826,USD actuales,WB,World Bank,NY.GDP.PCAP.CD,2026-06-12
ARG,Argentina,LATAM,2002-12-31,2002,A,pbi_per_capita,2569.69963519124,USD actuales,WB,World Bank,NY.GDP.PCAP.CD,2026-06-12
ARG,Argentina,LATAM,2003-12-31,2003,A,pbi_per_capita,3320.47775133903,USD actuales,WB,World Bank,NY.GDP.PCAP.CD,2026-06-12
ARG,Argentina,LATAM,2004-12-31,2004,A,pbi_per_capita,4242.02099089422,USD actuales,WB,World Bank,NY.GDP.PCAP.CD,2026-06-12
ARG,Argentina,LATAM,2005-12-31,2005,A,pbi_per_capita,5067.65342293276,USD actuales,WB,World Bank,NY.GDP.PCAP.CD,2026-06-12
ARG,Argentina,LATAM,2006-12-31,2006,A,pbi_per_capita,5869.38028970204,USD actuales,WB,World Bank,NY.GDP.PCAP.CD,2026-06-12
ARG,Argentina,LATAM,2007-12-31,2007,A,pbi_per_capita,7185.25155147027,USD actuales,WB,World Bank,NY.GDP.PCAP.CD,2026-06-12
ARG,Argentina,LATAM,2008-12-31,2008,A,pbi_per_capita,8944.1102657357,USD actuales,WB,World Bank,NY.GDP.PCAP.CD,2026-06-12
ARG,Argentina,LATAM,2009-12-31,2009,A,pbi_per_capita,8150.23527028221,USD actuales,WB,World Bank,NY.GDP.PCAP.CD,2026-06-12
ARG,Argentina,LATAM,2010-12-31,2010,A,pbi_per_capita,10260.1313108254,USD actuales,WB,World Bank,NY.GDP.PCAP.CD,2026-06-12
ARG,Argentina,LATAM,2011-12-31,2011,A,pbi_per_capita,12704.2831819684,USD actuales,WB,World Bank,NY.GDP.PCAP.CD,2026-06-12
ARG,Argentina,LATAM,2012-12-31,2012,A,pbi_per_capita,12949.717486654,USD actuales,WB,World Bank,NY.GDP.PCAP.CD,2026-06-12
ARG,Argentina,LATAM,2013-12-31,2013,A,pbi_per_capita,12963.675773326,USD actuales,WB,World Bank,NY.GDP.PCAP.CD,2026-06-12
ARG,Argentina,LATAM,2014-12-31,2014,A,pbi_per_capita,12233.1444119186,USD actuales,WB,World Bank,NY.GDP.PCAP.CD,2026-06-12
ARG,Argentina,LATAM,2015-12-31,2015,A,pbi_per_capita,13679.6264980954,USD actuales,WB,World Bank,NY.GDP.PCAP.CD,2026-06-12
ARG,Argentina,LATAM,2016-12-31,2016,A,pbi_per_capita,12699.9623137756,USD actuales,WB,World Bank,NY.GDP.PCAP.CD,2026-06-12
ARG,Argentina,LATAM,2017-12-31,2017,A,pbi_per_capita,14532.5009308511,USD actuales,WB,World Bank,NY.GDP.PCAP.CD,2026-06-12
ARG,Argentina,LATAM,2018-12-31,2018,A,pbi_per_capita,11752.7998922979,USD actuales,WB,World Bank,NY.GDP.PCAP.CD,2026-06-12
ARG,Argentina,LATAM,2019-12-31,2019,A,pbi_per_capita,9955.97478680428,USD actuales,WB,World Bank,NY.GDP.PCAP.CD,2026-06-12
ARG,Argentina,LATAM,2020-12-31,2020,A,pbi_per_capita,8535.59938004389,USD actuales,WB,World Bank,NY.GDP.PCAP.CD,2026-06-12
ARG,Argentina,LATAM,2021-12-31,2021,A,pbi_per_capita,10738.0179223384,USD actuales,WB,World Bank,NY.GDP.PCAP.CD,2026-06-12
ARG,Argentina,LATAM,2022-12-31,2022,A,pbi_per_capita,13962.1894087223,USD actuales,WB,World Bank,NY.GDP.PCAP.CD,2026-06-12
ARG,Argentina,LATAM,2023-12-31,2023,A,pbi_per_capita,14261.8465667948,USD actuales,WB,World Bank,NY.GDP.PCAP.CD,2026-06-12
ARG,Argentina,LATAM,2024-12-31,2024,A,pbi_per_capita,13969.7836603737,USD actuales,WB,World Bank,NY.GDP.PCAP.CD,2026-06-12
ARG,Argentina,LATAM,2000-12-31,2000,A,poblacion,37213984.0,personas,WB,World Bank,SP.POP.TOTL,2026-06-12
ARG,Argentina,LATAM,2001-12-31,2001,A,poblacion,37624825.0,personas,WB,World Bank,SP.POP.TOTL,2026-06-12
ARG,Argentina,LATAM,2002-12-31,2002,A,poblacion,38029349.0,personas,WB,World Bank,SP.POP.TOTL,2026-06-12
ARG,Argentina,LATAM,2003-12-31,2003,A,poblacion,38424282.0,personas,WB,World Bank,SP.POP.TOTL,2026-06-12
ARG,Argentina,LATAM,2004-12-31,2004,A,poblacion,38815916.0,personas,WB,World Bank,SP.POP.TOTL,2026-06-12
ARG,Argentina,LATAM,2005-12-31,2005,A,poblacion,39216789.0,personas,WB,World Bank,SP.POP.TOTL,2026-06-12
ARG,Argentina,LATAM,2006-12-31,2006,A,poblacion,39622115.0,personas,WB,World Bank,SP.POP.TOTL,2026-06-12
ARG,Argentina,LATAM,2007-12-31,2007,A,poblacion,40016763.0,personas,WB,World Bank,SP.POP.TOTL,2026-06-12
ARG,Argentina,LATAM,2008-12-31,2008,A,poblacion,40424148.0,personas,WB,World Bank,SP.POP.TOTL,2026-06-12
ARG,Argentina,LATAM,2009-12-31,2009,A,poblacion,40854831.0,personas,WB,World Bank,SP.POP.TOTL,2026-06-12
ARG,Argentina,LATAM,2010-12-31,2010,A,poblacion,41288694.0,personas,WB,World Bank,SP.POP.TOTL,2026-06-12
ARG,Argentina,LATAM,2011-12-31,2011,A,poblacion,41730660.0,personas,WB,World Bank,SP.POP.TOTL,2026-06-12
ARG,Argentina,LATAM,2012-12-31,2012,A,poblacion,42161721.0,personas,WB,World Bank,SP.POP.TOTL,2026-06-12
ARG,Argentina,LATAM,2013-12-31,2013,A,poblacion,42582455.0,personas,WB,World Bank,SP.POP.TOTL,2026-06-12
ARG,Argentina,LATAM,2014-12-31,2014,A,poblacion,43024071.0,personas,WB,World Bank,SP.POP.TOTL,2026-06-12
ARG,Argentina,LATAM,2015-12-31,2015,A,poblacion,43477012.0,personas,WB,World Bank,SP.POP.TOTL,2026-06-12
ARG,Argentina,LATAM,2016-12-31,2016,A,poblacion,43900313.0,personas,WB,World Bank,SP.POP.TOTL,2026-06-12
ARG,Argentina,LATAM,2017-12-31,2017,A,poblacion,44288894.0,personas,WB,World Bank,SP.POP.TOTL,2026-06-12
ARG,Argentina,LATAM,2018-12-31,2018,A,poblacion,44654882.0,personas,WB,World Bank,SP.POP.TOTL,2026-06-12
ARG,Argentina,LATAM,2019-12-31,2019,A,poblacion,44973465.0,personas,WB,World Bank,SP.POP.TOTL,2026-06-12
ARG,Argentina,LATAM,2020-12-31,2020,A,poblacion,45191965.0,personas,WB,World Bank,SP.POP.TOTL,2026-06-12
ARG,Argentina,LATAM,2021-12-31,2021,A,poblacion,45312281.0,personas,WB,World Bank,SP.POP.TOTL,2026-06-12
ARG,Argentina,LATAM,2022-12-31,2022,A,poblacion,45407904.0,personas,WB,World Bank,SP.POP.TOTL,2026-06-12
ARG,Argentina,LATAM,2023-12-31,2023,A,poblacion,45538401.0,personas,WB,World Bank,SP.POP.TOTL,2026-06-12
ARG,Argentina,LATAM,2024-12-31,2024,A,poblacion,45696159.0,personas,WB,World Bank,SP.POP.TOTL,2026-06-12
ARG,Argentina,LATAM,2000-12-31,2000,A,servicios_pbi,63.469313441501,% PBI,WB,World Bank,NV.SRV.TOTL.ZS,2026-06-12
ARG,Argentina,LATAM,2001-12-31,2001,A,servicios_pbi,65.0812573281962,% PBI,WB,World Bank,NV.SRV.TOTL.ZS,2026-06-12
ARG,Argentina,LATAM,2002-12-31,2002,A,servicios_pbi,54.7764456459146,% PBI,WB,World Bank,NV.SRV.TOTL.ZS,2026-06-12
ARG,Argentina,LATAM,2003-12-31,2003,A,servicios_pbi,51.0316942508769,% PBI,WB,World Bank,NV.SRV.TOTL.ZS,2026-06-12
ARG,Argentina,LATAM,2004-12-31,2004,A,servicios_pbi,47.8369882937827,% PBI,WB,World Bank,NV.SRV.TOTL.ZS,2026-06-12
ARG,Argentina,LATAM,2005-12-31,2005,A,servicios_pbi,48.4861459282405,% PBI,WB,World Bank,NV.SRV.TOTL.ZS,2026-06-12
ARG,Argentina,LATAM,2006-12-31,2006,A,servicios_pbi,48.7491333682456,% PBI,WB,World Bank,NV.SRV.TOTL.ZS,2026-06-12
ARG,Argentina,LATAM,2007-12-31,2007,A,servicios_pbi,49.5083307772744,% PBI,WB,World Bank,NV.SRV.TOTL.ZS,2026-06-12
ARG,Argentina,LATAM,2008-12-31,2008,A,servicios_pbi,50.2551922042782,% PBI,WB,World Bank,NV.SRV.TOTL.ZS,2026-06-12
ARG,Argentina,LATAM,2009-12-31,2009,A,servicios_pbi,53.3060010032753,% PBI,WB,World Bank,NV.SRV.TOTL.ZS,2026-06-12
ARG,Argentina,LATAM,2010-12-31,2010,A,servicios_pbi,51.4951802052167,% PBI,WB,World Bank,NV.SRV.TOTL.ZS,2026-06-12
ARG,Argentina,LATAM,2011-12-31,2011,A,servicios_pbi,51.8119007511102,% PBI,WB,World Bank,NV.SRV.TOTL.ZS,2026-06-12
ARG,Argentina,LATAM,2012-12-31,2012,A,servicios_pbi,53.6581179163924,% PBI,WB,World Bank,NV.SRV.TOTL.ZS,2026-06-12
ARG,Argentina,LATAM,2013-12-31,2013,A,servicios_pbi,53.9190936666216,% PBI,WB,World Bank,NV.SRV.TOTL.ZS,2026-06-12
ARG,Argentina,LATAM,2014-12-31,2014,A,servicios_pbi,52.9405434663365,% PBI,WB,World Bank,NV.SRV.TOTL.ZS,2026-06-12
ARG,Argentina,LATAM,2015-12-31,2015,A,servicios_pbi,55.8149012843362,% PBI,WB,World Bank,NV.SRV.TOTL.ZS,2026-06-12
ARG,Argentina,LATAM,2016-12-31,2016,A,servicios_pbi,56.1222358547004,% PBI,WB,World Bank,NV.SRV.TOTL.ZS,2026-06-12
ARG,Argentina,LATAM,2017-12-31,2017,A,servicios_pbi,57.3499373815692,% PBI,WB,World Bank,NV.SRV.TOTL.ZS,2026-06-12
ARG,Argentina,LATAM,2018-12-31,2018,A,servicios_pbi,56.3697502721818,% PBI,WB,World Bank,NV.SRV.TOTL.ZS,2026-06-12
ARG,Argentina,LATAM,2019-12-31,2019,A,servicios_pbi,55.4388171093669,% PBI,WB,World Bank,NV.SRV.TOTL.ZS,2026-06-12
ARG,Argentina,LATAM,2020-12-31,2020,A,servicios_pbi,54.8578674557962,% PBI,WB,World Bank,NV.SRV.TOTL.ZS,2026-06-12
ARG,Argentina,LATAM,2021-12-31,2021,A,servicios_pbi,52.8340319497207,% PBI,WB,World Bank,NV.SRV.TOTL.ZS,2026-06-12
ARG,Argentina,LATAM,2022-12-31,2022,A,servicios_pbi,53.5341356683759,% PBI,WB,World Bank,NV.SRV.TOTL.ZS,2026-06-12
ARG,Argentina,LATAM,2023-12-31,2023,A,servicios_pbi,53.1990739500308,% PBI,WB,World Bank,NV.SRV.TOTL.ZS,2026-06-12
ARG,Argentina,LATAM,2024-12-31,2024,A,servicios_pbi,53.6514046050424,% PBI,WB,World Bank,NV.SRV.TOTL.ZS,2026-06-12
BOL,Bolivia,LATAM,2000-12-31,2000,A,agro_pbi,12.9658118842238,% PBI,WB,World Bank,NV.AGR.TOTL.ZS,2026-06-12
BOL,Bolivia,LATAM,2001-12-31,2001,A,agro_pbi,13.2556536661742,% PBI,WB,World Bank,NV.AGR.TOTL.ZS,2026-06-12
BOL,Bolivia,LATAM,2002-12-31,2002,A,agro_pbi,12.955118631021,% PBI,WB,World Bank,NV.AGR.TOTL.ZS,2026-06-12
BOL,Bolivia,LATAM,2003-12-31,2003,A,agro_pbi,13.4272369562791,% PBI,WB,World Bank,NV.AGR.TOTL.ZS,2026-06-12
BOL,Bolivia,LATAM,2004-12-31,2004,A,agro_pbi,13.3223836388477,% PBI,WB,World Bank,NV.AGR.TOTL.ZS,2026-06-12
BOL,Bolivia,LATAM,2005-12-31,2005,A,agro_pbi,11.7927215329112,% PBI,WB,World Bank,NV.AGR.TOTL.ZS,2026-06-12
BOL,Bolivia,LATAM,2006-12-31,2006,A,agro_pbi,10.9375480546288,% PBI,WB,World Bank,NV.AGR.TOTL.ZS,2026-06-12
BOL,Bolivia,LATAM,2007-12-31,2007,A,agro_pbi,10.011155665672,% PBI,WB,World Bank,NV.AGR.TOTL.ZS,2026-06-12
BOL,Bolivia,LATAM,2008-12-31,2008,A,agro_pbi,10.4424041155226,% PBI,WB,World Bank,NV.AGR.TOTL.ZS,2026-06-12
BOL,Bolivia,LATAM,2009-12-31,2009,A,agro_pbi,11.1524074497311,% PBI,WB,World Bank,NV.AGR.TOTL.ZS,2026-06-12
BOL,Bolivia,LATAM,2010-12-31,2010,A,agro_pbi,10.3899057010594,% PBI,WB,World Bank,NV.AGR.TOTL.ZS,2026-06-12
BOL,Bolivia,LATAM,2011-12-31,2011,A,agro_pbi,9.7695858816954,% PBI,WB,World Bank,NV.AGR.TOTL.ZS,2026-06-12
BOL,Bolivia,LATAM,2012-12-31,2012,A,agro_pbi,9.8121619148328,% PBI,WB,World Bank,NV.AGR.TOTL.ZS,2026-06-12
BOL,Bolivia,LATAM,2013-12-31,2013,A,agro_pbi,9.9669794768463,% PBI,WB,World Bank,NV.AGR.TOTL.ZS,2026-06-12
BOL,Bolivia,LATAM,2014-12-31,2014,A,agro_pbi,9.74021753770169,% PBI,WB,World Bank,NV.AGR.TOTL.ZS,2026-06-12
BOL,Bolivia,LATAM,2015-12-31,2015,A,agro_pbi,10.2394941144455,% PBI,WB,World Bank,NV.AGR.TOTL.ZS,2026-06-12
BOL,Bolivia,LATAM,2016-12-31,2016,A,agro_pbi,11.1718754150532,% PBI,WB,World Bank,NV.AGR.TOTL.ZS,2026-06-12
BOL,Bolivia,LATAM,2017-12-31,2017,A,agro_pbi,7.67713722474752,% PBI,WB,World Bank,NV.AGR.TOTL.ZS,2026-06-12
BOL,Bolivia,LATAM,2018-12-31,2018,A,agro_pbi,7.45035399971013,% PBI,WB,World Bank,NV.AGR.TOTL.ZS,2026-06-12
BOL,Bolivia,LATAM,2019-12-31,2019,A,agro_pbi,7.63288264501605,% PBI,WB,World Bank,NV.AGR.TOTL.ZS,2026-06-12
BOL,Bolivia,LATAM,2020-12-31,2020,A,agro_pbi,9.12405586834666,% PBI,WB,World Bank,NV.AGR.TOTL.ZS,2026-06-12
BOL,Bolivia,LATAM,2021-12-31,2021,A,agro_pbi,8.81001912255763,% PBI,WB,World Bank,NV.AGR.TOTL.ZS,2026-06-12
BOL,Bolivia,LATAM,2022-12-31,2022,A,agro_pbi,8.66028481306177,% PBI,WB,World Bank,NV.AGR.TOTL.ZS,2026-06-12
BOL,Bolivia,LATAM,2023-12-31,2023,A,agro_pbi,9.31098009756551,% PBI,WB,World Bank,NV.AGR.TOTL.ZS,2026-06-12
BOL,Bolivia,LATAM,2024-12-31,2024,A,agro_pbi,8.82625884280481,% PBI,WB,World Bank,NV.AGR.TOTL.ZS,2026-06-12
BOL,Bolivia,LATAM,2000-12-31,2000,A,crecimiento_pbi,2.50781080899505,% anual,WB,World Bank,NY.GDP.MKTP.KD.ZG,2026-06-12
BOL,Bolivia,LATAM,2001-12-31,2001,A,crecimiento_pbi,1.68379912721821,% anual,WB,World Bank,NY.GDP.MKTP.KD.ZG,2026-06-12
BOL,Bolivia,LATAM,2002-12-31,2002,A,crecimiento_pbi,2.48556573783827,% anual,WB,World Bank,NY.GDP.MKTP.KD.ZG,2026-06-12
BOL,Bolivia,LATAM,2003-12-31,2003,A,crecimiento_pbi,2.7113398370071,% anual,WB,World Bank,NY.GDP.MKTP.KD.ZG,2026-06-12
BOL,Bolivia,LATAM,2004-12-31,2004,A,crecimiento_pbi,4.17329558916195,% anual,WB,World Bank,NY.GDP.MKTP.KD.ZG,2026-06-12
BOL,Bolivia,LATAM,2005-12-31,2005,A,crecimiento_pbi,4.42143312687995,% anual,WB,World Bank,NY.GDP.MKTP.KD.ZG,2026-06-12
BOL,Bolivia,LATAM,2006-12-31,2006,A,crecimiento_pbi,4.79700882356046,% anual,WB,World Bank,NY.GDP.MKTP.KD.ZG,2026-06-12
BOL,Bolivia,LATAM,2007-12-31,2007,A,crecimiento_pbi,4.56438426887904,% anual,WB,World Bank,NY.GDP.MKTP.KD.ZG,2026-06-12
BOL,Bolivia,LATAM,2008-12-31,2008,A,crecimiento_pbi,6.14849787462195,% anual,WB,World Bank,NY.GDP.MKTP.KD.ZG,2026-06-12
BOL,Bolivia,LATAM,2009-12-31,2009,A,crecimiento_pbi,3.35699957430558,% anual,WB,World Bank,NY.GDP.MKTP.KD.ZG,2026-06-12
BOL,Bolivia,LATAM,2010-12-31,2010,A,crecimiento_pbi,4.12672259105658,% anual,WB,World Bank,NY.GDP.MKTP.KD.ZG,2026-06-12
BOL,Bolivia,LATAM,2011-12-31,2011,A,crecimiento_pbi,5.20409244308591,% anual,WB,World Bank,NY.GDP.MKTP.KD.ZG,2026-06-12
BOL,Bolivia,LATAM,2012-12-31,2012,A,crecimiento_pbi,5.12227558091767,% anual,WB,World Bank,NY.GDP.MKTP.KD.ZG,2026-06-12
BOL,Bolivia,LATAM,2013-12-31,2013,A,crecimiento_pbi,6.79601142810857,% anual,WB,World Bank,NY.GDP.MKTP.KD.ZG,2026-06-12
BOL,Bolivia,LATAM,2014-12-31,2014,A,crecimiento_pbi,5.46056950635116,% anual,WB,World Bank,NY.GDP.MKTP.KD.ZG,2026-06-12
BOL,Bolivia,LATAM,2015-12-31,2015,A,crecimiento_pbi,4.8571871797142,% anual,WB,World Bank,NY.GDP.MKTP.KD.ZG,2026-06-12
BOL,Bolivia,LATAM,2016-12-31,2016,A,crecimiento_pbi,4.26392086382097,% anual,WB,World Bank,NY.GDP.MKTP.KD.ZG,2026-06-12
BOL,Bolivia,LATAM,2017-12-31,2017,A,crecimiento_pbi,4.19520633360403,% anual,WB,World Bank,NY.GDP.MKTP.KD.ZG,2026-06-12
BOL,Bolivia,LATAM,2018-12-31,2018,A,crecimiento_pbi,2.86808404814794,% anual,WB,World Bank,NY.GDP.MKTP.KD.ZG,2026-06-12
BOL,Bolivia,LATAM,2019-12-31,2019,A,crecimiento_pbi,1.50672102666863,% anual,WB,World Bank,NY.GDP.MKTP.KD.ZG,2026-06-12
BOL,Bolivia,LATAM,2020-12-31,2020,A,crecimiento_pbi,-12.7194690092717,% anual,WB,World Bank,NY.GDP.MKTP.KD.ZG,2026-06-12
BOL,Bolivia,LATAM,2021-12-31,2021,A,crecimiento_pbi,10.0290488827886,% anual,WB,World Bank,NY.GDP.MKTP.KD.ZG,2026-06-12
BOL,Bolivia,LATAM,2022-12-31,2022,A,crecimiento_pbi,3.74741781241461,% anual,WB,World Bank,NY.GDP.MKTP.KD.ZG,2026-06-12
BOL,Bolivia,LATAM,2023-12-31,2023,A,crecimiento_pbi,2.51636590154891,% anual,WB,World Bank,NY.GDP.MKTP.KD.ZG,2026-06-12
BOL,Bolivia,LATAM,2024-12-31,2024,A,crecimiento_pbi,-1.12335595517212,% anual,WB,World Bank,NY.GDP.MKTP.KD.ZG,2026-06-12
BOL,Bolivia,LATAM,2000-12-31,2000,A,desempleo,2.439,% población activa,WB,World Bank,SL.UEM.TOTL.ZS,2026-06-12
BOL,Bolivia,LATAM,2001-12-31,2001,A,desempleo,2.623,% población activa,WB,World Bank,SL.UEM.TOTL.ZS,2026-06-12
BOL,Bolivia,LATAM,2002-12-31,2002,A,desempleo,2.603,% población activa,WB,World Bank,SL.UEM.TOTL.ZS,2026-06-12
BOL,Bolivia,LATAM,2003-12-31,2003,A,desempleo,2.654,% población activa,WB,World Bank,SL.UEM.TOTL.ZS,2026-06-12
BOL,Bolivia,LATAM,2004-12-31,2004,A,desempleo,2.615,% población activa,WB,World Bank,SL.UEM.TOTL.ZS,2026-06-12
BOL,Bolivia,LATAM,2005-12-31,2005,A,desempleo,2.598,% población activa,WB,World Bank,SL.UEM.TOTL.ZS,2026-06-12
BOL,Bolivia,LATAM,2006-12-31,2006,A,desempleo,2.575,% población activa,WB,World Bank,SL.UEM.TOTL.ZS,2026-06-12
BOL,Bolivia,LATAM,2007-12-31,2007,A,desempleo,2.614,% población activa,WB,World Bank,SL.UEM.TOTL.ZS,2026-06-12
BOL,Bolivia,LATAM,2008-12-31,2008,A,desempleo,2.603,% población activa,WB,World Bank,SL.UEM.TOTL.ZS,2026-06-12
BOL,Bolivia,LATAM,2009-12-31,2009,A,desempleo,2.973,% población activa,WB,World Bank,SL.UEM.TOTL.ZS,2026-06-12
BOL,Bolivia,LATAM,2010-12-31,2010,A,desempleo,2.609,% población activa,WB,World Bank,SL.UEM.TOTL.ZS,2026-06-12
BOL,Bolivia,LATAM,2011-12-31,2011,A,desempleo,2.255,% población activa,WB,World Bank,SL.UEM.TOTL.ZS,2026-06-12
BOL,Bolivia,LATAM,2012-12-31,2012,A,desempleo,2.066,% población activa,WB,World Bank,SL.UEM.TOTL.ZS,2026-06-12
BOL,Bolivia,LATAM,2013-12-31,2013,A,desempleo,2.437,% población activa,WB,World Bank,SL.UEM.TOTL.ZS,2026-06-12
BOL,Bolivia,LATAM,2014-12-31,2014,A,desempleo,2.021,% población activa,WB,World Bank,SL.UEM.TOTL.ZS,2026-06-12
BOL,Bolivia,LATAM,2015-12-31,2015,A,desempleo,3.111,% población activa,WB,World Bank,SL.UEM.TOTL.ZS,2026-06-12
BOL,Bolivia,LATAM,2016-12-31,2016,A,desempleo,3.498,% población activa,WB,World Bank,SL.UEM.TOTL.ZS,2026-06-12
BOL,Bolivia,LATAM,2017-12-31,2017,A,desempleo,3.655,% población activa,WB,World Bank,SL.UEM.TOTL.ZS,2026-06-12
BOL,Bolivia,LATAM,2018-12-31,2018,A,desempleo,3.519,% población activa,WB,World Bank,SL.UEM.TOTL.ZS,2026-06-12
BOL,Bolivia,LATAM,2019-12-31,2019,A,desempleo,3.682,% población activa,WB,World Bank,SL.UEM.TOTL.ZS,2026-06-12
BOL,Bolivia,LATAM,2020-12-31,2020,A,desempleo,7.903,% población activa,WB,World Bank,SL.UEM.TOTL.ZS,2026-06-12
BOL,Bolivia,LATAM,2021-12-31,2021,A,desempleo,5.089,% población activa,WB,World Bank,SL.UEM.TOTL.ZS,2026-06-12
BOL,Bolivia,LATAM,2022-12-31,2022,A,desempleo,3.552,% población activa,WB,World Bank,SL.UEM.TOTL.ZS,2026-06-12
BOL,Bolivia,LATAM,2023-12-31,2023,A,desempleo,3.024,% población activa,WB,World Bank,SL.UEM.TOTL.ZS,2026-06-12
BOL,Bolivia,LATAM,2024-12-31,2024,A,desempleo,3.274,% población activa,WB,World Bank,SL.UEM.TOTL.ZS,2026-06-12
BOL,Bolivia,LATAM,2025-12-31,2025,A,desempleo,2.967,% población activa,WB,World Bank,SL.UEM.TOTL.ZS,2026-06-12
BOL,Bolivia,LATAM,2000-12-31,2000,A,exportaciones_pbi,18.2747449737713,% PBI,WB,World Bank,NE.EXP.GNFS.ZS,2026-06-12
BOL,Bolivia,LATAM,2001-12-31,2001,A,exportaciones_pbi,19.972149230267,% PBI,WB,World Bank,NE.EXP.GNFS.ZS,2026-06-12
BOL,Bolivia,LATAM,2002-12-31,2002,A,exportaciones_pbi,21.6344550841802,% PBI,WB,World Bank,NE.EXP.GNFS.ZS,2026-06-12
BOL,Bolivia,LATAM,2003-12-31,2003,A,exportaciones_pbi,25.6007344519017,% PBI,WB,World Bank,NE.EXP.GNFS.ZS,2026-06-12
BOL,Bolivia,LATAM,2004-12-31,2004,A,exportaciones_pbi,31.1383905185998,% PBI,WB,World Bank,NE.EXP.GNFS.ZS,2026-06-12
BOL,Bolivia,LATAM,2005-12-31,2005,A,exportaciones_pbi,35.5481429306567,% PBI,WB,World Bank,NE.EXP.GNFS.ZS,2026-06-12
BOL,Bolivia,LATAM,2006-12-31,2006,A,exportaciones_pbi,41.771714268103,% PBI,WB,World Bank,NE.EXP.GNFS.ZS,2026-06-12
BOL,Bolivia,LATAM,2007-12-31,2007,A,exportaciones_pbi,41.7956567530236,% PBI,WB,World Bank,NE.EXP.GNFS.ZS,2026-06-12
BOL,Bolivia,LATAM,2008-12-31,2008,A,exportaciones_pbi,44.9065559925589,% PBI,WB,World Bank,NE.EXP.GNFS.ZS,2026-06-12
BOL,Bolivia,LATAM,2009-12-31,2009,A,exportaciones_pbi,35.7226248254274,% PBI,WB,World Bank,NE.EXP.GNFS.ZS,2026-06-12
BOL,Bolivia,LATAM,2010-12-31,2010,A,exportaciones_pbi,41.1874561416131,% PBI,WB,World Bank,NE.EXP.GNFS.ZS,2026-06-12
BOL,Bolivia,LATAM,2011-12-31,2011,A,exportaciones_pbi,44.0917018533308,% PBI,WB,World Bank,NE.EXP.GNFS.ZS,2026-06-12
BOL,Bolivia,LATAM,2012-12-31,2012,A,exportaciones_pbi,47.1661966249317,% PBI,WB,World Bank,NE.EXP.GNFS.ZS,2026-06-12
BOL,Bolivia,LATAM,2013-12-31,2013,A,exportaciones_pbi,44.0924795250944,% PBI,WB,World Bank,NE.EXP.GNFS.ZS,2026-06-12
BOL,Bolivia,LATAM,2014-12-31,2014,A,exportaciones_pbi,43.2930879909317,% PBI,WB,World Bank,NE.EXP.GNFS.ZS,2026-06-12
BOL,Bolivia,LATAM,2015-12-31,2015,A,exportaciones_pbi,30.8682960291245,% PBI,WB,World Bank,NE.EXP.GNFS.ZS,2026-06-12
BOL,Bolivia,LATAM,2016-12-31,2016,A,exportaciones_pbi,24.4880055394464,% PBI,WB,World Bank,NE.EXP.GNFS.ZS,2026-06-12
BOL,Bolivia,LATAM,2017-12-31,2017,A,exportaciones_pbi,19.5388666685088,% PBI,WB,World Bank,NE.EXP.GNFS.ZS,2026-06-12
BOL,Bolivia,LATAM,2018-12-31,2018,A,exportaciones_pbi,20.3550589285544,% PBI,WB,World Bank,NE.EXP.GNFS.ZS,2026-06-12
BOL,Bolivia,LATAM,2019-12-31,2019,A,exportaciones_pbi,20.0474399352249,% PBI,WB,World Bank,NE.EXP.GNFS.ZS,2026-06-12
BOL,Bolivia,LATAM,2020-12-31,2020,A,exportaciones_pbi,16.8717531697786,% PBI,WB,World Bank,NE.EXP.GNFS.ZS,2026-06-12
BOL,Bolivia,LATAM,2021-12-31,2021,A,exportaciones_pbi,23.5525156265644,% PBI,WB,World Bank,NE.EXP.GNFS.ZS,2026-06-12
BOL,Bolivia,LATAM,2022-12-31,2022,A,exportaciones_pbi,27.7939915042015,% PBI,WB,World Bank,NE.EXP.GNFS.ZS,2026-06-12
BOL,Bolivia,LATAM,2023-12-31,2023,A,exportaciones_pbi,22.4028095381649,% PBI,WB,World Bank,NE.EXP.GNFS.ZS,2026-06-12
BOL,Bolivia,LATAM,2024-12-31,2024,A,exportaciones_pbi,21.4350624296,% PBI,WB,World Bank,NE.EXP.GNFS.ZS,2026-06-12
BOL,Bolivia,LATAM,2000-12-31,2000,A,importaciones_pbi,27.3230300480841,% PBI,WB,World Bank,NE.IMP.GNFS.ZS,2026-06-12
BOL,Bolivia,LATAM,2001-12-31,2001,A,importaciones_pbi,25.2556732012852,% PBI,WB,World Bank,NE.IMP.GNFS.ZS,2026-06-12
BOL,Bolivia,LATAM,2002-12-31,2002,A,importaciones_pbi,27.7158052884154,% PBI,WB,World Bank,NE.IMP.GNFS.ZS,2026-06-12
BOL,Bolivia,LATAM,2003-12-31,2003,A,importaciones_pbi,26.3671019920853,% PBI,WB,World Bank,NE.IMP.GNFS.ZS,2026-06-12
BOL,Bolivia,LATAM,2004-12-31,2004,A,importaciones_pbi,26.3258755715318,% PBI,WB,World Bank,NE.IMP.GNFS.ZS,2026-06-12
BOL,Bolivia,LATAM,2005-12-31,2005,A,importaciones_pbi,32.0937984307176,% PBI,WB,World Bank,NE.IMP.GNFS.ZS,2026-06-12
BOL,Bolivia,LATAM,2006-12-31,2006,A,importaciones_pbi,32.766134163444,% PBI,WB,World Bank,NE.IMP.GNFS.ZS,2026-06-12
BOL,Bolivia,LATAM,2007-12-31,2007,A,importaciones_pbi,34.2662546945912,% PBI,WB,World Bank,NE.IMP.GNFS.ZS,2026-06-12
BOL,Bolivia,LATAM,2008-12-31,2008,A,importaciones_pbi,37.9604649036209,% PBI,WB,World Bank,NE.IMP.GNFS.ZS,2026-06-12
BOL,Bolivia,LATAM,2009-12-31,2009,A,importaciones_pbi,32.9044490873317,% PBI,WB,World Bank,NE.IMP.GNFS.ZS,2026-06-12
BOL,Bolivia,LATAM,2010-12-31,2010,A,importaciones_pbi,34.3241701096745,% PBI,WB,World Bank,NE.IMP.GNFS.ZS,2026-06-12
BOL,Bolivia,LATAM,2011-12-31,2011,A,importaciones_pbi,38.388693571021,% PBI,WB,World Bank,NE.IMP.GNFS.ZS,2026-06-12
BOL,Bolivia,LATAM,2012-12-31,2012,A,importaciones_pbi,37.7825645435625,% PBI,WB,World Bank,NE.IMP.GNFS.ZS,2026-06-12
BOL,Bolivia,LATAM,2013-12-31,2013,A,importaciones_pbi,37.138428001623,% PBI,WB,World Bank,NE.IMP.GNFS.ZS,2026-06-12
BOL,Bolivia,LATAM,2014-12-31,2014,A,importaciones_pbi,41.9713815715814,% PBI,WB,World Bank,NE.IMP.GNFS.ZS,2026-06-12
BOL,Bolivia,LATAM,2015-12-31,2015,A,importaciones_pbi,37.0645491614003,% PBI,WB,World Bank,NE.IMP.GNFS.ZS,2026-06-12
BOL,Bolivia,LATAM,2016-12-31,2016,A,importaciones_pbi,31.9130289632108,% PBI,WB,World Bank,NE.IMP.GNFS.ZS,2026-06-12
BOL,Bolivia,LATAM,2017-12-31,2017,A,importaciones_pbi,26.037245696562,% PBI,WB,World Bank,NE.IMP.GNFS.ZS,2026-06-12
BOL,Bolivia,LATAM,2018-12-31,2018,A,importaciones_pbi,26.5711364131824,% PBI,WB,World Bank,NE.IMP.GNFS.ZS,2026-06-12
BOL,Bolivia,LATAM,2019-12-31,2019,A,importaciones_pbi,25.7735333396775,% PBI,WB,World Bank,NE.IMP.GNFS.ZS,2026-06-12
BOL,Bolivia,LATAM,2020-12-31,2020,A,importaciones_pbi,20.64468107487,% PBI,WB,World Bank,NE.IMP.GNFS.ZS,2026-06-12
BOL,Bolivia,LATAM,2021-12-31,2021,A,importaciones_pbi,24.114568689334,% PBI,WB,World Bank,NE.IMP.GNFS.ZS,2026-06-12
BOL,Bolivia,LATAM,2022-12-31,2022,A,importaciones_pbi,29.7309420747615,% PBI,WB,World Bank,NE.IMP.GNFS.ZS,2026-06-12
BOL,Bolivia,LATAM,2023-12-31,2023,A,importaciones_pbi,27.2055160212948,% PBI,WB,World Bank,NE.IMP.GNFS.ZS,2026-06-12
BOL,Bolivia,LATAM,2024-12-31,2024,A,importaciones_pbi,25.5428091852403,% PBI,WB,World Bank,NE.IMP.GNFS.ZS,2026-06-12
BOL,Bolivia,LATAM,2000-12-31,2000,A,industria_pbi,25.7390221812353,% PBI,WB,World Bank,NV.IND.TOTL.ZS,2026-06-12
BOL,Bolivia,LATAM,2001-12-31,2001,A,industria_pbi,25.4206764753126,% PBI,WB,World Bank,NV.IND.TOTL.ZS,2026-06-12
BOL,Bolivia,LATAM,2002-12-31,2002,A,industria_pbi,25.4735692447779,% PBI,WB,World Bank,NV.IND.TOTL.ZS,2026-06-12
BOL,Bolivia,LATAM,2003-12-31,2003,A,industria_pbi,25.5964904919612,% PBI,WB,World Bank,NV.IND.TOTL.ZS,2026-06-12
BOL,Bolivia,LATAM,2004-12-31,2004,A,industria_pbi,26.8396494762825,% PBI,WB,World Bank,NV.IND.TOTL.ZS,2026-06-12
BOL,Bolivia,LATAM,2005-12-31,2005,A,industria_pbi,26.2692194219914,% PBI,WB,World Bank,NV.IND.TOTL.ZS,2026-06-12
BOL,Bolivia,LATAM,2006-12-31,2006,A,industria_pbi,27.652247464959,% PBI,WB,World Bank,NV.IND.TOTL.ZS,2026-06-12
BOL,Bolivia,LATAM,2007-12-31,2007,A,industria_pbi,28.2897904061027,% PBI,WB,World Bank,NV.IND.TOTL.ZS,2026-06-12
BOL,Bolivia,LATAM,2008-12-31,2008,A,industria_pbi,29.7366397824222,% PBI,WB,World Bank,NV.IND.TOTL.ZS,2026-06-12
BOL,Bolivia,LATAM,2009-12-31,2009,A,industria_pbi,29.2286844945559,% PBI,WB,World Bank,NV.IND.TOTL.ZS,2026-06-12
BOL,Bolivia,LATAM,2010-12-31,2010,A,industria_pbi,30.1439417460822,% PBI,WB,World Bank,NV.IND.TOTL.ZS,2026-06-12
BOL,Bolivia,LATAM,2011-12-31,2011,A,industria_pbi,30.3691066361261,% PBI,WB,World Bank,NV.IND.TOTL.ZS,2026-06-12
BOL,Bolivia,LATAM,2012-12-31,2012,A,industria_pbi,29.3342196293346,% PBI,WB,World Bank,NV.IND.TOTL.ZS,2026-06-12
BOL,Bolivia,LATAM,2013-12-31,2013,A,industria_pbi,28.5181929044884,% PBI,WB,World Bank,NV.IND.TOTL.ZS,2026-06-12
BOL,Bolivia,LATAM,2014-12-31,2014,A,industria_pbi,27.6254998805738,% PBI,WB,World Bank,NV.IND.TOTL.ZS,2026-06-12
BOL,Bolivia,LATAM,2015-12-31,2015,A,industria_pbi,25.2024162838659,% PBI,WB,World Bank,NV.IND.TOTL.ZS,2026-06-12
BOL,Bolivia,LATAM,2016-12-31,2016,A,industria_pbi,25.3263589797711,% PBI,WB,World Bank,NV.IND.TOTL.ZS,2026-06-12
BOL,Bolivia,LATAM,2017-12-31,2017,A,industria_pbi,30.1846229804293,% PBI,WB,World Bank,NV.IND.TOTL.ZS,2026-06-12
BOL,Bolivia,LATAM,2018-12-31,2018,A,industria_pbi,30.385489117214,% PBI,WB,World Bank,NV.IND.TOTL.ZS,2026-06-12
BOL,Bolivia,LATAM,2019-12-31,2019,A,industria_pbi,30.4627271604529,% PBI,WB,World Bank,NV.IND.TOTL.ZS,2026-06-12
BOL,Bolivia,LATAM,2020-12-31,2020,A,industria_pbi,27.2757447830119,% PBI,WB,World Bank,NV.IND.TOTL.ZS,2026-06-12
BOL,Bolivia,LATAM,2021-12-31,2021,A,industria_pbi,30.8437936181153,% PBI,WB,World Bank,NV.IND.TOTL.ZS,2026-06-12
BOL,Bolivia,LATAM,2022-12-31,2022,A,industria_pbi,32.0192722610323,% PBI,WB,World Bank,NV.IND.TOTL.ZS,2026-06-12
BOL,Bolivia,LATAM,2023-12-31,2023,A,industria_pbi,29.7722060416097,% PBI,WB,World Bank,NV.IND.TOTL.ZS,2026-06-12
BOL,Bolivia,LATAM,2024-12-31,2024,A,industria_pbi,31.2590732889611,% PBI,WB,World Bank,NV.IND.TOTL.ZS,2026-06-12
BOL,Bolivia,LATAM,2000-12-31,2000,A,inflacion,4.60822998872598,% anual,WB,World Bank,FP.CPI.TOTL.ZG,2026-06-12
BOL,Bolivia,LATAM,2001-12-31,2001,A,inflacion,1.58965377879567,% anual,WB,World Bank,FP.CPI.TOTL.ZG,2026-06-12
BOL,Bolivia,LATAM,2002-12-31,2002,A,inflacion,0.928258851611069,% anual,WB,World Bank,FP.CPI.TOTL.ZG,2026-06-12
BOL,Bolivia,LATAM,2003-12-31,2003,A,inflacion,3.33727499671533,% anual,WB,World Bank,FP.CPI.TOTL.ZG,2026-06-12
BOL,Bolivia,LATAM,2004-12-31,2004,A,inflacion,4.43738080101724,% anual,WB,World Bank,FP.CPI.TOTL.ZG,2026-06-12
BOL,Bolivia,LATAM,2005-12-31,2005,A,inflacion,5.39323106890663,% anual,WB,World Bank,FP.CPI.TOTL.ZG,2026-06-12
BOL,Bolivia,LATAM,2006-12-31,2006,A,inflacion,4.28239604802561,% anual,WB,World Bank,FP.CPI.TOTL.ZG,2026-06-12
BOL,Bolivia,LATAM,2007-12-31,2007,A,inflacion,8.70560923578869,% anual,WB,World Bank,FP.CPI.TOTL.ZG,2026-06-12
BOL,Bolivia,LATAM,2008-12-31,2008,A,inflacion,14.0068107702519,% anual,WB,World Bank,FP.CPI.TOTL.ZG,2026-06-12
BOL,Bolivia,LATAM,2009-12-31,2009,A,inflacion,3.34645420142013,% anual,WB,World Bank,FP.CPI.TOTL.ZG,2026-06-12
BOL,Bolivia,LATAM,2010-12-31,2010,A,inflacion,2.5032760584424,% anual,WB,World Bank,FP.CPI.TOTL.ZG,2026-06-12
BOL,Bolivia,LATAM,2011-12-31,2011,A,inflacion,9.88446419823883,% anual,WB,World Bank,FP.CPI.TOTL.ZG,2026-06-12
BOL,Bolivia,LATAM,2012-12-31,2012,A,inflacion,4.51560291399375,% anual,WB,World Bank,FP.CPI.TOTL.ZG,2026-06-12
BOL,Bolivia,LATAM,2013-12-31,2013,A,inflacion,5.73640023719606,% anual,WB,World Bank,FP.CPI.TOTL.ZG,2026-06-12
BOL,Bolivia,LATAM,2014-12-31,2014,A,inflacion,5.76660074579143,% anual,WB,World Bank,FP.CPI.TOTL.ZG,2026-06-12
BOL,Bolivia,LATAM,2015-12-31,2015,A,inflacion,4.05961041135644,% anual,WB,World Bank,FP.CPI.TOTL.ZG,2026-06-12
BOL,Bolivia,LATAM,2016-12-31,2016,A,inflacion,3.62321431764138,% anual,WB,World Bank,FP.CPI.TOTL.ZG,2026-06-12
BOL,Bolivia,LATAM,2017-12-31,2017,A,inflacion,2.8227580554717,% anual,WB,World Bank,FP.CPI.TOTL.ZG,2026-06-12
BOL,Bolivia,LATAM,2018-12-31,2018,A,inflacion,2.27205987230154,% anual,WB,World Bank,FP.CPI.TOTL.ZG,2026-06-12
BOL,Bolivia,LATAM,2019-12-31,2019,A,inflacion,1.83954504969025,% anual,WB,World Bank,FP.CPI.TOTL.ZG,2026-06-12
BOL,Bolivia,LATAM,2020-12-31,2020,A,inflacion,0.940742153381849,% anual,WB,World Bank,FP.CPI.TOTL.ZG,2026-06-12
BOL,Bolivia,LATAM,2021-12-31,2021,A,inflacion,0.737383721452274,% anual,WB,World Bank,FP.CPI.TOTL.ZG,2026-06-12
BOL,Bolivia,LATAM,2022-12-31,2022,A,inflacion,1.74632872945968,% anual,WB,World Bank,FP.CPI.TOTL.ZG,2026-06-12
BOL,Bolivia,LATAM,2023-12-31,2023,A,inflacion,2.57688800489192,% anual,WB,World Bank,FP.CPI.TOTL.ZG,2026-06-12
BOL,Bolivia,LATAM,2024-12-31,2024,A,inflacion,5.09976568317427,% anual,WB,World Bank,FP.CPI.TOTL.ZG,2026-06-12
BOL,Bolivia,LATAM,2000-12-31,2000,A,inversion_pbi,18.1434786934628,% PBI,WB,World Bank,NE.GDI.TOTL.ZS,2026-06-12
BOL,Bolivia,LATAM,2001-12-31,2001,A,inversion_pbi,14.2684344660588,% PBI,WB,World Bank,NE.GDI.TOTL.ZS,2026-06-12
BOL,Bolivia,LATAM,2002-12-31,2002,A,inversion_pbi,16.294673391902,% PBI,WB,World Bank,NE.GDI.TOTL.ZS,2026-06-12
BOL,Bolivia,LATAM,2003-12-31,2003,A,inversion_pbi,13.2320723069973,% PBI,WB,World Bank,NE.GDI.TOTL.ZS,2026-06-12
BOL,Bolivia,LATAM,2004-12-31,2004,A,inversion_pbi,11.0217031489009,% PBI,WB,World Bank,NE.GDI.TOTL.ZS,2026-06-12
BOL,Bolivia,LATAM,2005-12-31,2005,A,inversion_pbi,14.2536216336637,% PBI,WB,World Bank,NE.GDI.TOTL.ZS,2026-06-12
BOL,Bolivia,LATAM,2006-12-31,2006,A,inversion_pbi,13.8653311051279,% PBI,WB,World Bank,NE.GDI.TOTL.ZS,2026-06-12
BOL,Bolivia,LATAM,2007-12-31,2007,A,inversion_pbi,15.1866548549559,% PBI,WB,World Bank,NE.GDI.TOTL.ZS,2026-06-12
BOL,Bolivia,LATAM,2008-12-31,2008,A,inversion_pbi,17.5527400611141,% PBI,WB,World Bank,NE.GDI.TOTL.ZS,2026-06-12
BOL,Bolivia,LATAM,2009-12-31,2009,A,inversion_pbi,16.971260971496,% PBI,WB,World Bank,NE.GDI.TOTL.ZS,2026-06-12
BOL,Bolivia,LATAM,2010-12-31,2010,A,inversion_pbi,17.0070184588469,% PBI,WB,World Bank,NE.GDI.TOTL.ZS,2026-06-12
BOL,Bolivia,LATAM,2011-12-31,2011,A,inversion_pbi,19.8155524290026,% PBI,WB,World Bank,NE.GDI.TOTL.ZS,2026-06-12
BOL,Bolivia,LATAM,2012-12-31,2012,A,inversion_pbi,17.6729919914841,% PBI,WB,World Bank,NE.GDI.TOTL.ZS,2026-06-12
BOL,Bolivia,LATAM,2013-12-31,2013,A,inversion_pbi,19.0177268858945,% PBI,WB,World Bank,NE.GDI.TOTL.ZS,2026-06-12
BOL,Bolivia,LATAM,2014-12-31,2014,A,inversion_pbi,21.0337970312715,% PBI,WB,World Bank,NE.GDI.TOTL.ZS,2026-06-12
BOL,Bolivia,LATAM,2015-12-31,2015,A,inversion_pbi,20.2812768788265,% PBI,WB,World Bank,NE.GDI.TOTL.ZS,2026-06-12
BOL,Bolivia,LATAM,2016-12-31,2016,A,inversion_pbi,21.0573618533858,% PBI,WB,World Bank,NE.GDI.TOTL.ZS,2026-06-12
BOL,Bolivia,LATAM,2017-12-31,2017,A,inversion_pbi,24.3763407852814,% PBI,WB,World Bank,NE.GDI.TOTL.ZS,2026-06-12
BOL,Bolivia,LATAM,2018-12-31,2018,A,inversion_pbi,24.0294938980641,% PBI,WB,World Bank,NE.GDI.TOTL.ZS,2026-06-12
BOL,Bolivia,LATAM,2019-12-31,2019,A,inversion_pbi,22.7024136915554,% PBI,WB,World Bank,NE.GDI.TOTL.ZS,2026-06-12
BOL,Bolivia,LATAM,2020-12-31,2020,A,inversion_pbi,17.268345922029,% PBI,WB,World Bank,NE.GDI.TOTL.ZS,2026-06-12
BOL,Bolivia,LATAM,2021-12-31,2021,A,inversion_pbi,17.7866439972031,% PBI,WB,World Bank,NE.GDI.TOTL.ZS,2026-06-12
BOL,Bolivia,LATAM,2022-12-31,2022,A,inversion_pbi,18.0408015748368,% PBI,WB,World Bank,NE.GDI.TOTL.ZS,2026-06-12
BOL,Bolivia,LATAM,2023-12-31,2023,A,inversion_pbi,18.9835359683279,% PBI,WB,World Bank,NE.GDI.TOTL.ZS,2026-06-12
BOL,Bolivia,LATAM,2024-12-31,2024,A,inversion_pbi,17.9470160851028,% PBI,WB,World Bank,NE.GDI.TOTL.ZS,2026-06-12
BOL,Bolivia,LATAM,2000-12-31,2000,A,manufactura_pbi,13.2411058398516,% PBI,WB,World Bank,NV.IND.MANF.ZS,2026-06-12
BOL,Bolivia,LATAM,2001-12-31,2001,A,manufactura_pbi,13.3447719203847,% PBI,WB,World Bank,NV.IND.MANF.ZS,2026-06-12
BOL,Bolivia,LATAM,2002-12-31,2002,A,manufactura_pbi,13.0354217893501,% PBI,WB,World Bank,NV.IND.MANF.ZS,2026-06-12
BOL,Bolivia,LATAM,2003-12-31,2003,A,manufactura_pbi,12.7844476107651,% PBI,WB,World Bank,NV.IND.MANF.ZS,2026-06-12
BOL,Bolivia,LATAM,2004-12-31,2004,A,manufactura_pbi,12.5074546204993,% PBI,WB,World Bank,NV.IND.MANF.ZS,2026-06-12
BOL,Bolivia,LATAM,2005-12-31,2005,A,manufactura_pbi,11.6269448883483,% PBI,WB,World Bank,NV.IND.MANF.ZS,2026-06-12
BOL,Bolivia,LATAM,2006-12-31,2006,A,manufactura_pbi,11.3316028641399,% PBI,WB,World Bank,NV.IND.MANF.ZS,2026-06-12
BOL,Bolivia,LATAM,2007-12-31,2007,A,manufactura_pbi,11.414916152174,% PBI,WB,World Bank,NV.IND.MANF.ZS,2026-06-12
BOL,Bolivia,LATAM,2008-12-31,2008,A,manufactura_pbi,11.1684738555863,% PBI,WB,World Bank,NV.IND.MANF.ZS,2026-06-12
BOL,Bolivia,LATAM,2009-12-31,2009,A,manufactura_pbi,11.616725705404,% PBI,WB,World Bank,NV.IND.MANF.ZS,2026-06-12
BOL,Bolivia,LATAM,2010-12-31,2010,A,manufactura_pbi,11.2700224741776,% PBI,WB,World Bank,NV.IND.MANF.ZS,2026-06-12
BOL,Bolivia,LATAM,2011-12-31,2011,A,manufactura_pbi,10.3384637671598,% PBI,WB,World Bank,NV.IND.MANF.ZS,2026-06-12
BOL,Bolivia,LATAM,2012-12-31,2012,A,manufactura_pbi,10.2142087811062,% PBI,WB,World Bank,NV.IND.MANF.ZS,2026-06-12
BOL,Bolivia,LATAM,2013-12-31,2013,A,manufactura_pbi,9.92781122691066,% PBI,WB,World Bank,NV.IND.MANF.ZS,2026-06-12
BOL,Bolivia,LATAM,2014-12-31,2014,A,manufactura_pbi,9.73832796276455,% PBI,WB,World Bank,NV.IND.MANF.ZS,2026-06-12
BOL,Bolivia,LATAM,2015-12-31,2015,A,manufactura_pbi,10.1911908480799,% PBI,WB,World Bank,NV.IND.MANF.ZS,2026-06-12
BOL,Bolivia,LATAM,2016-12-31,2016,A,manufactura_pbi,10.9842215418371,% PBI,WB,World Bank,NV.IND.MANF.ZS,2026-06-12
BOL,Bolivia,LATAM,2017-12-31,2017,A,manufactura_pbi,11.56848905963,% PBI,WB,World Bank,NV.IND.MANF.ZS,2026-06-12
BOL,Bolivia,LATAM,2018-12-31,2018,A,manufactura_pbi,11.1822958503404,% PBI,WB,World Bank,NV.IND.MANF.ZS,2026-06-12
BOL,Bolivia,LATAM,2019-12-31,2019,A,manufactura_pbi,11.2386028232878,% PBI,WB,World Bank,NV.IND.MANF.ZS,2026-06-12
BOL,Bolivia,LATAM,2020-12-31,2020,A,manufactura_pbi,11.3585790219585,% PBI,WB,World Bank,NV.IND.MANF.ZS,2026-06-12
BOL,Bolivia,LATAM,2021-12-31,2021,A,manufactura_pbi,12.0231811729003,% PBI,WB,World Bank,NV.IND.MANF.ZS,2026-06-12
BOL,Bolivia,LATAM,2022-12-31,2022,A,manufactura_pbi,12.256215481153,% PBI,WB,World Bank,NV.IND.MANF.ZS,2026-06-12
BOL,Bolivia,LATAM,2023-12-31,2023,A,manufactura_pbi,11.835923096148,% PBI,WB,World Bank,NV.IND.MANF.ZS,2026-06-12
BOL,Bolivia,LATAM,2024-12-31,2024,A,manufactura_pbi,13.0661500585552,% PBI,WB,World Bank,NV.IND.MANF.ZS,2026-06-12
BOL,Bolivia,LATAM,2000-12-31,2000,A,pbi,8397855484.76908,USD actuales,WB,World Bank,NY.GDP.MKTP.CD,2026-06-12
BOL,Bolivia,LATAM,2001-12-31,2001,A,pbi,8141516928.39489,USD actuales,WB,World Bank,NY.GDP.MKTP.CD,2026-06-12
BOL,Bolivia,LATAM,2002-12-31,2002,A,pbi,7905485146.44351,USD actuales,WB,World Bank,NY.GDP.MKTP.CD,2026-06-12
BOL,Bolivia,LATAM,2003-12-31,2003,A,pbi,8082399639.54305,USD actuales,WB,World Bank,NY.GDP.MKTP.CD,2026-06-12
BOL,Bolivia,LATAM,2004-12-31,2004,A,pbi,8773451751.5121,USD actuales,WB,World Bank,NY.GDP.MKTP.CD,2026-06-12
BOL,Bolivia,LATAM,2005-12-31,2005,A,pbi,9549122905.32852,USD actuales,WB,World Bank,NY.GDP.MKTP.CD,2026-06-12
BOL,Bolivia,LATAM,2006-12-31,2006,A,pbi,11451844902.2214,USD actuales,WB,World Bank,NY.GDP.MKTP.CD,2026-06-12
BOL,Bolivia,LATAM,2007-12-31,2007,A,pbi,13120108008.3477,USD actuales,WB,World Bank,NY.GDP.MKTP.CD,2026-06-12
BOL,Bolivia,LATAM,2008-12-31,2008,A,pbi,16674276285.8956,USD actuales,WB,World Bank,NY.GDP.MKTP.CD,2026-06-12
BOL,Bolivia,LATAM,2009-12-31,2009,A,pbi,17339992193.7322,USD actuales,WB,World Bank,NY.GDP.MKTP.CD,2026-06-12
BOL,Bolivia,LATAM,2010-12-31,2010,A,pbi,19649723722.1034,USD actuales,WB,World Bank,NY.GDP.MKTP.CD,2026-06-12
BOL,Bolivia,LATAM,2011-12-31,2011,A,pbi,23963164696.592,USD actuales,WB,World Bank,NY.GDP.MKTP.CD,2026-06-12
BOL,Bolivia,LATAM,2012-12-31,2012,A,pbi,27084497481.9103,USD actuales,WB,World Bank,NY.GDP.MKTP.CD,2026-06-12
BOL,Bolivia,LATAM,2013-12-31,2013,A,pbi,30659338885.6729,USD actuales,WB,World Bank,NY.GDP.MKTP.CD,2026-06-12
BOL,Bolivia,LATAM,2014-12-31,2014,A,pbi,32996188017.3661,USD actuales,WB,World Bank,NY.GDP.MKTP.CD,2026-06-12
BOL,Bolivia,LATAM,2015-12-31,2015,A,pbi,33000198248.9146,USD actuales,WB,World Bank,NY.GDP.MKTP.CD,2026-06-12
BOL,Bolivia,LATAM,2016-12-31,2016,A,pbi,33941126193.9219,USD actuales,WB,World Bank,NY.GDP.MKTP.CD,2026-06-12
BOL,Bolivia,LATAM,2017-12-31,2017,A,pbi,45927439594.7902,USD actuales,WB,World Bank,NY.GDP.MKTP.CD,2026-06-12
BOL,Bolivia,LATAM,2018-12-31,2018,A,pbi,48414038842.2576,USD actuales,WB,World Bank,NY.GDP.MKTP.CD,2026-06-12
BOL,Bolivia,LATAM,2019-12-31,2019,A,pbi,49056643589.0014,USD actuales,WB,World Bank,NY.GDP.MKTP.CD,2026-06-12
BOL,Bolivia,LATAM,2020-12-31,2020,A,pbi,42313784081.042,USD actuales,WB,World Bank,NY.GDP.MKTP.CD,2026-06-12
BOL,Bolivia,LATAM,2021-12-31,2021,A,pbi,47877892402.3155,USD actuales,WB,World Bank,NY.GDP.MKTP.CD,2026-06-12
BOL,Bolivia,LATAM,2022-12-31,2022,A,pbi,50959081953.6903,USD actuales,WB,World Bank,NY.GDP.MKTP.CD,2026-06-12
BOL,Bolivia,LATAM,2023-12-31,2023,A,pbi,52340206946.4544,USD actuales,WB,World Bank,NY.GDP.MKTP.CD,2026-06-12
BOL,Bolivia,LATAM,2024-12-31,2024,A,pbi,54881327452.9667,USD actuales,WB,World Bank,NY.GDP.MKTP.CD,2026-06-12
BOL,Bolivia,LATAM,2000-12-31,2000,A,pbi_per_capita,975.777060358751,USD actuales,WB,World Bank,NY.GDP.PCAP.CD,2026-06-12
BOL,Bolivia,LATAM,2001-12-31,2001,A,pbi_per_capita,930.168227214313,USD actuales,WB,World Bank,NY.GDP.PCAP.CD,2026-06-12
BOL,Bolivia,LATAM,2002-12-31,2002,A,pbi_per_capita,888.221328974352,USD actuales,WB,World Bank,NY.GDP.PCAP.CD,2026-06-12
BOL,Bolivia,LATAM,2003-12-31,2003,A,pbi_per_capita,893.013760211149,USD actuales,WB,World Bank,NY.GDP.PCAP.CD,2026-06-12
BOL,Bolivia,LATAM,2004-12-31,2004,A,pbi_per_capita,953.191893246277,USD actuales,WB,World Bank,NY.GDP.PCAP.CD,2026-06-12
BOL,Bolivia,LATAM,2005-12-31,2005,A,pbi_per_capita,1020.12326200737,USD actuales,WB,World Bank,NY.GDP.PCAP.CD,2026-06-12
BOL,Bolivia,LATAM,2006-12-31,2006,A,pbi_per_capita,1202.71150446327,USD actuales,WB,World Bank,NY.GDP.PCAP.CD,2026-06-12
BOL,Bolivia,LATAM,2007-12-31,2007,A,pbi_per_capita,1354.54905949929,USD actuales,WB,World Bank,NY.GDP.PCAP.CD,2026-06-12
BOL,Bolivia,LATAM,2008-12-31,2008,A,pbi_per_capita,1692.67248455876,USD actuales,WB,World Bank,NY.GDP.PCAP.CD,2026-06-12
BOL,Bolivia,LATAM,2009-12-31,2009,A,pbi_per_capita,1731.18172112209,USD actuales,WB,World Bank,NY.GDP.PCAP.CD,2026-06-12
BOL,Bolivia,LATAM,2010-12-31,2010,A,pbi_per_capita,1929.78373077158,USD actuales,WB,World Bank,NY.GDP.PCAP.CD,2026-06-12
BOL,Bolivia,LATAM,2011-12-31,2011,A,pbi_per_capita,2315.52121930607,USD actuales,WB,World Bank,NY.GDP.PCAP.CD,2026-06-12
BOL,Bolivia,LATAM,2012-12-31,2012,A,pbi_per_capita,2575.59857098084,USD actuales,WB,World Bank,NY.GDP.PCAP.CD,2026-06-12
BOL,Bolivia,LATAM,2013-12-31,2013,A,pbi_per_capita,2870.02377000756,USD actuales,WB,World Bank,NY.GDP.PCAP.CD,2026-06-12
BOL,Bolivia,LATAM,2014-12-31,2014,A,pbi_per_capita,3041.43503162408,USD actuales,WB,World Bank,NY.GDP.PCAP.CD,2026-06-12
BOL,Bolivia,LATAM,2015-12-31,2015,A,pbi_per_capita,2996.01289811344,USD actuales,WB,World Bank,NY.GDP.PCAP.CD,2026-06-12
BOL,Bolivia,LATAM,2016-12-31,2016,A,pbi_per_capita,3035.87347732132,USD actuales,WB,World Bank,NY.GDP.PCAP.CD,2026-06-12
BOL,Bolivia,LATAM,2017-12-31,2017,A,pbi_per_capita,4048.40119739839,USD actuales,WB,World Bank,NY.GDP.PCAP.CD,2026-06-12
BOL,Bolivia,LATAM,2018-12-31,2018,A,pbi_per_capita,4206.8552936661,USD actuales,WB,World Bank,NY.GDP.PCAP.CD,2026-06-12
BOL,Bolivia,LATAM,2019-12-31,2019,A,pbi_per_capita,4203.15492855788,USD actuales,WB,World Bank,NY.GDP.PCAP.CD,2026-06-12
BOL,Bolivia,LATAM,2020-12-31,2020,A,pbi_per_capita,3580.96761778303,USD actuales,WB,World Bank,NY.GDP.PCAP.CD,2026-06-12
BOL,Bolivia,LATAM,2021-12-31,2021,A,pbi_per_capita,4010.76053686204,USD actuales,WB,World Bank,NY.GDP.PCAP.CD,2026-06-12
BOL,Bolivia,LATAM,2022-12-31,2022,A,pbi_per_capita,4219.46113742445,USD actuales,WB,World Bank,NY.GDP.PCAP.CD,2026-06-12
BOL,Bolivia,LATAM,2023-12-31,2023,A,pbi_per_capita,4274.70820547613,USD actuales,WB,World Bank,NY.GDP.PCAP.CD,2026-06-12
BOL,Bolivia,LATAM,2024-12-31,2024,A,pbi_per_capita,4421.16609889999,USD actuales,WB,World Bank,NY.GDP.PCAP.CD,2026-06-12
BOL,Bolivia,LATAM,2000-12-31,2000,A,poblacion,8606326.0,personas,WB,World Bank,SP.POP.TOTL,2026-06-12
BOL,Bolivia,LATAM,2001-12-31,2001,A,poblacion,8752736.0,personas,WB,World Bank,SP.POP.TOTL,2026-06-12
BOL,Bolivia,LATAM,2002-12-31,2002,A,poblacion,8900355.0,personas,WB,World Bank,SP.POP.TOTL,2026-06-12
BOL,Bolivia,LATAM,2003-12-31,2003,A,poblacion,9050700.0,personas,WB,World Bank,SP.POP.TOTL,2026-06-12
BOL,Bolivia,LATAM,2004-12-31,2004,A,poblacion,9204287.0,personas,WB,World Bank,SP.POP.TOTL,2026-06-12
BOL,Bolivia,LATAM,2005-12-31,2005,A,poblacion,9360754.0,personas,WB,World Bank,SP.POP.TOTL,2026-06-12
BOL,Bolivia,LATAM,2006-12-31,2006,A,poblacion,9521689.0,personas,WB,World Bank,SP.POP.TOTL,2026-06-12
BOL,Bolivia,LATAM,2007-12-31,2007,A,poblacion,9685960.0,personas,WB,World Bank,SP.POP.TOTL,2026-06-12
BOL,Bolivia,LATAM,2008-12-31,2008,A,poblacion,9850858.0,personas,WB,World Bank,SP.POP.TOTL,2026-06-12
BOL,Bolivia,LATAM,2009-12-31,2009,A,poblacion,10016275.0,personas,WB,World Bank,SP.POP.TOTL,2026-06-12
BOL,Bolivia,LATAM,2010-12-31,2010,A,poblacion,10182345.0,personas,WB,World Bank,SP.POP.TOTL,2026-06-12
BOL,Bolivia,LATAM,2011-12-31,2011,A,poblacion,10348929.0,personas,WB,World Bank,SP.POP.TOTL,2026-06-12
BOL,Bolivia,LATAM,2012-12-31,2012,A,poblacion,10515807.0,personas,WB,World Bank,SP.POP.TOTL,2026-06-12
BOL,Bolivia,LATAM,2013-12-31,2013,A,poblacion,10682608.0,personas,WB,World Bank,SP.POP.TOTL,2026-06-12
BOL,Bolivia,LATAM,2014-12-31,2014,A,poblacion,10848888.0,personas,WB,World Bank,SP.POP.TOTL,2026-06-12
BOL,Bolivia,LATAM,2015-12-31,2015,A,poblacion,11014705.0,personas,WB,World Bank,SP.POP.TOTL,2026-06-12
BOL,Bolivia,LATAM,2016-12-31,2016,A,poblacion,11180020.0,personas,WB,World Bank,SP.POP.TOTL,2026-06-12
BOL,Bolivia,LATAM,2017-12-31,2017,A,poblacion,11344587.0,personas,WB,World Bank,SP.POP.TOTL,2026-06-12
BOL,Bolivia,LATAM,2018-12-31,2018,A,poblacion,11508368.0,personas,WB,World Bank,SP.POP.TOTL,2026-06-12
BOL,Bolivia,LATAM,2019-12-31,2019,A,poblacion,11671386.0,personas,WB,World Bank,SP.POP.TOTL,2026-06-12
BOL,Bolivia,LATAM,2020-12-31,2020,A,poblacion,11816299.0,personas,WB,World Bank,SP.POP.TOTL,2026-06-12
BOL,Bolivia,LATAM,2021-12-31,2021,A,poblacion,11937360.0,personas,WB,World Bank,SP.POP.TOTL,2026-06-12
BOL,Bolivia,LATAM,2022-12-31,2022,A,poblacion,12077154.0,personas,WB,World Bank,SP.POP.TOTL,2026-06-12
BOL,Bolivia,LATAM,2023-12-31,2023,A,poblacion,12244159.0,personas,WB,World Bank,SP.POP.TOTL,2026-06-12
BOL,Bolivia,LATAM,2024-12-31,2024,A,poblacion,12413315.0,personas,WB,World Bank,SP.POP.TOTL,2026-06-12
BOL,Bolivia,LATAM,2000-12-31,2000,A,servicios_pbi,52.1618196573823,% PBI,WB,World Bank,NV.SRV.TOTL.ZS,2026-06-12
BOL,Bolivia,LATAM,2001-12-31,2001,A,servicios_pbi,52.653776599304,% PBI,WB,World Bank,NV.SRV.TOTL.ZS,2026-06-12
BOL,Bolivia,LATAM,2002-12-31,2002,A,servicios_pbi,52.2995520552759,% PBI,WB,World Bank,NV.SRV.TOTL.ZS,2026-06-12
BOL,Bolivia,LATAM,2003-12-31,2003,A,servicios_pbi,51.2880547650981,% PBI,WB,World Bank,NV.SRV.TOTL.ZS,2026-06-12
BOL,Bolivia,LATAM,2004-12-31,2004,A,servicios_pbi,49.2849694922866,% PBI,WB,World Bank,NV.SRV.TOTL.ZS,2026-06-12
BOL,Bolivia,LATAM,2005-12-31,2005,A,servicios_pbi,46.8201969433938,% PBI,WB,World Bank,NV.SRV.TOTL.ZS,2026-06-12
BOL,Bolivia,LATAM,2006-12-31,2006,A,servicios_pbi,43.1317849879713,% PBI,WB,World Bank,NV.SRV.TOTL.ZS,2026-06-12
BOL,Bolivia,LATAM,2007-12-31,2007,A,servicios_pbi,42.5095719427825,% PBI,WB,World Bank,NV.SRV.TOTL.ZS,2026-06-12
BOL,Bolivia,LATAM,2008-12-31,2008,A,servicios_pbi,40.496023654551,% PBI,WB,World Bank,NV.SRV.TOTL.ZS,2026-06-12
BOL,Bolivia,LATAM,2009-12-31,2009,A,servicios_pbi,43.5085261772037,% PBI,WB,World Bank,NV.SRV.TOTL.ZS,2026-06-12
BOL,Bolivia,LATAM,2010-12-31,2010,A,servicios_pbi,43.5524305510023,% PBI,WB,World Bank,NV.SRV.TOTL.ZS,2026-06-12
BOL,Bolivia,LATAM,2011-12-31,2011,A,servicios_pbi,41.013191725216,% PBI,WB,World Bank,NV.SRV.TOTL.ZS,2026-06-12
BOL,Bolivia,LATAM,2012-12-31,2012,A,servicios_pbi,40.4434919386356,% PBI,WB,World Bank,NV.SRV.TOTL.ZS,2026-06-12
BOL,Bolivia,LATAM,2013-12-31,2013,A,servicios_pbi,40.2117817540524,% PBI,WB,World Bank,NV.SRV.TOTL.ZS,2026-06-12
BOL,Bolivia,LATAM,2014-12-31,2014,A,servicios_pbi,41.4653506578459,% PBI,WB,World Bank,NV.SRV.TOTL.ZS,2026-06-12
BOL,Bolivia,LATAM,2015-12-31,2015,A,servicios_pbi,45.97640028474,% PBI,WB,World Bank,NV.SRV.TOTL.ZS,2026-06-12
BOL,Bolivia,LATAM,2016-12-31,2016,A,servicios_pbi,49.8023324477813,% PBI,WB,World Bank,NV.SRV.TOTL.ZS,2026-06-12
BOL,Bolivia,LATAM,2017-12-31,2017,A,servicios_pbi,51.5106326361384,% PBI,WB,World Bank,NV.SRV.TOTL.ZS,2026-06-12
BOL,Bolivia,LATAM,2018-12-31,2018,A,servicios_pbi,52.3312287295658,% PBI,WB,World Bank,NV.SRV.TOTL.ZS,2026-06-12
BOL,Bolivia,LATAM,2019-12-31,2019,A,servicios_pbi,53.345193618041,% PBI,WB,World Bank,NV.SRV.TOTL.ZS,2026-06-12
BOL,Bolivia,LATAM,2020-12-31,2020,A,servicios_pbi,55.7778796225764,% PBI,WB,World Bank,NV.SRV.TOTL.ZS,2026-06-12
BOL,Bolivia,LATAM,2021-12-31,2021,A,servicios_pbi,52.5597373914027,% PBI,WB,World Bank,NV.SRV.TOTL.ZS,2026-06-12
BOL,Bolivia,LATAM,2022-12-31,2022,A,servicios_pbi,52.8583667608579,% PBI,WB,World Bank,NV.SRV.TOTL.ZS,2026-06-12
BOL,Bolivia,LATAM,2023-12-31,2023,A,servicios_pbi,53.7978016916653,% PBI,WB,World Bank,NV.SRV.TOTL.ZS,2026-06-12
BOL,Bolivia,LATAM,2024-12-31,2024,A,servicios_pbi,53.36246116287,% PBI,WB,World Bank,NV.SRV.TOTL.ZS,2026-06-12
BRA,Brasil,LATAM,2000-12-31,2000,A,agro_pbi,4.7504599720911,% PBI,WB,World Bank,NV.AGR.TOTL.ZS,2026-06-12
BRA,Brasil,LATAM,2001-12-31,2001,A,agro_pbi,4.80104301895508,% PBI,WB,World Bank,NV.AGR.TOTL.ZS,2026-06-12
BRA,Brasil,LATAM,2002-12-31,2002,A,agro_pbi,5.47527489476281,% PBI,WB,World Bank,NV.AGR.TOTL.ZS,2026-06-12
BRA,Brasil,LATAM,2003-12-31,2003,A,agro_pbi,6.16718438742418,% PBI,WB,World Bank,NV.AGR.TOTL.ZS,2026-06-12
BRA,Brasil,LATAM,2004-12-31,2004,A,agro_pbi,5.66531157678895,% PBI,WB,World Bank,NV.AGR.TOTL.ZS,2026-06-12
BRA,Brasil,LATAM,2005-12-31,2005,A,agro_pbi,4.65116882266178,% PBI,WB,World Bank,NV.AGR.TOTL.ZS,2026-06-12
BRA,Brasil,LATAM,2006-12-31,2006,A,agro_pbi,4.37004377895807,% PBI,WB,World Bank,NV.AGR.TOTL.ZS,2026-06-12
BRA,Brasil,LATAM,2007-12-31,2007,A,agro_pbi,4.41691543617235,% PBI,WB,World Bank,NV.AGR.TOTL.ZS,2026-06-12
BRA,Brasil,LATAM,2008-12-31,2008,A,agro_pbi,4.56785118104723,% PBI,WB,World Bank,NV.AGR.TOTL.ZS,2026-06-12
BRA,Brasil,LATAM,2009-12-31,2009,A,agro_pbi,4.47677399214453,% PBI,WB,World Bank,NV.AGR.TOTL.ZS,2026-06-12
BRA,Brasil,LATAM,2010-12-31,2010,A,agro_pbi,4.11575648647055,% PBI,WB,World Bank,NV.AGR.TOTL.ZS,2026-06-12
BRA,Brasil,LATAM,2011-12-31,2011,A,agro_pbi,4.34203412828906,% PBI,WB,World Bank,NV.AGR.TOTL.ZS,2026-06-12
BRA,Brasil,LATAM,2012-12-31,2012,A,agro_pbi,4.16832822424109,% PBI,WB,World Bank,NV.AGR.TOTL.ZS,2026-06-12
BRA,Brasil,LATAM,2013-12-31,2013,A,agro_pbi,4.50688618165956,% PBI,WB,World Bank,NV.AGR.TOTL.ZS,2026-06-12
BRA,Brasil,LATAM,2014-12-31,2014,A,agro_pbi,4.32561053877362,% PBI,WB,World Bank,NV.AGR.TOTL.ZS,2026-06-12
BRA,Brasil,LATAM,2015-12-31,2015,A,agro_pbi,4.31914942931221,% PBI,WB,World Bank,NV.AGR.TOTL.ZS,2026-06-12
BRA,Brasil,LATAM,2016-12-31,2016,A,agro_pbi,4.89135358721066,% PBI,WB,World Bank,NV.AGR.TOTL.ZS,2026-06-12
BRA,Brasil,LATAM,2017-12-31,2017,A,agro_pbi,4.6005916952048,% PBI,WB,World Bank,NV.AGR.TOTL.ZS,2026-06-12
BRA,Brasil,LATAM,2018-12-31,2018,A,agro_pbi,4.4203993034602,% PBI,WB,World Bank,NV.AGR.TOTL.ZS,2026-06-12
BRA,Brasil,LATAM,2019-12-31,2019,A,agro_pbi,4.2050140951087,% PBI,WB,World Bank,NV.AGR.TOTL.ZS,2026-06-12
BRA,Brasil,LATAM,2020-12-31,2020,A,agro_pbi,5.7114851151592,% PBI,WB,World Bank,NV.AGR.TOTL.ZS,2026-06-12
BRA,Brasil,LATAM,2021-12-31,2021,A,agro_pbi,6.55876261207381,% PBI,WB,World Bank,NV.AGR.TOTL.ZS,2026-06-12
BRA,Brasil,LATAM,2022-12-31,2022,A,agro_pbi,5.76747490842218,% PBI,WB,World Bank,NV.AGR.TOTL.ZS,2026-06-12
BRA,Brasil,LATAM,2023-12-31,2023,A,agro_pbi,6.02306023514157,% PBI,WB,World Bank,NV.AGR.TOTL.ZS,2026-06-12
BRA,Brasil,LATAM,2024-12-31,2024,A,agro_pbi,5.7522764094249,% PBI,WB,World Bank,NV.AGR.TOTL.ZS,2026-06-12
BRA,Brasil,LATAM,2000-12-31,2000,A,crecimiento_pbi,4.38794944364869,% anual,WB,World Bank,NY.GDP.MKTP.KD.ZG,2026-06-12
BRA,Brasil,LATAM,2001-12-31,2001,A,crecimiento_pbi,1.3898964044581,% anual,WB,World Bank,NY.GDP.MKTP.KD.ZG,2026-06-12
BRA,Brasil,LATAM,2002-12-31,2002,A,crecimiento_pbi,3.05346185683619,% anual,WB,World Bank,NY.GDP.MKTP.KD.ZG,2026-06-12
BRA,Brasil,LATAM,2003-12-31,2003,A,crecimiento_pbi,1.14082899877101,% anual,WB,World Bank,NY.GDP.MKTP.KD.ZG,2026-06-12
BRA,Brasil,LATAM,2004-12-31,2004,A,crecimiento_pbi,5.75996463685998,% anual,WB,World Bank,NY.GDP.MKTP.KD.ZG,2026-06-12
BRA,Brasil,LATAM,2005-12-31,2005,A,crecimiento_pbi,3.20213206216255,% anual,WB,World Bank,NY.GDP.MKTP.KD.ZG,2026-06-12
BRA,Brasil,LATAM,2006-12-31,2006,A,crecimiento_pbi,3.96198870899485,% anual,WB,World Bank,NY.GDP.MKTP.KD.ZG,2026-06-12
BRA,Brasil,LATAM,2007-12-31,2007,A,crecimiento_pbi,6.06987060733128,% anual,WB,World Bank,NY.GDP.MKTP.KD.ZG,2026-06-12
BRA,Brasil,LATAM,2008-12-31,2008,A,crecimiento_pbi,5.09419544811998,% anual,WB,World Bank,NY.GDP.MKTP.KD.ZG,2026-06-12
BRA,Brasil,LATAM,2009-12-31,2009,A,crecimiento_pbi,-0.12581200299141,% anual,WB,World Bank,NY.GDP.MKTP.KD.ZG,2026-06-12
BRA,Brasil,LATAM,2010-12-31,2010,A,crecimiento_pbi,7.52822581812151,% anual,WB,World Bank,NY.GDP.MKTP.KD.ZG,2026-06-12
BRA,Brasil,LATAM,2011-12-31,2011,A,crecimiento_pbi,3.97442307944702,% anual,WB,World Bank,NY.GDP.MKTP.KD.ZG,2026-06-12
BRA,Brasil,LATAM,2012-12-31,2012,A,crecimiento_pbi,1.92117598509462,% anual,WB,World Bank,NY.GDP.MKTP.KD.ZG,2026-06-12
BRA,Brasil,LATAM,2013-12-31,2013,A,crecimiento_pbi,3.0048226702888,% anual,WB,World Bank,NY.GDP.MKTP.KD.ZG,2026-06-12
BRA,Brasil,LATAM,2014-12-31,2014,A,crecimiento_pbi,0.503955740273241,% anual,WB,World Bank,NY.GDP.MKTP.KD.ZG,2026-06-12
BRA,Brasil,LATAM,2015-12-31,2015,A,crecimiento_pbi,-3.54576339347278,% anual,WB,World Bank,NY.GDP.MKTP.KD.ZG,2026-06-12
BRA,Brasil,LATAM,2016-12-31,2016,A,crecimiento_pbi,-3.2759169063211,% anual,WB,World Bank,NY.GDP.MKTP.KD.ZG,2026-06-12
BRA,Brasil,LATAM,2017-12-31,2017,A,crecimiento_pbi,1.32286905390815,% anual,WB,World Bank,NY.GDP.MKTP.KD.ZG,2026-06-12
BRA,Brasil,LATAM,2018-12-31,2018,A,crecimiento_pbi,1.78366676137003,% anual,WB,World Bank,NY.GDP.MKTP.KD.ZG,2026-06-12
BRA,Brasil,LATAM,2019-12-31,2019,A,crecimiento_pbi,1.22077782271943,% anual,WB,World Bank,NY.GDP.MKTP.KD.ZG,2026-06-12
BRA,Brasil,LATAM,2020-12-31,2020,A,crecimiento_pbi,-3.27675879612903,% anual,WB,World Bank,NY.GDP.MKTP.KD.ZG,2026-06-12
BRA,Brasil,LATAM,2021-12-31,2021,A,crecimiento_pbi,4.7626043797061,% anual,WB,World Bank,NY.GDP.MKTP.KD.ZG,2026-06-12
BRA,Brasil,LATAM,2022-12-31,2022,A,crecimiento_pbi,3.01669435408112,% anual,WB,World Bank,NY.GDP.MKTP.KD.ZG,2026-06-12
BRA,Brasil,LATAM,2023-12-31,2023,A,crecimiento_pbi,3.24165532813583,% anual,WB,World Bank,NY.GDP.MKTP.KD.ZG,2026-06-12
BRA,Brasil,LATAM,2024-12-31,2024,A,crecimiento_pbi,3.41931516597739,% anual,WB,World Bank,NY.GDP.MKTP.KD.ZG,2026-06-12
BRA,Brasil,LATAM,2000-12-31,2000,A,desempleo,10.889,% población activa,WB,World Bank,SL.UEM.TOTL.ZS,2026-06-12
BRA,Brasil,LATAM,2001-12-31,2001,A,desempleo,10.649,% población activa,WB,World Bank,SL.UEM.TOTL.ZS,2026-06-12
BRA,Brasil,LATAM,2002-12-31,2002,A,desempleo,10.641,% población activa,WB,World Bank,SL.UEM.TOTL.ZS,2026-06-12
BRA,Brasil,LATAM,2003-12-31,2003,A,desempleo,11.168,% población activa,WB,World Bank,SL.UEM.TOTL.ZS,2026-06-12
BRA,Brasil,LATAM,2004-12-31,2004,A,desempleo,10.072,% población activa,WB,World Bank,SL.UEM.TOTL.ZS,2026-06-12
BRA,Brasil,LATAM,2005-12-31,2005,A,desempleo,10.551,% población activa,WB,World Bank,SL.UEM.TOTL.ZS,2026-06-12
BRA,Brasil,LATAM,2006-12-31,2006,A,desempleo,9.692,% población activa,WB,World Bank,SL.UEM.TOTL.ZS,2026-06-12
BRA,Brasil,LATAM,2007-12-31,2007,A,desempleo,9.28,% población activa,WB,World Bank,SL.UEM.TOTL.ZS,2026-06-12
BRA,Brasil,LATAM,2008-12-31,2008,A,desempleo,8.268,% población activa,WB,World Bank,SL.UEM.TOTL.ZS,2026-06-12
BRA,Brasil,LATAM,2009-12-31,2009,A,desempleo,9.419,% población activa,WB,World Bank,SL.UEM.TOTL.ZS,2026-06-12
BRA,Brasil,LATAM,2010-12-31,2010,A,desempleo,8.42,% población activa,WB,World Bank,SL.UEM.TOTL.ZS,2026-06-12
BRA,Brasil,LATAM,2011-12-31,2011,A,desempleo,7.578,% población activa,WB,World Bank,SL.UEM.TOTL.ZS,2026-06-12
BRA,Brasil,LATAM,2012-12-31,2012,A,desempleo,7.251,% población activa,WB,World Bank,SL.UEM.TOTL.ZS,2026-06-12
BRA,Brasil,LATAM,2013-12-31,2013,A,desempleo,7.071,% población activa,WB,World Bank,SL.UEM.TOTL.ZS,2026-06-12
BRA,Brasil,LATAM,2014-12-31,2014,A,desempleo,6.755,% población activa,WB,World Bank,SL.UEM.TOTL.ZS,2026-06-12
BRA,Brasil,LATAM,2015-12-31,2015,A,desempleo,8.538,% población activa,WB,World Bank,SL.UEM.TOTL.ZS,2026-06-12
BRA,Brasil,LATAM,2016-12-31,2016,A,desempleo,11.58,% población activa,WB,World Bank,SL.UEM.TOTL.ZS,2026-06-12
BRA,Brasil,LATAM,2017-12-31,2017,A,desempleo,12.792,% población activa,WB,World Bank,SL.UEM.TOTL.ZS,2026-06-12
BRA,Brasil,LATAM,2018-12-31,2018,A,desempleo,12.329,% población activa,WB,World Bank,SL.UEM.TOTL.ZS,2026-06-12
BRA,Brasil,LATAM,2019-12-31,2019,A,desempleo,11.936,% población activa,WB,World Bank,SL.UEM.TOTL.ZS,2026-06-12
BRA,Brasil,LATAM,2020-12-31,2020,A,desempleo,13.697,% población activa,WB,World Bank,SL.UEM.TOTL.ZS,2026-06-12
BRA,Brasil,LATAM,2021-12-31,2021,A,desempleo,13.158,% población activa,WB,World Bank,SL.UEM.TOTL.ZS,2026-06-12
BRA,Brasil,LATAM,2022-12-31,2022,A,desempleo,9.231,% población activa,WB,World Bank,SL.UEM.TOTL.ZS,2026-06-12
BRA,Brasil,LATAM,2023-12-31,2023,A,desempleo,7.947,% población activa,WB,World Bank,SL.UEM.TOTL.ZS,2026-06-12
BRA,Brasil,LATAM,2024-12-31,2024,A,desempleo,6.801,% población activa,WB,World Bank,SL.UEM.TOTL.ZS,2026-06-12
BRA,Brasil,LATAM,2025-12-31,2025,A,desempleo,5.97,% población activa,WB,World Bank,SL.UEM.TOTL.ZS,2026-06-12
BRA,Brasil,LATAM,2000-12-31,2000,A,exportaciones_pbi,10.1880480058491,% PBI,WB,World Bank,NE.EXP.GNFS.ZS,2026-06-12
BRA,Brasil,LATAM,2001-12-31,2001,A,exportaciones_pbi,12.3717106723871,% PBI,WB,World Bank,NE.EXP.GNFS.ZS,2026-06-12
BRA,Brasil,LATAM,2002-12-31,2002,A,exportaciones_pbi,14.2305902741157,% PBI,WB,World Bank,NE.EXP.GNFS.ZS,2026-06-12
BRA,Brasil,LATAM,2003-12-31,2003,A,exportaciones_pbi,15.1807837057459,% PBI,WB,World Bank,NE.EXP.GNFS.ZS,2026-06-12
BRA,Brasil,LATAM,2004-12-31,2004,A,exportaciones_pbi,16.5457615138976,% PBI,WB,World Bank,NE.EXP.GNFS.ZS,2026-06-12
BRA,Brasil,LATAM,2005-12-31,2005,A,exportaciones_pbi,15.2438292651669,% PBI,WB,World Bank,NE.EXP.GNFS.ZS,2026-06-12
BRA,Brasil,LATAM,2006-12-31,2006,A,exportaciones_pbi,14.3743163021339,% PBI,WB,World Bank,NE.EXP.GNFS.ZS,2026-06-12
BRA,Brasil,LATAM,2007-12-31,2007,A,exportaciones_pbi,13.3276751043,% PBI,WB,World Bank,NE.EXP.GNFS.ZS,2026-06-12
BRA,Brasil,LATAM,2008-12-31,2008,A,exportaciones_pbi,13.534000513391,% PBI,WB,World Bank,NE.EXP.GNFS.ZS,2026-06-12
BRA,Brasil,LATAM,2009-12-31,2009,A,exportaciones_pbi,10.8513711350383,% PBI,WB,World Bank,NE.EXP.GNFS.ZS,2026-06-12
BRA,Brasil,LATAM,2010-12-31,2010,A,exportaciones_pbi,10.8655847760176,% PBI,WB,World Bank,NE.EXP.GNFS.ZS,2026-06-12
BRA,Brasil,LATAM,2011-12-31,2011,A,exportaciones_pbi,11.5825126792652,% PBI,WB,World Bank,NE.EXP.GNFS.ZS,2026-06-12
BRA,Brasil,LATAM,2012-12-31,2012,A,exportaciones_pbi,11.8775390706917,% PBI,WB,World Bank,NE.EXP.GNFS.ZS,2026-06-12
BRA,Brasil,LATAM,2013-12-31,2013,A,exportaciones_pbi,11.7422306467311,% PBI,WB,World Bank,NE.EXP.GNFS.ZS,2026-06-12
BRA,Brasil,LATAM,2014-12-31,2014,A,exportaciones_pbi,11.0119428189165,% PBI,WB,World Bank,NE.EXP.GNFS.ZS,2026-06-12
BRA,Brasil,LATAM,2015-12-31,2015,A,exportaciones_pbi,12.9001914186486,% PBI,WB,World Bank,NE.EXP.GNFS.ZS,2026-06-12
BRA,Brasil,LATAM,2016-12-31,2016,A,exportaciones_pbi,12.4666790428125,% PBI,WB,World Bank,NE.EXP.GNFS.ZS,2026-06-12
BRA,Brasil,LATAM,2017-12-31,2017,A,exportaciones_pbi,12.5189678705014,% PBI,WB,World Bank,NE.EXP.GNFS.ZS,2026-06-12
BRA,Brasil,LATAM,2018-12-31,2018,A,exportaciones_pbi,14.6349994958796,% PBI,WB,World Bank,NE.EXP.GNFS.ZS,2026-06-12
BRA,Brasil,LATAM,2019-12-31,2019,A,exportaciones_pbi,14.1229191909095,% PBI,WB,World Bank,NE.EXP.GNFS.ZS,2026-06-12
BRA,Brasil,LATAM,2020-12-31,2020,A,exportaciones_pbi,16.4535520099709,% PBI,WB,World Bank,NE.EXP.GNFS.ZS,2026-06-12
BRA,Brasil,LATAM,2021-12-31,2021,A,exportaciones_pbi,19.1094303686964,% PBI,WB,World Bank,NE.EXP.GNFS.ZS,2026-06-12
BRA,Brasil,LATAM,2022-12-31,2022,A,exportaciones_pbi,19.6307650034838,% PBI,WB,World Bank,NE.EXP.GNFS.ZS,2026-06-12
BRA,Brasil,LATAM,2023-12-31,2023,A,exportaciones_pbi,17.9693243032658,% PBI,WB,World Bank,NE.EXP.GNFS.ZS,2026-06-12
BRA,Brasil,LATAM,2024-12-31,2024,A,exportaciones_pbi,17.9385794398128,% PBI,WB,World Bank,NE.EXP.GNFS.ZS,2026-06-12
BRA,Brasil,LATAM,2000-12-31,2000,A,importaciones_pbi,12.4517133531264,% PBI,WB,World Bank,NE.IMP.GNFS.ZS,2026-06-12
BRA,Brasil,LATAM,2001-12-31,2001,A,importaciones_pbi,14.5645743525559,% PBI,WB,World Bank,NE.IMP.GNFS.ZS,2026-06-12
BRA,Brasil,LATAM,2002-12-31,2002,A,importaciones_pbi,13.3877671336016,% PBI,WB,World Bank,NE.IMP.GNFS.ZS,2026-06-12
BRA,Brasil,LATAM,2003-12-31,2003,A,importaciones_pbi,12.959601015803,% PBI,WB,World Bank,NE.IMP.GNFS.ZS,2026-06-12
BRA,Brasil,LATAM,2004-12-31,2004,A,importaciones_pbi,13.1324909664519,% PBI,WB,World Bank,NE.IMP.GNFS.ZS,2026-06-12
BRA,Brasil,LATAM,2005-12-31,2005,A,importaciones_pbi,11.842965940081,% PBI,WB,World Bank,NE.IMP.GNFS.ZS,2026-06-12
BRA,Brasil,LATAM,2006-12-31,2006,A,importaciones_pbi,11.6673835858106,% PBI,WB,World Bank,NE.IMP.GNFS.ZS,2026-06-12
BRA,Brasil,LATAM,2007-12-31,2007,A,importaciones_pbi,11.9649362714806,% PBI,WB,World Bank,NE.IMP.GNFS.ZS,2026-06-12
BRA,Brasil,LATAM,2008-12-31,2008,A,importaciones_pbi,13.7235689032042,% PBI,WB,World Bank,NE.IMP.GNFS.ZS,2026-06-12
BRA,Brasil,LATAM,2009-12-31,2009,A,importaciones_pbi,11.2546044710328,% PBI,WB,World Bank,NE.IMP.GNFS.ZS,2026-06-12
BRA,Brasil,LATAM,2010-12-31,2010,A,importaciones_pbi,11.9065933372032,% PBI,WB,World Bank,NE.IMP.GNFS.ZS,2026-06-12
BRA,Brasil,LATAM,2011-12-31,2011,A,importaciones_pbi,12.3518924972451,% PBI,WB,World Bank,NE.IMP.GNFS.ZS,2026-06-12
BRA,Brasil,LATAM,2012-12-31,2012,A,importaciones_pbi,13.2367345396404,% PBI,WB,World Bank,NE.IMP.GNFS.ZS,2026-06-12
BRA,Brasil,LATAM,2013-12-31,2013,A,importaciones_pbi,14.0437266814141,% PBI,WB,World Bank,NE.IMP.GNFS.ZS,2026-06-12
BRA,Brasil,LATAM,2014-12-31,2014,A,importaciones_pbi,13.6734629943755,% PBI,WB,World Bank,NE.IMP.GNFS.ZS,2026-06-12
BRA,Brasil,LATAM,2015-12-31,2015,A,importaciones_pbi,14.0534345185884,% PBI,WB,World Bank,NE.IMP.GNFS.ZS,2026-06-12
BRA,Brasil,LATAM,2016-12-31,2016,A,importaciones_pbi,12.0670030342632,% PBI,WB,World Bank,NE.IMP.GNFS.ZS,2026-06-12
BRA,Brasil,LATAM,2017-12-31,2017,A,importaciones_pbi,11.800766503667,% PBI,WB,World Bank,NE.IMP.GNFS.ZS,2026-06-12
BRA,Brasil,LATAM,2018-12-31,2018,A,importaciones_pbi,14.2412038802734,% PBI,WB,World Bank,NE.IMP.GNFS.ZS,2026-06-12
BRA,Brasil,LATAM,2019-12-31,2019,A,importaciones_pbi,14.7673386788259,% PBI,WB,World Bank,NE.IMP.GNFS.ZS,2026-06-12
BRA,Brasil,LATAM,2020-12-31,2020,A,importaciones_pbi,15.8485265343782,% PBI,WB,World Bank,NE.IMP.GNFS.ZS,2026-06-12
BRA,Brasil,LATAM,2021-12-31,2021,A,importaciones_pbi,18.5469003905612,% PBI,WB,World Bank,NE.IMP.GNFS.ZS,2026-06-12
BRA,Brasil,LATAM,2022-12-31,2022,A,importaciones_pbi,19.1853009729483,% PBI,WB,World Bank,NE.IMP.GNFS.ZS,2026-06-12
BRA,Brasil,LATAM,2023-12-31,2023,A,importaciones_pbi,15.6969055268626,% PBI,WB,World Bank,NE.IMP.GNFS.ZS,2026-06-12
BRA,Brasil,LATAM,2024-12-31,2024,A,importaciones_pbi,17.6459444987261,% PBI,WB,World Bank,NE.IMP.GNFS.ZS,2026-06-12
BRA,Brasil,LATAM,2000-12-31,2000,A,industria_pbi,23.0066186293679,% PBI,WB,World Bank,NV.IND.TOTL.ZS,2026-06-12
BRA,Brasil,LATAM,2001-12-31,2001,A,industria_pbi,22.6395279128549,% PBI,WB,World Bank,NV.IND.TOTL.ZS,2026-06-12
BRA,Brasil,LATAM,2002-12-31,2002,A,industria_pbi,22.4953278210778,% PBI,WB,World Bank,NV.IND.TOTL.ZS,2026-06-12
BRA,Brasil,LATAM,2003-12-31,2003,A,industria_pbi,23.0838178183236,% PBI,WB,World Bank,NV.IND.TOTL.ZS,2026-06-12
BRA,Brasil,LATAM,2004-12-31,2004,A,industria_pbi,24.3066232905778,% PBI,WB,World Bank,NV.IND.TOTL.ZS,2026-06-12
BRA,Brasil,LATAM,2005-12-31,2005,A,industria_pbi,24.1725782850314,% PBI,WB,World Bank,NV.IND.TOTL.ZS,2026-06-12
BRA,Brasil,LATAM,2006-12-31,2006,A,industria_pbi,23.5440216718081,% PBI,WB,World Bank,NV.IND.TOTL.ZS,2026-06-12
BRA,Brasil,LATAM,2007-12-31,2007,A,industria_pbi,23.125380408552,% PBI,WB,World Bank,NV.IND.TOTL.ZS,2026-06-12
BRA,Brasil,LATAM,2008-12-31,2008,A,industria_pbi,23.0852937521799,% PBI,WB,World Bank,NV.IND.TOTL.ZS,2026-06-12
BRA,Brasil,LATAM,2009-12-31,2009,A,industria_pbi,21.8785926263801,% PBI,WB,World Bank,NV.IND.TOTL.ZS,2026-06-12
BRA,Brasil,LATAM,2010-12-31,2010,A,industria_pbi,23.2679773548596,% PBI,WB,World Bank,NV.IND.TOTL.ZS,2026-06-12
BRA,Brasil,LATAM,2011-12-31,2011,A,industria_pbi,23.1020509677218,% PBI,WB,World Bank,NV.IND.TOTL.ZS,2026-06-12
BRA,Brasil,LATAM,2012-12-31,2012,A,industria_pbi,22.1336473645034,% PBI,WB,World Bank,NV.IND.TOTL.ZS,2026-06-12
BRA,Brasil,LATAM,2013-12-31,2013,A,industria_pbi,21.2248099504522,% PBI,WB,World Bank,NV.IND.TOTL.ZS,2026-06-12
BRA,Brasil,LATAM,2014-12-31,2014,A,industria_pbi,20.4724627475115,% PBI,WB,World Bank,NV.IND.TOTL.ZS,2026-06-12
BRA,Brasil,LATAM,2015-12-31,2015,A,industria_pbi,19.3600439809564,% PBI,WB,World Bank,NV.IND.TOTL.ZS,2026-06-12
BRA,Brasil,LATAM,2016-12-31,2016,A,industria_pbi,18.3547582770536,% PBI,WB,World Bank,NV.IND.TOTL.ZS,2026-06-12
BRA,Brasil,LATAM,2017-12-31,2017,A,industria_pbi,18.1885023085758,% PBI,WB,World Bank,NV.IND.TOTL.ZS,2026-06-12
BRA,Brasil,LATAM,2018-12-31,2018,A,industria_pbi,18.7490514527988,% PBI,WB,World Bank,NV.IND.TOTL.ZS,2026-06-12
BRA,Brasil,LATAM,2019-12-31,2019,A,industria_pbi,18.7546275724707,% PBI,WB,World Bank,NV.IND.TOTL.ZS,2026-06-12
BRA,Brasil,LATAM,2020-12-31,2020,A,industria_pbi,19.5061183897524,% PBI,WB,World Bank,NV.IND.TOTL.ZS,2026-06-12
BRA,Brasil,LATAM,2021-12-31,2021,A,industria_pbi,22.123475195366,% PBI,WB,World Bank,NV.IND.TOTL.ZS,2026-06-12
BRA,Brasil,LATAM,2022-12-31,2022,A,industria_pbi,22.8194568521446,% PBI,WB,World Bank,NV.IND.TOTL.ZS,2026-06-12
BRA,Brasil,LATAM,2023-12-31,2023,A,industria_pbi,22.1441739229749,% PBI,WB,World Bank,NV.IND.TOTL.ZS,2026-06-12
BRA,Brasil,LATAM,2024-12-31,2024,A,industria_pbi,20.9406935313888,% PBI,WB,World Bank,NV.IND.TOTL.ZS,2026-06-12
BRA,Brasil,LATAM,2000-12-31,2000,A,inflacion,7.04414105947265,% anual,WB,World Bank,FP.CPI.TOTL.ZG,2026-06-12
BRA,Brasil,LATAM,2001-12-31,2001,A,inflacion,6.84035902487523,% anual,WB,World Bank,FP.CPI.TOTL.ZG,2026-06-12
BRA,Brasil,LATAM,2002-12-31,2002,A,inflacion,8.45016437708331,% anual,WB,World Bank,FP.CPI.TOTL.ZG,2026-06-12
BRA,Brasil,LATAM,2003-12-31,2003,A,inflacion,14.7149197228147,% anual,WB,World Bank,FP.CPI.TOTL.ZG,2026-06-12
BRA,Brasil,LATAM,2004-12-31,2004,A,inflacion,6.59718509985963,% anual,WB,World Bank,FP.CPI.TOTL.ZG,2026-06-12
BRA,Brasil,LATAM,2005-12-31,2005,A,inflacion,6.86953720898964,% anual,WB,World Bank,FP.CPI.TOTL.ZG,2026-06-12
BRA,Brasil,LATAM,2006-12-31,2006,A,inflacion,4.18356812896909,% anual,WB,World Bank,FP.CPI.TOTL.ZG,2026-06-12
BRA,Brasil,LATAM,2007-12-31,2007,A,inflacion,3.64127299102652,% anual,WB,World Bank,FP.CPI.TOTL.ZG,2026-06-12
BRA,Brasil,LATAM,2008-12-31,2008,A,inflacion,5.67859390284168,% anual,WB,World Bank,FP.CPI.TOTL.ZG,2026-06-12
BRA,Brasil,LATAM,2009-12-31,2009,A,inflacion,4.88803479876798,% anual,WB,World Bank,FP.CPI.TOTL.ZG,2026-06-12
BRA,Brasil,LATAM,2010-12-31,2010,A,inflacion,5.03872690108074,% anual,WB,World Bank,FP.CPI.TOTL.ZG,2026-06-12
BRA,Brasil,LATAM,2011-12-31,2011,A,inflacion,6.6364496221309,% anual,WB,World Bank,FP.CPI.TOTL.ZG,2026-06-12
BRA,Brasil,LATAM,2012-12-31,2012,A,inflacion,5.40349914036997,% anual,WB,World Bank,FP.CPI.TOTL.ZG,2026-06-12
BRA,Brasil,LATAM,2013-12-31,2013,A,inflacion,6.204310666401,% anual,WB,World Bank,FP.CPI.TOTL.ZG,2026-06-12
BRA,Brasil,LATAM,2014-12-31,2014,A,inflacion,6.32904015516138,% anual,WB,World Bank,FP.CPI.TOTL.ZG,2026-06-12
BRA,Brasil,LATAM,2015-12-31,2015,A,inflacion,9.02990102416136,% anual,WB,World Bank,FP.CPI.TOTL.ZG,2026-06-12
BRA,Brasil,LATAM,2016-12-31,2016,A,inflacion,8.73914352329393,% anual,WB,World Bank,FP.CPI.TOTL.ZG,2026-06-12
BRA,Brasil,LATAM,2017-12-31,2017,A,inflacion,3.44637335032669,% anual,WB,World Bank,FP.CPI.TOTL.ZG,2026-06-12
BRA,Brasil,LATAM,2018-12-31,2018,A,inflacion,3.66485028376728,% anual,WB,World Bank,FP.CPI.TOTL.ZG,2026-06-12
BRA,Brasil,LATAM,2019-12-31,2019,A,inflacion,3.73297621216893,% anual,WB,World Bank,FP.CPI.TOTL.ZG,2026-06-12
BRA,Brasil,LATAM,2020-12-31,2020,A,inflacion,3.21176803803376,% anual,WB,World Bank,FP.CPI.TOTL.ZG,2026-06-12
BRA,Brasil,LATAM,2021-12-31,2021,A,inflacion,8.30165975585673,% anual,WB,World Bank,FP.CPI.TOTL.ZG,2026-06-12
BRA,Brasil,LATAM,2022-12-31,2022,A,inflacion,9.28010608956872,% anual,WB,World Bank,FP.CPI.TOTL.ZG,2026-06-12
BRA,Brasil,LATAM,2023-12-31,2023,A,inflacion,4.59356282283203,% anual,WB,World Bank,FP.CPI.TOTL.ZG,2026-06-12
BRA,Brasil,LATAM,2024-12-31,2024,A,inflacion,4.36746407652336,% anual,WB,World Bank,FP.CPI.TOTL.ZG,2026-06-12
BRA,Brasil,LATAM,2000-12-31,2000,A,inversion_pbi,18.90311926897,% PBI,WB,World Bank,NE.GDI.TOTL.ZS,2026-06-12
BRA,Brasil,LATAM,2001-12-31,2001,A,inversion_pbi,18.7418602932515,% PBI,WB,World Bank,NE.GDI.TOTL.ZS,2026-06-12
BRA,Brasil,LATAM,2002-12-31,2002,A,inversion_pbi,17.4490794845036,% PBI,WB,World Bank,NE.GDI.TOTL.ZS,2026-06-12
BRA,Brasil,LATAM,2003-12-31,2003,A,inversion_pbi,16.8566883977988,% PBI,WB,World Bank,NE.GDI.TOTL.ZS,2026-06-12
BRA,Brasil,LATAM,2004-12-31,2004,A,inversion_pbi,17.9125683419391,% PBI,WB,World Bank,NE.GDI.TOTL.ZS,2026-06-12
BRA,Brasil,LATAM,2005-12-31,2005,A,inversion_pbi,17.2048834481574,% PBI,WB,World Bank,NE.GDI.TOTL.ZS,2026-06-12
BRA,Brasil,LATAM,2006-12-31,2006,A,inversion_pbi,17.8164738802739,% PBI,WB,World Bank,NE.GDI.TOTL.ZS,2026-06-12
BRA,Brasil,LATAM,2007-12-31,2007,A,inversion_pbi,19.8193259823578,% PBI,WB,World Bank,NE.GDI.TOTL.ZS,2026-06-12
BRA,Brasil,LATAM,2008-12-31,2008,A,inversion_pbi,21.6193828522601,% PBI,WB,World Bank,NE.GDI.TOTL.ZS,2026-06-12
BRA,Brasil,LATAM,2009-12-31,2009,A,inversion_pbi,18.7961350295102,% PBI,WB,World Bank,NE.GDI.TOTL.ZS,2026-06-12
BRA,Brasil,LATAM,2010-12-31,2010,A,inversion_pbi,21.801321557926,% PBI,WB,World Bank,NE.GDI.TOTL.ZS,2026-06-12
BRA,Brasil,LATAM,2011-12-31,2011,A,inversion_pbi,21.826271117187,% PBI,WB,World Bank,NE.GDI.TOTL.ZS,2026-06-12
BRA,Brasil,LATAM,2012-12-31,2012,A,inversion_pbi,21.4172253693275,% PBI,WB,World Bank,NE.GDI.TOTL.ZS,2026-06-12
BRA,Brasil,LATAM,2013-12-31,2013,A,inversion_pbi,21.6937669560679,% PBI,WB,World Bank,NE.GDI.TOTL.ZS,2026-06-12
BRA,Brasil,LATAM,2014-12-31,2014,A,inversion_pbi,20.5484107558184,% PBI,WB,World Bank,NE.GDI.TOTL.ZS,2026-06-12
BRA,Brasil,LATAM,2015-12-31,2015,A,inversion_pbi,17.4116258667237,% PBI,WB,World Bank,NE.GDI.TOTL.ZS,2026-06-12
BRA,Brasil,LATAM,2016-12-31,2016,A,inversion_pbi,14.9695469727335,% PBI,WB,World Bank,NE.GDI.TOTL.ZS,2026-06-12
BRA,Brasil,LATAM,2017-12-31,2017,A,inversion_pbi,14.6255875977741,% PBI,WB,World Bank,NE.GDI.TOTL.ZS,2026-06-12
BRA,Brasil,LATAM,2018-12-31,2018,A,inversion_pbi,15.0950416297894,% PBI,WB,World Bank,NE.GDI.TOTL.ZS,2026-06-12
BRA,Brasil,LATAM,2019-12-31,2019,A,inversion_pbi,15.5167908016709,% PBI,WB,World Bank,NE.GDI.TOTL.ZS,2026-06-12
BRA,Brasil,LATAM,2020-12-31,2020,A,inversion_pbi,16.1158206044059,% PBI,WB,World Bank,NE.GDI.TOTL.ZS,2026-06-12
BRA,Brasil,LATAM,2021-12-31,2021,A,inversion_pbi,19.521885020934,% PBI,WB,World Bank,NE.GDI.TOTL.ZS,2026-06-12
BRA,Brasil,LATAM,2022-12-31,2022,A,inversion_pbi,18.0882204442791,% PBI,WB,World Bank,NE.GDI.TOTL.ZS,2026-06-12
BRA,Brasil,LATAM,2023-12-31,2023,A,inversion_pbi,15.7606472061782,% PBI,WB,World Bank,NE.GDI.TOTL.ZS,2026-06-12
BRA,Brasil,LATAM,2024-12-31,2024,A,inversion_pbi,16.9814356039822,% PBI,WB,World Bank,NE.GDI.TOTL.ZS,2026-06-12
BRA,Brasil,LATAM,2000-12-31,2000,A,manufactura_pbi,13.1346595935521,% PBI,WB,World Bank,NV.IND.MANF.ZS,2026-06-12
BRA,Brasil,LATAM,2001-12-31,2001,A,manufactura_pbi,13.0895379354002,% PBI,WB,World Bank,NV.IND.MANF.ZS,2026-06-12
BRA,Brasil,LATAM,2002-12-31,2002,A,manufactura_pbi,12.3569626673734,% PBI,WB,World Bank,NV.IND.MANF.ZS,2026-06-12
BRA,Brasil,LATAM,2003-12-31,2003,A,manufactura_pbi,14.4507645630532,% PBI,WB,World Bank,NV.IND.MANF.ZS,2026-06-12
BRA,Brasil,LATAM,2004-12-31,2004,A,manufactura_pbi,15.0995301563872,% PBI,WB,World Bank,NV.IND.MANF.ZS,2026-06-12
BRA,Brasil,LATAM,2005-12-31,2005,A,manufactura_pbi,14.7382811395678,% PBI,WB,World Bank,NV.IND.MANF.ZS,2026-06-12
BRA,Brasil,LATAM,2006-12-31,2006,A,manufactura_pbi,14.108945872191,% PBI,WB,World Bank,NV.IND.MANF.ZS,2026-06-12
BRA,Brasil,LATAM,2007-12-31,2007,A,manufactura_pbi,14.1542648072939,% PBI,WB,World Bank,NV.IND.MANF.ZS,2026-06-12
BRA,Brasil,LATAM,2008-12-31,2008,A,manufactura_pbi,13.9551768982477,% PBI,WB,World Bank,NV.IND.MANF.ZS,2026-06-12
BRA,Brasil,LATAM,2009-12-31,2009,A,manufactura_pbi,13.059462149411,% PBI,WB,World Bank,NV.IND.MANF.ZS,2026-06-12
BRA,Brasil,LATAM,2010-12-31,2010,A,manufactura_pbi,12.7218596106307,% PBI,WB,World Bank,NV.IND.MANF.ZS,2026-06-12
BRA,Brasil,LATAM,2011-12-31,2011,A,manufactura_pbi,11.783797669281,% PBI,WB,World Bank,NV.IND.MANF.ZS,2026-06-12
BRA,Brasil,LATAM,2012-12-31,2012,A,manufactura_pbi,10.6759423067884,% PBI,WB,World Bank,NV.IND.MANF.ZS,2026-06-12
BRA,Brasil,LATAM,2013-12-31,2013,A,manufactura_pbi,10.4796122903932,% PBI,WB,World Bank,NV.IND.MANF.ZS,2026-06-12
BRA,Brasil,LATAM,2014-12-31,2014,A,manufactura_pbi,10.3370973961119,% PBI,WB,World Bank,NV.IND.MANF.ZS,2026-06-12
BRA,Brasil,LATAM,2015-12-31,2015,A,manufactura_pbi,10.5209374563041,% PBI,WB,World Bank,NV.IND.MANF.ZS,2026-06-12
BRA,Brasil,LATAM,2016-12-31,2016,A,manufactura_pbi,10.7864511151848,% PBI,WB,World Bank,NV.IND.MANF.ZS,2026-06-12
BRA,Brasil,LATAM,2017-12-31,2017,A,manufactura_pbi,10.7214980097615,% PBI,WB,World Bank,NV.IND.MANF.ZS,2026-06-12
BRA,Brasil,LATAM,2018-12-31,2018,A,manufactura_pbi,10.5284573774955,% PBI,WB,World Bank,NV.IND.MANF.ZS,2026-06-12
BRA,Brasil,LATAM,2019-12-31,2019,A,manufactura_pbi,10.3325005326579,% PBI,WB,World Bank,NV.IND.MANF.ZS,2026-06-12
BRA,Brasil,LATAM,2020-12-31,2020,A,manufactura_pbi,10.692931568083,% PBI,WB,World Bank,NV.IND.MANF.ZS,2026-06-12
BRA,Brasil,LATAM,2021-12-31,2021,A,manufactura_pbi,11.9043730116912,% PBI,WB,World Bank,NV.IND.MANF.ZS,2026-06-12
BRA,Brasil,LATAM,2022-12-31,2022,A,manufactura_pbi,13.0740816278135,% PBI,WB,World Bank,NV.IND.MANF.ZS,2026-06-12
BRA,Brasil,LATAM,2023-12-31,2023,A,manufactura_pbi,13.2531636221996,% PBI,WB,World Bank,NV.IND.MANF.ZS,2026-06-12
BRA,Brasil,LATAM,2024-12-31,2024,A,manufactura_pbi,12.1108065155746,% PBI,WB,World Bank,NV.IND.MANF.ZS,2026-06-12
BRA,Brasil,LATAM,2000-12-31,2000,A,pbi,655448188259.351,USD actuales,WB,World Bank,NY.GDP.MKTP.CD,2026-06-12
BRA,Brasil,LATAM,2001-12-31,2001,A,pbi,559983704094.17,USD actuales,WB,World Bank,NY.GDP.MKTP.CD,2026-06-12
BRA,Brasil,LATAM,2002-12-31,2002,A,pbi,509795270685.19,USD actuales,WB,World Bank,NY.GDP.MKTP.CD,2026-06-12
BRA,Brasil,LATAM,2003-12-31,2003,A,pbi,558233724164.711,USD actuales,WB,World Bank,NY.GDP.MKTP.CD,2026-06-12
BRA,Brasil,LATAM,2004-12-31,2004,A,pbi,669289321944.512,USD actuales,WB,World Bank,NY.GDP.MKTP.CD,2026-06-12
BRA,Brasil,LATAM,2005-12-31,2005,A,pbi,891633826625.407,USD actuales,WB,World Bank,NY.GDP.MKTP.CD,2026-06-12
BRA,Brasil,LATAM,2006-12-31,2006,A,pbi,1107626711163.23,USD actuales,WB,World Bank,NY.GDP.MKTP.CD,2026-06-12
BRA,Brasil,LATAM,2007-12-31,2007,A,pbi,1397114247188.89,USD actuales,WB,World Bank,NY.GDP.MKTP.CD,2026-06-12
BRA,Brasil,LATAM,2008-12-31,2008,A,pbi,1695855391757.96,USD actuales,WB,World Bank,NY.GDP.MKTP.CD,2026-06-12
BRA,Brasil,LATAM,2009-12-31,2009,A,pbi,1666996294252.12,USD actuales,WB,World Bank,NY.GDP.MKTP.CD,2026-06-12
BRA,Brasil,LATAM,2010-12-31,2010,A,pbi,2208838108484.35,USD actuales,WB,World Bank,NY.GDP.MKTP.CD,2026-06-12
BRA,Brasil,LATAM,2011-12-31,2011,A,pbi,2616156606579.21,USD actuales,WB,World Bank,NY.GDP.MKTP.CD,2026-06-12
BRA,Brasil,LATAM,2012-12-31,2012,A,pbi,2465228293706.86,USD actuales,WB,World Bank,NY.GDP.MKTP.CD,2026-06-12
BRA,Brasil,LATAM,2013-12-31,2013,A,pbi,2472819362043.74,USD actuales,WB,World Bank,NY.GDP.MKTP.CD,2026-06-12
BRA,Brasil,LATAM,2014-12-31,2014,A,pbi,2456043766032.38,USD actuales,WB,World Bank,NY.GDP.MKTP.CD,2026-06-12
BRA,Brasil,LATAM,2015-12-31,2015,A,pbi,1802211999456.42,USD actuales,WB,World Bank,NY.GDP.MKTP.CD,2026-06-12
BRA,Brasil,LATAM,2016-12-31,2016,A,pbi,1795693265999.04,USD actuales,WB,World Bank,NY.GDP.MKTP.CD,2026-06-12
BRA,Brasil,LATAM,2017-12-31,2017,A,pbi,2063514688805.78,USD actuales,WB,World Bank,NY.GDP.MKTP.CD,2026-06-12
BRA,Brasil,LATAM,2018-12-31,2018,A,pbi,1916933708352.71,USD actuales,WB,World Bank,NY.GDP.MKTP.CD,2026-06-12
BRA,Brasil,LATAM,2019-12-31,2019,A,pbi,1873288158838.63,USD actuales,WB,World Bank,NY.GDP.MKTP.CD,2026-06-12
BRA,Brasil,LATAM,2020-12-31,2020,A,pbi,1476107292151.95,USD actuales,WB,World Bank,NY.GDP.MKTP.CD,2026-06-12
BRA,Brasil,LATAM,2021-12-31,2021,A,pbi,1670647464062.96,USD actuales,WB,World Bank,NY.GDP.MKTP.CD,2026-06-12
BRA,Brasil,LATAM,2022-12-31,2022,A,pbi,1951923832083.87,USD actuales,WB,World Bank,NY.GDP.MKTP.CD,2026-06-12
BRA,Brasil,LATAM,2023-12-31,2023,A,pbi,2191131869706.02,USD actuales,WB,World Bank,NY.GDP.MKTP.CD,2026-06-12
BRA,Brasil,LATAM,2024-12-31,2024,A,pbi,2185821648943.86,USD actuales,WB,World Bank,NY.GDP.MKTP.CD,2026-06-12
BRA,Brasil,LATAM,2000-12-31,2000,A,pbi_per_capita,3766.54786339835,USD actuales,WB,World Bank,NY.GDP.PCAP.CD,2026-06-12
BRA,Brasil,LATAM,2001-12-31,2001,A,pbi_per_capita,3176.28975052524,USD actuales,WB,World Bank,NY.GDP.PCAP.CD,2026-06-12
BRA,Brasil,LATAM,2002-12-31,2002,A,pbi_per_capita,2855.94017137049,USD actuales,WB,World Bank,NY.GDP.PCAP.CD,2026-06-12
BRA,Brasil,LATAM,2003-12-31,2003,A,pbi_per_capita,3090.6068907839,USD actuales,WB,World Bank,NY.GDP.PCAP.CD,2026-06-12
BRA,Brasil,LATAM,2004-12-31,2004,A,pbi_per_capita,3663.82262497811,USD actuales,WB,World Bank,NY.GDP.PCAP.CD,2026-06-12
BRA,Brasil,LATAM,2005-12-31,2005,A,pbi_per_capita,4827.78165890291,USD actuales,WB,World Bank,NY.GDP.PCAP.CD,2026-06-12
BRA,Brasil,LATAM,2006-12-31,2006,A,pbi_per_capita,5934.14561857454,USD actuales,WB,World Bank,NY.GDP.PCAP.CD,2026-06-12
BRA,Brasil,LATAM,2007-12-31,2007,A,pbi_per_capita,7409.69003822861,USD actuales,WB,World Bank,NY.GDP.PCAP.CD,2026-06-12
BRA,Brasil,LATAM,2008-12-31,2008,A,pbi_per_capita,8908.33338467948,USD actuales,WB,World Bank,NY.GDP.PCAP.CD,2026-06-12
BRA,Brasil,LATAM,2009-12-31,2009,A,pbi_per_capita,8678.6584730653,USD actuales,WB,World Bank,NY.GDP.PCAP.CD,2026-06-12
BRA,Brasil,LATAM,2010-12-31,2010,A,pbi_per_capita,11403.2840038694,USD actuales,WB,World Bank,NY.GDP.PCAP.CD,2026-06-12
BRA,Brasil,LATAM,2011-12-31,2011,A,pbi_per_capita,13396.6263158041,USD actuales,WB,World Bank,NY.GDP.PCAP.CD,2026-06-12
BRA,Brasil,LATAM,2012-12-31,2012,A,pbi_per_capita,12521.7238454434,USD actuales,WB,World Bank,NY.GDP.PCAP.CD,2026-06-12
BRA,Brasil,LATAM,2013-12-31,2013,A,pbi_per_capita,12458.8903396625,USD actuales,WB,World Bank,NY.GDP.PCAP.CD,2026-06-12
BRA,Brasil,LATAM,2014-12-31,2014,A,pbi_per_capita,12274.9941630213,USD actuales,WB,World Bank,NY.GDP.PCAP.CD,2026-06-12
BRA,Brasil,LATAM,2015-12-31,2015,A,pbi_per_capita,8936.1955889444,USD actuales,WB,World Bank,NY.GDP.PCAP.CD,2026-06-12
BRA,Brasil,LATAM,2016-12-31,2016,A,pbi_per_capita,8836.28546025694,USD actuales,WB,World Bank,NY.GDP.PCAP.CD,2026-06-12
BRA,Brasil,LATAM,2017-12-31,2017,A,pbi_per_capita,10080.5078722821,USD actuales,WB,World Bank,NY.GDP.PCAP.CD,2026-06-12
BRA,Brasil,LATAM,2018-12-31,2018,A,pbi_per_capita,9300.66072904004,USD actuales,WB,World Bank,NY.GDP.PCAP.CD,2026-06-12
BRA,Brasil,LATAM,2019-12-31,2019,A,pbi_per_capita,9029.83304401079,USD actuales,WB,World Bank,NY.GDP.PCAP.CD,2026-06-12
BRA,Brasil,LATAM,2020-12-31,2020,A,pbi_per_capita,7074.19407495707,USD actuales,WB,World Bank,NY.GDP.PCAP.CD,2026-06-12
BRA,Brasil,LATAM,2021-12-31,2021,A,pbi_per_capita,7972.53696080695,USD actuales,WB,World Bank,NY.GDP.PCAP.CD,2026-06-12
BRA,Brasil,LATAM,2022-12-31,2022,A,pbi_per_capita,9281.33282136864,USD actuales,WB,World Bank,NY.GDP.PCAP.CD,2026-06-12
BRA,Brasil,LATAM,2023-12-31,2023,A,pbi_per_capita,10377.5897719195,USD actuales,WB,World Bank,NY.GDP.PCAP.CD,2026-06-12
BRA,Brasil,LATAM,2024-12-31,2024,A,pbi_per_capita,10310.5488778166,USD actuales,WB,World Bank,NY.GDP.PCAP.CD,2026-06-12
BRA,Brasil,LATAM,2000-12-31,2000,A,poblacion,174018282.0,personas,WB,World Bank,SP.POP.TOTL,2026-06-12
BRA,Brasil,LATAM,2001-12-31,2001,A,poblacion,176301203.0,personas,WB,World Bank,SP.POP.TOTL,2026-06-12
BRA,Brasil,LATAM,2002-12-31,2002,A,poblacion,178503484.0,personas,WB,World Bank,SP.POP.TOTL,2026-06-12
BRA,Brasil,LATAM,2003-12-31,2003,A,poblacion,180622688.0,personas,WB,World Bank,SP.POP.TOTL,2026-06-12
BRA,Brasil,LATAM,2004-12-31,2004,A,poblacion,182675143.0,personas,WB,World Bank,SP.POP.TOTL,2026-06-12
BRA,Brasil,LATAM,2005-12-31,2005,A,poblacion,184688101.0,personas,WB,World Bank,SP.POP.TOTL,2026-06-12
BRA,Brasil,LATAM,2006-12-31,2006,A,poblacion,186653106.0,personas,WB,World Bank,SP.POP.TOTL,2026-06-12
BRA,Brasil,LATAM,2007-12-31,2007,A,poblacion,188552320.0,personas,WB,World Bank,SP.POP.TOTL,2026-06-12
BRA,Brasil,LATAM,2008-12-31,2008,A,poblacion,190367302.0,personas,WB,World Bank,SP.POP.TOTL,2026-06-12
BRA,Brasil,LATAM,2009-12-31,2009,A,poblacion,192079951.0,personas,WB,World Bank,SP.POP.TOTL,2026-06-12
BRA,Brasil,LATAM,2010-12-31,2010,A,poblacion,193701929.0,personas,WB,World Bank,SP.POP.TOTL,2026-06-12
BRA,Brasil,LATAM,2011-12-31,2011,A,poblacion,195284734.0,personas,WB,World Bank,SP.POP.TOTL,2026-06-12
BRA,Brasil,LATAM,2012-12-31,2012,A,poblacion,196876111.0,personas,WB,World Bank,SP.POP.TOTL,2026-06-12
BRA,Brasil,LATAM,2013-12-31,2013,A,poblacion,198478299.0,personas,WB,World Bank,SP.POP.TOTL,2026-06-12
BRA,Brasil,LATAM,2014-12-31,2014,A,poblacion,200085127.0,personas,WB,World Bank,SP.POP.TOTL,2026-06-12
BRA,Brasil,LATAM,2015-12-31,2015,A,poblacion,201675532.0,personas,WB,World Bank,SP.POP.TOTL,2026-06-12
BRA,Brasil,LATAM,2016-12-31,2016,A,poblacion,203218114.0,personas,WB,World Bank,SP.POP.TOTL,2026-06-12
BRA,Brasil,LATAM,2017-12-31,2017,A,poblacion,204703445.0,personas,WB,World Bank,SP.POP.TOTL,2026-06-12
BRA,Brasil,LATAM,2018-12-31,2018,A,poblacion,206107261.0,personas,WB,World Bank,SP.POP.TOTL,2026-06-12
BRA,Brasil,LATAM,2019-12-31,2019,A,poblacion,207455459.0,personas,WB,World Bank,SP.POP.TOTL,2026-06-12
BRA,Brasil,LATAM,2020-12-31,2020,A,poblacion,208660842.0,personas,WB,World Bank,SP.POP.TOTL,2026-06-12
BRA,Brasil,LATAM,2021-12-31,2021,A,poblacion,209550294.0,personas,WB,World Bank,SP.POP.TOTL,2026-06-12
BRA,Brasil,LATAM,2022-12-31,2022,A,poblacion,210306415.0,personas,WB,World Bank,SP.POP.TOTL,2026-06-12
BRA,Brasil,LATAM,2023-12-31,2023,A,poblacion,211140729.0,personas,WB,World Bank,SP.POP.TOTL,2026-06-12
BRA,Brasil,LATAM,2024-12-31,2024,A,poblacion,211998573.0,personas,WB,World Bank,SP.POP.TOTL,2026-06-12
BRA,Brasil,LATAM,2000-12-31,2000,A,servicios_pbi,58.2518612474651,% PBI,WB,World Bank,NV.SRV.TOTL.ZS,2026-06-12
BRA,Brasil,LATAM,2001-12-31,2001,A,servicios_pbi,57.7136922473936,% PBI,WB,World Bank,NV.SRV.TOTL.ZS,2026-06-12
BRA,Brasil,LATAM,2002-12-31,2002,A,servicios_pbi,57.3481454732844,% PBI,WB,World Bank,NV.SRV.TOTL.ZS,2026-06-12
BRA,Brasil,LATAM,2003-12-31,2003,A,servicios_pbi,56.3578281358252,% PBI,WB,World Bank,NV.SRV.TOTL.ZS,2026-06-12
BRA,Brasil,LATAM,2004-12-31,2004,A,servicios_pbi,54.9204711079064,% PBI,WB,World Bank,NV.SRV.TOTL.ZS,2026-06-12
BRA,Brasil,LATAM,2005-12-31,2005,A,servicios_pbi,56.0758916063079,% PBI,WB,World Bank,NV.SRV.TOTL.ZS,2026-06-12
BRA,Brasil,LATAM,2006-12-31,2006,A,servicios_pbi,57.1381272137718,% PBI,WB,World Bank,NV.SRV.TOTL.ZS,2026-06-12
BRA,Brasil,LATAM,2007-12-31,2007,A,servicios_pbi,57.7262362197187,% PBI,WB,World Bank,NV.SRV.TOTL.ZS,2026-06-12
BRA,Brasil,LATAM,2008-12-31,2008,A,servicios_pbi,56.8048617741342,% PBI,WB,World Bank,NV.SRV.TOTL.ZS,2026-06-12
BRA,Brasil,LATAM,2009-12-31,2009,A,servicios_pbi,59.14505921907,% PBI,WB,World Bank,NV.SRV.TOTL.ZS,2026-06-12
BRA,Brasil,LATAM,2010-12-31,2010,A,servicios_pbi,57.6129219702781,% PBI,WB,World Bank,NV.SRV.TOTL.ZS,2026-06-12
BRA,Brasil,LATAM,2011-12-31,2011,A,servicios_pbi,57.5681693213714,% PBI,WB,World Bank,NV.SRV.TOTL.ZS,2026-06-12
BRA,Brasil,LATAM,2012-12-31,2012,A,servicios_pbi,58.7336025082152,% PBI,WB,World Bank,NV.SRV.TOTL.ZS,2026-06-12
BRA,Brasil,LATAM,2013-12-31,2013,A,servicios_pbi,59.6787579929242,% PBI,WB,World Bank,NV.SRV.TOTL.ZS,2026-06-12
BRA,Brasil,LATAM,2014-12-31,2014,A,servicios_pbi,61.250974009102,% PBI,WB,World Bank,NV.SRV.TOTL.ZS,2026-06-12
BRA,Brasil,LATAM,2015-12-31,2015,A,servicios_pbi,62.3078671737793,% PBI,WB,World Bank,NV.SRV.TOTL.ZS,2026-06-12
BRA,Brasil,LATAM,2016-12-31,2016,A,servicios_pbi,63.2036958322425,% PBI,WB,World Bank,NV.SRV.TOTL.ZS,2026-06-12
BRA,Brasil,LATAM,2017-12-31,2017,A,servicios_pbi,63.3386728622309,% PBI,WB,World Bank,NV.SRV.TOTL.ZS,2026-06-12
BRA,Brasil,LATAM,2018-12-31,2018,A,servicios_pbi,62.6533503532505,% PBI,WB,World Bank,NV.SRV.TOTL.ZS,2026-06-12
BRA,Brasil,LATAM,2019-12-31,2019,A,servicios_pbi,63.0678492508986,% PBI,WB,World Bank,NV.SRV.TOTL.ZS,2026-06-12
BRA,Brasil,LATAM,2020-12-31,2020,A,servicios_pbi,61.4484446411949,% PBI,WB,World Bank,NV.SRV.TOTL.ZS,2026-06-12
BRA,Brasil,LATAM,2021-12-31,2021,A,servicios_pbi,56.9133841883894,% PBI,WB,World Bank,NV.SRV.TOTL.ZS,2026-06-12
BRA,Brasil,LATAM,2022-12-31,2022,A,servicios_pbi,58.0872310746862,% PBI,WB,World Bank,NV.SRV.TOTL.ZS,2026-06-12
BRA,Brasil,LATAM,2023-12-31,2023,A,servicios_pbi,59.1789358564203,% PBI,WB,World Bank,NV.SRV.TOTL.ZS,2026-06-12
BRA,Brasil,LATAM,2024-12-31,2024,A,servicios_pbi,59.1707527174248,% PBI,WB,World Bank,NV.SRV.TOTL.ZS,2026-06-12
CHL,Chile,LATAM,2000-12-31,2000,A,agro_pbi,5.08296243051118,% PBI,WB,World Bank,NV.AGR.TOTL.ZS,2026-06-12
CHL,Chile,LATAM,2001-12-31,2001,A,agro_pbi,4.06242026416145,% PBI,WB,World Bank,NV.AGR.TOTL.ZS,2026-06-12
CHL,Chile,LATAM,2002-12-31,2002,A,agro_pbi,4.06503324753284,% PBI,WB,World Bank,NV.AGR.TOTL.ZS,2026-06-12
CHL,Chile,LATAM,2003-12-31,2003,A,agro_pbi,4.09477533093825,% PBI,WB,World Bank,NV.AGR.TOTL.ZS,2026-06-12
CHL,Chile,LATAM,2004-12-31,2004,A,agro_pbi,3.75826582540335,% PBI,WB,World Bank,NV.AGR.TOTL.ZS,2026-06-12
CHL,Chile,LATAM,2005-12-31,2005,A,agro_pbi,3.92221193789503,% PBI,WB,World Bank,NV.AGR.TOTL.ZS,2026-06-12
CHL,Chile,LATAM,2006-12-31,2006,A,agro_pbi,3.71204514365714,% PBI,WB,World Bank,NV.AGR.TOTL.ZS,2026-06-12
CHL,Chile,LATAM,2007-12-31,2007,A,agro_pbi,3.55057108879902,% PBI,WB,World Bank,NV.AGR.TOTL.ZS,2026-06-12
CHL,Chile,LATAM,2008-12-31,2008,A,agro_pbi,3.42443226132978,% PBI,WB,World Bank,NV.AGR.TOTL.ZS,2026-06-12
CHL,Chile,LATAM,2009-12-31,2009,A,agro_pbi,3.69712695588486,% PBI,WB,World Bank,NV.AGR.TOTL.ZS,2026-06-12
CHL,Chile,LATAM,2010-12-31,2010,A,agro_pbi,3.47828463189786,% PBI,WB,World Bank,NV.AGR.TOTL.ZS,2026-06-12
CHL,Chile,LATAM,2011-12-31,2011,A,agro_pbi,3.62618323583881,% PBI,WB,World Bank,NV.AGR.TOTL.ZS,2026-06-12
CHL,Chile,LATAM,2012-12-31,2012,A,agro_pbi,3.27493353961752,% PBI,WB,World Bank,NV.AGR.TOTL.ZS,2026-06-12
CHL,Chile,LATAM,2013-12-31,2013,A,agro_pbi,3.47337532789926,% PBI,WB,World Bank,NV.AGR.TOTL.ZS,2026-06-12
CHL,Chile,LATAM,2014-12-31,2014,A,agro_pbi,3.94662062999462,% PBI,WB,World Bank,NV.AGR.TOTL.ZS,2026-06-12
CHL,Chile,LATAM,2015-12-31,2015,A,agro_pbi,3.7094042753649,% PBI,WB,World Bank,NV.AGR.TOTL.ZS,2026-06-12
CHL,Chile,LATAM,2016-12-31,2016,A,agro_pbi,4.19908937129196,% PBI,WB,World Bank,NV.AGR.TOTL.ZS,2026-06-12
CHL,Chile,LATAM,2017-12-31,2017,A,agro_pbi,4.28097161377037,% PBI,WB,World Bank,NV.AGR.TOTL.ZS,2026-06-12
CHL,Chile,LATAM,2018-12-31,2018,A,agro_pbi,3.92743592461123,% PBI,WB,World Bank,NV.AGR.TOTL.ZS,2026-06-12
CHL,Chile,LATAM,2019-12-31,2019,A,agro_pbi,3.987812171379,% PBI,WB,World Bank,NV.AGR.TOTL.ZS,2026-06-12
CHL,Chile,LATAM,2020-12-31,2020,A,agro_pbi,4.04542684409947,% PBI,WB,World Bank,NV.AGR.TOTL.ZS,2026-06-12
CHL,Chile,LATAM,2021-12-31,2021,A,agro_pbi,3.50586436813615,% PBI,WB,World Bank,NV.AGR.TOTL.ZS,2026-06-12
CHL,Chile,LATAM,2022-12-31,2022,A,agro_pbi,3.23467925849162,% PBI,WB,World Bank,NV.AGR.TOTL.ZS,2026-06-12
CHL,Chile,LATAM,2023-12-31,2023,A,agro_pbi,3.49022733362425,% PBI,WB,World Bank,NV.AGR.TOTL.ZS,2026-06-12
CHL,Chile,LATAM,2024-12-31,2024,A,agro_pbi,3.91236351235161,% PBI,WB,World Bank,NV.AGR.TOTL.ZS,2026-06-12
CHL,Chile,LATAM,2000-12-31,2000,A,crecimiento_pbi,4.9716214882971,% anual,WB,World Bank,NY.GDP.MKTP.KD.ZG,2026-06-12
CHL,Chile,LATAM,2001-12-31,2001,A,crecimiento_pbi,3.15403492459967,% anual,WB,World Bank,NY.GDP.MKTP.KD.ZG,2026-06-12
CHL,Chile,LATAM,2002-12-31,2002,A,crecimiento_pbi,3.20279913520113,% anual,WB,World Bank,NY.GDP.MKTP.KD.ZG,2026-06-12
CHL,Chile,LATAM,2003-12-31,2003,A,crecimiento_pbi,4.72324526861041,% anual,WB,World Bank,NY.GDP.MKTP.KD.ZG,2026-06-12
CHL,Chile,LATAM,2004-12-31,2004,A,crecimiento_pbi,6.67425416822923,% anual,WB,World Bank,NY.GDP.MKTP.KD.ZG,2026-06-12
CHL,Chile,LATAM,2005-12-31,2005,A,crecimiento_pbi,5.83704571917758,% anual,WB,World Bank,NY.GDP.MKTP.KD.ZG,2026-06-12
CHL,Chile,LATAM,2006-12-31,2006,A,crecimiento_pbi,6.04999082563968,% anual,WB,World Bank,NY.GDP.MKTP.KD.ZG,2026-06-12
CHL,Chile,LATAM,2007-12-31,2007,A,crecimiento_pbi,5.16823098528431,% anual,WB,World Bank,NY.GDP.MKTP.KD.ZG,2026-06-12
CHL,Chile,LATAM,2008-12-31,2008,A,crecimiento_pbi,3.78939280635238,% anual,WB,World Bank,NY.GDP.MKTP.KD.ZG,2026-06-12
CHL,Chile,LATAM,2009-12-31,2009,A,crecimiento_pbi,-1.11803723642878,% anual,WB,World Bank,NY.GDP.MKTP.KD.ZG,2026-06-12
CHL,Chile,LATAM,2010-12-31,2010,A,crecimiento_pbi,5.85165102224047,% anual,WB,World Bank,NY.GDP.MKTP.KD.ZG,2026-06-12
CHL,Chile,LATAM,2011-12-31,2011,A,crecimiento_pbi,6.22389678509138,% anual,WB,World Bank,NY.GDP.MKTP.KD.ZG,2026-06-12
CHL,Chile,LATAM,2012-12-31,2012,A,crecimiento_pbi,6.15534001855494,% anual,WB,World Bank,NY.GDP.MKTP.KD.ZG,2026-06-12
CHL,Chile,LATAM,2013-12-31,2013,A,crecimiento_pbi,3.30850824710085,% anual,WB,World Bank,NY.GDP.MKTP.KD.ZG,2026-06-12
CHL,Chile,LATAM,2014-12-31,2014,A,crecimiento_pbi,1.79264947139259,% anual,WB,World Bank,NY.GDP.MKTP.KD.ZG,2026-06-12
CHL,Chile,LATAM,2015-12-31,2015,A,crecimiento_pbi,2.15194249981184,% anual,WB,World Bank,NY.GDP.MKTP.KD.ZG,2026-06-12
CHL,Chile,LATAM,2016-12-31,2016,A,crecimiento_pbi,1.753038749071,% anual,WB,World Bank,NY.GDP.MKTP.KD.ZG,2026-06-12
CHL,Chile,LATAM,2017-12-31,2017,A,crecimiento_pbi,1.35769537343957,% anual,WB,World Bank,NY.GDP.MKTP.KD.ZG,2026-06-12
CHL,Chile,LATAM,2018-12-31,2018,A,crecimiento_pbi,3.99002947789977,% anual,WB,World Bank,NY.GDP.MKTP.KD.ZG,2026-06-12
CHL,Chile,LATAM,2019-12-31,2019,A,crecimiento_pbi,0.634367533828438,% anual,WB,World Bank,NY.GDP.MKTP.KD.ZG,2026-06-12
CHL,Chile,LATAM,2020-12-31,2020,A,crecimiento_pbi,-6.14347479224092,% anual,WB,World Bank,NY.GDP.MKTP.KD.ZG,2026-06-12
CHL,Chile,LATAM,2021-12-31,2021,A,crecimiento_pbi,11.3149204879049,% anual,WB,World Bank,NY.GDP.MKTP.KD.ZG,2026-06-12
CHL,Chile,LATAM,2022-12-31,2022,A,crecimiento_pbi,2.15399356192458,% anual,WB,World Bank,NY.GDP.MKTP.KD.ZG,2026-06-12
CHL,Chile,LATAM,2023-12-31,2023,A,crecimiento_pbi,0.521367977246825,% anual,WB,World Bank,NY.GDP.MKTP.KD.ZG,2026-06-12
CHL,Chile,LATAM,2024-12-31,2024,A,crecimiento_pbi,2.64431154871538,% anual,WB,World Bank,NY.GDP.MKTP.KD.ZG,2026-06-12
CHL,Chile,LATAM,2000-12-31,2000,A,desempleo,10.491,% población activa,WB,World Bank,SL.UEM.TOTL.ZS,2026-06-12
CHL,Chile,LATAM,2001-12-31,2001,A,desempleo,10.39,% población activa,WB,World Bank,SL.UEM.TOTL.ZS,2026-06-12
CHL,Chile,LATAM,2002-12-31,2002,A,desempleo,10.168,% población activa,WB,World Bank,SL.UEM.TOTL.ZS,2026-06-12
CHL,Chile,LATAM,2003-12-31,2003,A,desempleo,9.765,% población activa,WB,World Bank,SL.UEM.TOTL.ZS,2026-06-12
CHL,Chile,LATAM,2004-12-31,2004,A,desempleo,10.162,% población activa,WB,World Bank,SL.UEM.TOTL.ZS,2026-06-12
CHL,Chile,LATAM,2005-12-31,2005,A,desempleo,9.34,% población activa,WB,World Bank,SL.UEM.TOTL.ZS,2026-06-12
CHL,Chile,LATAM,2006-12-31,2006,A,desempleo,9.024,% población activa,WB,World Bank,SL.UEM.TOTL.ZS,2026-06-12
CHL,Chile,LATAM,2007-12-31,2007,A,desempleo,8.427,% población activa,WB,World Bank,SL.UEM.TOTL.ZS,2026-06-12
CHL,Chile,LATAM,2008-12-31,2008,A,desempleo,9.285,% población activa,WB,World Bank,SL.UEM.TOTL.ZS,2026-06-12
CHL,Chile,LATAM,2009-12-31,2009,A,desempleo,11.313,% población activa,WB,World Bank,SL.UEM.TOTL.ZS,2026-06-12
CHL,Chile,LATAM,2010-12-31,2010,A,desempleo,8.547,% población activa,WB,World Bank,SL.UEM.TOTL.ZS,2026-06-12
CHL,Chile,LATAM,2011-12-31,2011,A,desempleo,7.492,% población activa,WB,World Bank,SL.UEM.TOTL.ZS,2026-06-12
CHL,Chile,LATAM,2012-12-31,2012,A,desempleo,6.79,% población activa,WB,World Bank,SL.UEM.TOTL.ZS,2026-06-12
CHL,Chile,LATAM,2013-12-31,2013,A,desempleo,6.361,% población activa,WB,World Bank,SL.UEM.TOTL.ZS,2026-06-12
CHL,Chile,LATAM,2014-12-31,2014,A,desempleo,6.761,% población activa,WB,World Bank,SL.UEM.TOTL.ZS,2026-06-12
CHL,Chile,LATAM,2015-12-31,2015,A,desempleo,6.605,% población activa,WB,World Bank,SL.UEM.TOTL.ZS,2026-06-12
CHL,Chile,LATAM,2016-12-31,2016,A,desempleo,6.926,% población activa,WB,World Bank,SL.UEM.TOTL.ZS,2026-06-12
CHL,Chile,LATAM,2017-12-31,2017,A,desempleo,7.257,% población activa,WB,World Bank,SL.UEM.TOTL.ZS,2026-06-12
CHL,Chile,LATAM,2018-12-31,2018,A,desempleo,7.623,% población activa,WB,World Bank,SL.UEM.TOTL.ZS,2026-06-12
CHL,Chile,LATAM,2019-12-31,2019,A,desempleo,7.493,% población activa,WB,World Bank,SL.UEM.TOTL.ZS,2026-06-12
CHL,Chile,LATAM,2020-12-31,2020,A,desempleo,10.934,% población activa,WB,World Bank,SL.UEM.TOTL.ZS,2026-06-12
CHL,Chile,LATAM,2021-12-31,2021,A,desempleo,9.281,% población activa,WB,World Bank,SL.UEM.TOTL.ZS,2026-06-12
CHL,Chile,LATAM,2022-12-31,2022,A,desempleo,8.249,% población activa,WB,World Bank,SL.UEM.TOTL.ZS,2026-06-12
CHL,Chile,LATAM,2023-12-31,2023,A,desempleo,9.013,% población activa,WB,World Bank,SL.UEM.TOTL.ZS,2026-06-12
CHL,Chile,LATAM,2024-12-31,2024,A,desempleo,8.718,% población activa,WB,World Bank,SL.UEM.TOTL.ZS,2026-06-12
CHL,Chile,LATAM,2025-12-31,2025,A,desempleo,8.974,% población activa,WB,World Bank,SL.UEM.TOTL.ZS,2026-06-12
CHL,Chile,LATAM,2000-12-31,2000,A,exportaciones_pbi,30.1237538780926,% PBI,WB,World Bank,NE.EXP.GNFS.ZS,2026-06-12
CHL,Chile,LATAM,2001-12-31,2001,A,exportaciones_pbi,31.8473112661696,% PBI,WB,World Bank,NE.EXP.GNFS.ZS,2026-06-12
CHL,Chile,LATAM,2002-12-31,2002,A,exportaciones_pbi,32.2572203545438,% PBI,WB,World Bank,NE.EXP.GNFS.ZS,2026-06-12
CHL,Chile,LATAM,2003-12-31,2003,A,exportaciones_pbi,35.0609745308001,% PBI,WB,World Bank,NE.EXP.GNFS.ZS,2026-06-12
CHL,Chile,LATAM,2004-12-31,2004,A,exportaciones_pbi,39.6857495120642,% PBI,WB,World Bank,NE.EXP.GNFS.ZS,2026-06-12
CHL,Chile,LATAM,2005-12-31,2005,A,exportaciones_pbi,40.1755720109201,% PBI,WB,World Bank,NE.EXP.GNFS.ZS,2026-06-12
CHL,Chile,LATAM,2006-12-31,2006,A,exportaciones_pbi,43.8656742009237,% PBI,WB,World Bank,NE.EXP.GNFS.ZS,2026-06-12
CHL,Chile,LATAM,2007-12-31,2007,A,exportaciones_pbi,45.1298518955866,% PBI,WB,World Bank,NE.EXP.GNFS.ZS,2026-06-12
CHL,Chile,LATAM,2008-12-31,2008,A,exportaciones_pbi,41.1625607908642,% PBI,WB,World Bank,NE.EXP.GNFS.ZS,2026-06-12
CHL,Chile,LATAM,2009-12-31,2009,A,exportaciones_pbi,37.1156347956721,% PBI,WB,World Bank,NE.EXP.GNFS.ZS,2026-06-12
CHL,Chile,LATAM,2010-12-31,2010,A,exportaciones_pbi,37.9039943184914,% PBI,WB,World Bank,NE.EXP.GNFS.ZS,2026-06-12
CHL,Chile,LATAM,2011-12-31,2011,A,exportaciones_pbi,37.6897802745717,% PBI,WB,World Bank,NE.EXP.GNFS.ZS,2026-06-12
CHL,Chile,LATAM,2012-12-31,2012,A,exportaciones_pbi,33.8455905043756,% PBI,WB,World Bank,NE.EXP.GNFS.ZS,2026-06-12
CHL,Chile,LATAM,2013-12-31,2013,A,exportaciones_pbi,32.087463589174,% PBI,WB,World Bank,NE.EXP.GNFS.ZS,2026-06-12
CHL,Chile,LATAM,2014-12-31,2014,A,exportaciones_pbi,33.0039029664774,% PBI,WB,World Bank,NE.EXP.GNFS.ZS,2026-06-12
CHL,Chile,LATAM,2015-12-31,2015,A,exportaciones_pbi,29.1910794903324,% PBI,WB,World Bank,NE.EXP.GNFS.ZS,2026-06-12
CHL,Chile,LATAM,2016-12-31,2016,A,exportaciones_pbi,27.9231581098221,% PBI,WB,World Bank,NE.EXP.GNFS.ZS,2026-06-12
CHL,Chile,LATAM,2017-12-31,2017,A,exportaciones_pbi,28.3313768341631,% PBI,WB,World Bank,NE.EXP.GNFS.ZS,2026-06-12
CHL,Chile,LATAM,2018-12-31,2018,A,exportaciones_pbi,28.5290447397579,% PBI,WB,World Bank,NE.EXP.GNFS.ZS,2026-06-12
CHL,Chile,LATAM,2019-12-31,2019,A,exportaciones_pbi,27.8746677570512,% PBI,WB,World Bank,NE.EXP.GNFS.ZS,2026-06-12
CHL,Chile,LATAM,2020-12-31,2020,A,exportaciones_pbi,31.3303902428612,% PBI,WB,World Bank,NE.EXP.GNFS.ZS,2026-06-12
CHL,Chile,LATAM,2021-12-31,2021,A,exportaciones_pbi,31.9927952679237,% PBI,WB,World Bank,NE.EXP.GNFS.ZS,2026-06-12
CHL,Chile,LATAM,2022-12-31,2022,A,exportaciones_pbi,35.6066282723137,% PBI,WB,World Bank,NE.EXP.GNFS.ZS,2026-06-12
CHL,Chile,LATAM,2023-12-31,2023,A,exportaciones_pbi,30.8110620735322,% PBI,WB,World Bank,NE.EXP.GNFS.ZS,2026-06-12
CHL,Chile,LATAM,2024-12-31,2024,A,exportaciones_pbi,33.7233211746608,% PBI,WB,World Bank,NE.EXP.GNFS.ZS,2026-06-12
CHL,Chile,LATAM,2000-12-31,2000,A,importaciones_pbi,28.5881692096046,% PBI,WB,World Bank,NE.IMP.GNFS.ZS,2026-06-12
CHL,Chile,LATAM,2001-12-31,2001,A,importaciones_pbi,30.2974557025949,% PBI,WB,World Bank,NE.IMP.GNFS.ZS,2026-06-12
CHL,Chile,LATAM,2002-12-31,2002,A,importaciones_pbi,30.2266315470858,% PBI,WB,World Bank,NE.IMP.GNFS.ZS,2026-06-12
CHL,Chile,LATAM,2003-12-31,2003,A,importaciones_pbi,30.6324450601049,% PBI,WB,World Bank,NE.IMP.GNFS.ZS,2026-06-12
CHL,Chile,LATAM,2004-12-31,2004,A,importaciones_pbi,30.2036105411816,% PBI,WB,World Bank,NE.IMP.GNFS.ZS,2026-06-12
CHL,Chile,LATAM,2005-12-31,2005,A,importaciones_pbi,31.8869622271093,% PBI,WB,World Bank,NE.IMP.GNFS.ZS,2026-06-12
CHL,Chile,LATAM,2006-12-31,2006,A,importaciones_pbi,29.8459608439284,% PBI,WB,World Bank,NE.IMP.GNFS.ZS,2026-06-12
CHL,Chile,LATAM,2007-12-31,2007,A,importaciones_pbi,31.8471728185062,% PBI,WB,World Bank,NE.IMP.GNFS.ZS,2026-06-12
CHL,Chile,LATAM,2008-12-31,2008,A,importaciones_pbi,39.5140654497826,% PBI,WB,World Bank,NE.IMP.GNFS.ZS,2026-06-12
CHL,Chile,LATAM,2009-12-31,2009,A,importaciones_pbi,29.5703961674697,% PBI,WB,World Bank,NE.IMP.GNFS.ZS,2026-06-12
CHL,Chile,LATAM,2010-12-31,2010,A,importaciones_pbi,31.8136858185424,% PBI,WB,World Bank,NE.IMP.GNFS.ZS,2026-06-12
CHL,Chile,LATAM,2011-12-31,2011,A,importaciones_pbi,34.7918625331617,% PBI,WB,World Bank,NE.IMP.GNFS.ZS,2026-06-12
CHL,Chile,LATAM,2012-12-31,2012,A,importaciones_pbi,34.3105523869584,% PBI,WB,World Bank,NE.IMP.GNFS.ZS,2026-06-12
CHL,Chile,LATAM,2013-12-31,2013,A,importaciones_pbi,33.0558243632138,% PBI,WB,World Bank,NE.IMP.GNFS.ZS,2026-06-12
CHL,Chile,LATAM,2014-12-31,2014,A,importaciones_pbi,32.6307251554113,% PBI,WB,World Bank,NE.IMP.GNFS.ZS,2026-06-12
CHL,Chile,LATAM,2015-12-31,2015,A,importaciones_pbi,30.1580309871985,% PBI,WB,World Bank,NE.IMP.GNFS.ZS,2026-06-12
CHL,Chile,LATAM,2016-12-31,2016,A,importaciones_pbi,28.1347029779502,% PBI,WB,World Bank,NE.IMP.GNFS.ZS,2026-06-12
CHL,Chile,LATAM,2017-12-31,2017,A,importaciones_pbi,27.6947821334076,% PBI,WB,World Bank,NE.IMP.GNFS.ZS,2026-06-12
CHL,Chile,LATAM,2018-12-31,2018,A,importaciones_pbi,29.6480058936791,% PBI,WB,World Bank,NE.IMP.GNFS.ZS,2026-06-12
CHL,Chile,LATAM,2019-12-31,2019,A,importaciones_pbi,29.7370868110317,% PBI,WB,World Bank,NE.IMP.GNFS.ZS,2026-06-12
CHL,Chile,LATAM,2020-12-31,2020,A,importaciones_pbi,26.8524733201136,% PBI,WB,World Bank,NE.IMP.GNFS.ZS,2026-06-12
CHL,Chile,LATAM,2021-12-31,2021,A,importaciones_pbi,32.8846110558597,% PBI,WB,World Bank,NE.IMP.GNFS.ZS,2026-06-12
CHL,Chile,LATAM,2022-12-31,2022,A,importaciones_pbi,39.5949894702167,% PBI,WB,World Bank,NE.IMP.GNFS.ZS,2026-06-12
CHL,Chile,LATAM,2023-12-31,2023,A,importaciones_pbi,29.9136616139086,% PBI,WB,World Bank,NE.IMP.GNFS.ZS,2026-06-12
CHL,Chile,LATAM,2024-12-31,2024,A,importaciones_pbi,30.1365360734052,% PBI,WB,World Bank,NE.IMP.GNFS.ZS,2026-06-12
CHL,Chile,LATAM,2000-12-31,2000,A,industria_pbi,27.8329007305146,% PBI,WB,World Bank,NV.IND.TOTL.ZS,2026-06-12
CHL,Chile,LATAM,2001-12-31,2001,A,industria_pbi,28.4825729751045,% PBI,WB,World Bank,NV.IND.TOTL.ZS,2026-06-12
CHL,Chile,LATAM,2002-12-31,2002,A,industria_pbi,28.5180345922146,% PBI,WB,World Bank,NV.IND.TOTL.ZS,2026-06-12
CHL,Chile,LATAM,2003-12-31,2003,A,industria_pbi,29.7153366007983,% PBI,WB,World Bank,NV.IND.TOTL.ZS,2026-06-12
CHL,Chile,LATAM,2004-12-31,2004,A,industria_pbi,32.7525021838824,% PBI,WB,World Bank,NV.IND.TOTL.ZS,2026-06-12
CHL,Chile,LATAM,2005-12-31,2005,A,industria_pbi,34.0353024141328,% PBI,WB,World Bank,NV.IND.TOTL.ZS,2026-06-12
CHL,Chile,LATAM,2006-12-31,2006,A,industria_pbi,38.684729192628,% PBI,WB,World Bank,NV.IND.TOTL.ZS,2026-06-12
CHL,Chile,LATAM,2007-12-31,2007,A,industria_pbi,37.4665970166252,% PBI,WB,World Bank,NV.IND.TOTL.ZS,2026-06-12
CHL,Chile,LATAM,2008-12-31,2008,A,industria_pbi,31.9839914243068,% PBI,WB,World Bank,NV.IND.TOTL.ZS,2026-06-12
CHL,Chile,LATAM,2009-12-31,2009,A,industria_pbi,31.8892011542261,% PBI,WB,World Bank,NV.IND.TOTL.ZS,2026-06-12
CHL,Chile,LATAM,2010-12-31,2010,A,industria_pbi,33.4669030156191,% PBI,WB,World Bank,NV.IND.TOTL.ZS,2026-06-12
CHL,Chile,LATAM,2011-12-31,2011,A,industria_pbi,32.4417542348483,% PBI,WB,World Bank,NV.IND.TOTL.ZS,2026-06-12
CHL,Chile,LATAM,2012-12-31,2012,A,industria_pbi,30.5583003272184,% PBI,WB,World Bank,NV.IND.TOTL.ZS,2026-06-12
CHL,Chile,LATAM,2013-12-31,2013,A,industria_pbi,29.4304373078105,% PBI,WB,World Bank,NV.IND.TOTL.ZS,2026-06-12
CHL,Chile,LATAM,2014-12-31,2014,A,industria_pbi,28.9028670653185,% PBI,WB,World Bank,NV.IND.TOTL.ZS,2026-06-12
CHL,Chile,LATAM,2015-12-31,2015,A,industria_pbi,27.8806404106495,% PBI,WB,World Bank,NV.IND.TOTL.ZS,2026-06-12
CHL,Chile,LATAM,2016-12-31,2016,A,industria_pbi,26.7795650481896,% PBI,WB,World Bank,NV.IND.TOTL.ZS,2026-06-12
CHL,Chile,LATAM,2017-12-31,2017,A,industria_pbi,27.3811560671383,% PBI,WB,World Bank,NV.IND.TOTL.ZS,2026-06-12
CHL,Chile,LATAM,2018-12-31,2018,A,industria_pbi,27.8615227739821,% PBI,WB,World Bank,NV.IND.TOTL.ZS,2026-06-12
CHL,Chile,LATAM,2019-12-31,2019,A,industria_pbi,27.1184422429165,% PBI,WB,World Bank,NV.IND.TOTL.ZS,2026-06-12
CHL,Chile,LATAM,2020-12-31,2020,A,industria_pbi,29.8295676046618,% PBI,WB,World Bank,NV.IND.TOTL.ZS,2026-06-12
CHL,Chile,LATAM,2021-12-31,2021,A,industria_pbi,30.860053303873,% PBI,WB,World Bank,NV.IND.TOTL.ZS,2026-06-12
CHL,Chile,LATAM,2022-12-31,2022,A,industria_pbi,31.0330474006021,% PBI,WB,World Bank,NV.IND.TOTL.ZS,2026-06-12
CHL,Chile,LATAM,2023-12-31,2023,A,industria_pbi,28.8030257311404,% PBI,WB,World Bank,NV.IND.TOTL.ZS,2026-06-12
CHL,Chile,LATAM,2024-12-31,2024,A,industria_pbi,30.0858422756464,% PBI,WB,World Bank,NV.IND.TOTL.ZS,2026-06-12
CHL,Chile,LATAM,2000-12-31,2000,A,inflacion,3.84327295706565,% anual,WB,World Bank,FP.CPI.TOTL.ZG,2026-06-12
CHL,Chile,LATAM,2001-12-31,2001,A,inflacion,3.56910053001466,% anual,WB,World Bank,FP.CPI.TOTL.ZG,2026-06-12
CHL,Chile,LATAM,2002-12-31,2002,A,inflacion,2.48939816650705,% anual,WB,World Bank,FP.CPI.TOTL.ZG,2026-06-12
CHL,Chile,LATAM,2003-12-31,2003,A,inflacion,2.8101787574361,% anual,WB,World Bank,FP.CPI.TOTL.ZG,2026-06-12
CHL,Chile,LATAM,2004-12-31,2004,A,inflacion,1.05473871403516,% anual,WB,World Bank,FP.CPI.TOTL.ZG,2026-06-12
CHL,Chile,LATAM,2005-12-31,2005,A,inflacion,3.05257621387849,% anual,WB,World Bank,FP.CPI.TOTL.ZG,2026-06-12
CHL,Chile,LATAM,2006-12-31,2006,A,inflacion,3.39201733699405,% anual,WB,World Bank,FP.CPI.TOTL.ZG,2026-06-12
CHL,Chile,LATAM,2007-12-31,2007,A,inflacion,4.40779938398044,% anual,WB,World Bank,FP.CPI.TOTL.ZG,2026-06-12
CHL,Chile,LATAM,2008-12-31,2008,A,inflacion,8.71626873039607,% anual,WB,World Bank,FP.CPI.TOTL.ZG,2026-06-12
CHL,Chile,LATAM,2009-12-31,2009,A,inflacion,0.353045178360936,% anual,WB,World Bank,FP.CPI.TOTL.ZG,2026-06-12
CHL,Chile,LATAM,2010-12-31,2010,A,inflacion,1.4107110795432,% anual,WB,World Bank,FP.CPI.TOTL.ZG,2026-06-12
CHL,Chile,LATAM,2011-12-31,2011,A,inflacion,3.34121694259302,% anual,WB,World Bank,FP.CPI.TOTL.ZG,2026-06-12
CHL,Chile,LATAM,2012-12-31,2012,A,inflacion,3.00744840213047,% anual,WB,World Bank,FP.CPI.TOTL.ZG,2026-06-12
CHL,Chile,LATAM,2013-12-31,2013,A,inflacion,1.7895555398459,% anual,WB,World Bank,FP.CPI.TOTL.ZG,2026-06-12
CHL,Chile,LATAM,2014-12-31,2014,A,inflacion,4.71867527854671,% anual,WB,World Bank,FP.CPI.TOTL.ZG,2026-06-12
CHL,Chile,LATAM,2015-12-31,2015,A,inflacion,4.34877353217044,% anual,WB,World Bank,FP.CPI.TOTL.ZG,2026-06-12
CHL,Chile,LATAM,2016-12-31,2016,A,inflacion,3.78619355893118,% anual,WB,World Bank,FP.CPI.TOTL.ZG,2026-06-12
CHL,Chile,LATAM,2017-12-31,2017,A,inflacion,2.18271846868519,% anual,WB,World Bank,FP.CPI.TOTL.ZG,2026-06-12
CHL,Chile,LATAM,2018-12-31,2018,A,inflacion,2.43488981353057,% anual,WB,World Bank,FP.CPI.TOTL.ZG,2026-06-12
CHL,Chile,LATAM,2019-12-31,2019,A,inflacion,2.55754475703326,% anual,WB,World Bank,FP.CPI.TOTL.ZG,2026-06-12
CHL,Chile,LATAM,2020-12-31,2020,A,inflacion,3.04549084804326,% anual,WB,World Bank,FP.CPI.TOTL.ZG,2026-06-12
CHL,Chile,LATAM,2021-12-31,2021,A,inflacion,4.52456838259143,% anual,WB,World Bank,FP.CPI.TOTL.ZG,2026-06-12
CHL,Chile,LATAM,2022-12-31,2022,A,inflacion,11.6438667110559,% anual,WB,World Bank,FP.CPI.TOTL.ZG,2026-06-12
CHL,Chile,LATAM,2023-12-31,2023,A,inflacion,7.58168251407962,% anual,WB,World Bank,FP.CPI.TOTL.ZG,2026-06-12
CHL,Chile,LATAM,2024-12-31,2024,A,inflacion,4.29763891572524,% anual,WB,World Bank,FP.CPI.TOTL.ZG,2026-06-12
CHL,Chile,LATAM,2000-12-31,2000,A,inversion_pbi,23.7507555521354,% PBI,WB,World Bank,NE.GDI.TOTL.ZS,2026-06-12
CHL,Chile,LATAM,2001-12-31,2001,A,inversion_pbi,24.0912139068772,% PBI,WB,World Bank,NE.GDI.TOTL.ZS,2026-06-12
CHL,Chile,LATAM,2002-12-31,2002,A,inversion_pbi,24.1083878093603,% PBI,WB,World Bank,NE.GDI.TOTL.ZS,2026-06-12
CHL,Chile,LATAM,2003-12-31,2003,A,inversion_pbi,23.3991354342023,% PBI,WB,World Bank,NE.GDI.TOTL.ZS,2026-06-12
CHL,Chile,LATAM,2004-12-31,2004,A,inversion_pbi,21.243227279331,% PBI,WB,World Bank,NE.GDI.TOTL.ZS,2026-06-12
CHL,Chile,LATAM,2005-12-31,2005,A,inversion_pbi,23.2677008692697,% PBI,WB,World Bank,NE.GDI.TOTL.ZS,2026-06-12
CHL,Chile,LATAM,2006-12-31,2006,A,inversion_pbi,22.1863203852459,% PBI,WB,World Bank,NE.GDI.TOTL.ZS,2026-06-12
CHL,Chile,LATAM,2007-12-31,2007,A,inversion_pbi,22.34802267387,% PBI,WB,World Bank,NE.GDI.TOTL.ZS,2026-06-12
CHL,Chile,LATAM,2008-12-31,2008,A,inversion_pbi,28.8969424712342,% PBI,WB,World Bank,NE.GDI.TOTL.ZS,2026-06-12
CHL,Chile,LATAM,2009-12-31,2009,A,inversion_pbi,22.920007922655,% PBI,WB,World Bank,NE.GDI.TOTL.ZS,2026-06-12
CHL,Chile,LATAM,2010-12-31,2010,A,inversion_pbi,24.775467656778,% PBI,WB,World Bank,NE.GDI.TOTL.ZS,2026-06-12
CHL,Chile,LATAM,2011-12-31,2011,A,inversion_pbi,26.6462967159419,% PBI,WB,World Bank,NE.GDI.TOTL.ZS,2026-06-12
CHL,Chile,LATAM,2012-12-31,2012,A,inversion_pbi,28.7913494665394,% PBI,WB,World Bank,NE.GDI.TOTL.ZS,2026-06-12
CHL,Chile,LATAM,2013-12-31,2013,A,inversion_pbi,27.4969587973855,% PBI,WB,World Bank,NE.GDI.TOTL.ZS,2026-06-12
CHL,Chile,LATAM,2014-12-31,2014,A,inversion_pbi,25.1580934170755,% PBI,WB,World Bank,NE.GDI.TOTL.ZS,2026-06-12
CHL,Chile,LATAM,2015-12-31,2015,A,inversion_pbi,25.5994379460368,% PBI,WB,World Bank,NE.GDI.TOTL.ZS,2026-06-12
CHL,Chile,LATAM,2016-12-31,2016,A,inversion_pbi,23.7087902931288,% PBI,WB,World Bank,NE.GDI.TOTL.ZS,2026-06-12
CHL,Chile,LATAM,2017-12-31,2017,A,inversion_pbi,22.6366699629063,% PBI,WB,World Bank,NE.GDI.TOTL.ZS,2026-06-12
CHL,Chile,LATAM,2018-12-31,2018,A,inversion_pbi,24.203078424347,% PBI,WB,World Bank,NE.GDI.TOTL.ZS,2026-06-12
CHL,Chile,LATAM,2019-12-31,2019,A,inversion_pbi,24.9390098912825,% PBI,WB,World Bank,NE.GDI.TOTL.ZS,2026-06-12
CHL,Chile,LATAM,2020-12-31,2020,A,inversion_pbi,21.0582071011998,% PBI,WB,World Bank,NE.GDI.TOTL.ZS,2026-06-12
CHL,Chile,LATAM,2021-12-31,2021,A,inversion_pbi,24.1061176490995,% PBI,WB,World Bank,NE.GDI.TOTL.ZS,2026-06-12
CHL,Chile,LATAM,2022-12-31,2022,A,inversion_pbi,25.7984190064455,% PBI,WB,World Bank,NE.GDI.TOTL.ZS,2026-06-12
CHL,Chile,LATAM,2023-12-31,2023,A,inversion_pbi,23.3620550113744,% PBI,WB,World Bank,NE.GDI.TOTL.ZS,2026-06-12
CHL,Chile,LATAM,2024-12-31,2024,A,inversion_pbi,23.2396642941548,% PBI,WB,World Bank,NE.GDI.TOTL.ZS,2026-06-12
CHL,Chile,LATAM,2000-12-31,2000,A,manufactura_pbi,15.1925267293194,% PBI,WB,World Bank,NV.IND.MANF.ZS,2026-06-12
CHL,Chile,LATAM,2001-12-31,2001,A,manufactura_pbi,15.9367790320988,% PBI,WB,World Bank,NV.IND.MANF.ZS,2026-06-12
CHL,Chile,LATAM,2002-12-31,2002,A,manufactura_pbi,15.7836753201839,% PBI,WB,World Bank,NV.IND.MANF.ZS,2026-06-12
CHL,Chile,LATAM,2003-12-31,2003,A,manufactura_pbi,15.1937580372309,% PBI,WB,World Bank,NV.IND.MANF.ZS,2026-06-12
CHL,Chile,LATAM,2004-12-31,2004,A,manufactura_pbi,14.2216397906642,% PBI,WB,World Bank,NV.IND.MANF.ZS,2026-06-12
CHL,Chile,LATAM,2005-12-31,2005,A,manufactura_pbi,12.8191999709241,% PBI,WB,World Bank,NV.IND.MANF.ZS,2026-06-12
CHL,Chile,LATAM,2006-12-31,2006,A,manufactura_pbi,11.6836771075447,% PBI,WB,World Bank,NV.IND.MANF.ZS,2026-06-12
CHL,Chile,LATAM,2007-12-31,2007,A,manufactura_pbi,10.6421663942592,% PBI,WB,World Bank,NV.IND.MANF.ZS,2026-06-12
CHL,Chile,LATAM,2008-12-31,2008,A,manufactura_pbi,9.97400639751951,% PBI,WB,World Bank,NV.IND.MANF.ZS,2026-06-12
CHL,Chile,LATAM,2009-12-31,2009,A,manufactura_pbi,10.261159884544,% PBI,WB,World Bank,NV.IND.MANF.ZS,2026-06-12
CHL,Chile,LATAM,2010-12-31,2010,A,manufactura_pbi,9.88717399049902,% PBI,WB,World Bank,NV.IND.MANF.ZS,2026-06-12
CHL,Chile,LATAM,2011-12-31,2011,A,manufactura_pbi,9.90905378555266,% PBI,WB,World Bank,NV.IND.MANF.ZS,2026-06-12
CHL,Chile,LATAM,2012-12-31,2012,A,manufactura_pbi,9.82773286927817,% PBI,WB,World Bank,NV.IND.MANF.ZS,2026-06-12
CHL,Chile,LATAM,2013-12-31,2013,A,manufactura_pbi,9.98503250354271,% PBI,WB,World Bank,NV.IND.MANF.ZS,2026-06-12
CHL,Chile,LATAM,2014-12-31,2014,A,manufactura_pbi,9.9204651623778,% PBI,WB,World Bank,NV.IND.MANF.ZS,2026-06-12
CHL,Chile,LATAM,2015-12-31,2015,A,manufactura_pbi,10.3988647875082,% PBI,WB,World Bank,NV.IND.MANF.ZS,2026-06-12
CHL,Chile,LATAM,2016-12-31,2016,A,manufactura_pbi,9.70592487599938,% PBI,WB,World Bank,NV.IND.MANF.ZS,2026-06-12
CHL,Chile,LATAM,2017-12-31,2017,A,manufactura_pbi,9.16084501940209,% PBI,WB,World Bank,NV.IND.MANF.ZS,2026-06-12
CHL,Chile,LATAM,2018-12-31,2018,A,manufactura_pbi,9.60421381916072,% PBI,WB,World Bank,NV.IND.MANF.ZS,2026-06-12
CHL,Chile,LATAM,2019-12-31,2019,A,manufactura_pbi,8.96909548434668,% PBI,WB,World Bank,NV.IND.MANF.ZS,2026-06-12
CHL,Chile,LATAM,2020-12-31,2020,A,manufactura_pbi,8.99628171941755,% PBI,WB,World Bank,NV.IND.MANF.ZS,2026-06-12
CHL,Chile,LATAM,2021-12-31,2021,A,manufactura_pbi,8.53055034005302,% PBI,WB,World Bank,NV.IND.MANF.ZS,2026-06-12
CHL,Chile,LATAM,2022-12-31,2022,A,manufactura_pbi,9.47546946435641,% PBI,WB,World Bank,NV.IND.MANF.ZS,2026-06-12
CHL,Chile,LATAM,2023-12-31,2023,A,manufactura_pbi,9.40633654861343,% PBI,WB,World Bank,NV.IND.MANF.ZS,2026-06-12
CHL,Chile,LATAM,2024-12-31,2024,A,manufactura_pbi,9.01046913453608,% PBI,WB,World Bank,NV.IND.MANF.ZS,2026-06-12
CHL,Chile,LATAM,2000-12-31,2000,A,pbi,78339750721.364,USD actuales,WB,World Bank,NY.GDP.MKTP.CD,2026-06-12
CHL,Chile,LATAM,2001-12-31,2001,A,pbi,71574739561.4329,USD actuales,WB,World Bank,NY.GDP.MKTP.CD,2026-06-12
CHL,Chile,LATAM,2002-12-31,2002,A,pbi,70264045939.2773,USD actuales,WB,World Bank,NY.GDP.MKTP.CD,2026-06-12
CHL,Chile,LATAM,2003-12-31,2003,A,pbi,76492579644.0605,USD actuales,WB,World Bank,NY.GDP.MKTP.CD,2026-06-12
CHL,Chile,LATAM,2004-12-31,2004,A,pbi,99075985773.6682,USD actuales,WB,World Bank,NY.GDP.MKTP.CD,2026-06-12
CHL,Chile,LATAM,2005-12-31,2005,A,pbi,122294145163.192,USD actuales,WB,World Bank,NY.GDP.MKTP.CD,2026-06-12
CHL,Chile,LATAM,2006-12-31,2006,A,pbi,153843518170.864,USD actuales,WB,World Bank,NY.GDP.MKTP.CD,2026-06-12
CHL,Chile,LATAM,2007-12-31,2007,A,pbi,172491076033.863,USD actuales,WB,World Bank,NY.GDP.MKTP.CD,2026-06-12
CHL,Chile,LATAM,2008-12-31,2008,A,pbi,179894594475.405,USD actuales,WB,World Bank,NY.GDP.MKTP.CD,2026-06-12
CHL,Chile,LATAM,2009-12-31,2009,A,pbi,171777900623.892,USD actuales,WB,World Bank,NY.GDP.MKTP.CD,2026-06-12
CHL,Chile,LATAM,2010-12-31,2010,A,pbi,217051209238.534,USD actuales,WB,World Bank,NY.GDP.MKTP.CD,2026-06-12
CHL,Chile,LATAM,2011-12-31,2011,A,pbi,251382573893.87,USD actuales,WB,World Bank,NY.GDP.MKTP.CD,2026-06-12
CHL,Chile,LATAM,2012-12-31,2012,A,pbi,267024782486.855,USD actuales,WB,World Bank,NY.GDP.MKTP.CD,2026-06-12
CHL,Chile,LATAM,2013-12-31,2013,A,pbi,277395018842.417,USD actuales,WB,World Bank,NY.GDP.MKTP.CD,2026-06-12
CHL,Chile,LATAM,2014-12-31,2014,A,pbi,259560978224.359,USD actuales,WB,World Bank,NY.GDP.MKTP.CD,2026-06-12
CHL,Chile,LATAM,2015-12-31,2015,A,pbi,242450355830.884,USD actuales,WB,World Bank,NY.GDP.MKTP.CD,2026-06-12
CHL,Chile,LATAM,2016-12-31,2016,A,pbi,249344863928.438,USD actuales,WB,World Bank,NY.GDP.MKTP.CD,2026-06-12
CHL,Chile,LATAM,2017-12-31,2017,A,pbi,276154259981.097,USD actuales,WB,World Bank,NY.GDP.MKTP.CD,2026-06-12
CHL,Chile,LATAM,2018-12-31,2018,A,pbi,295857562991.709,USD actuales,WB,World Bank,NY.GDP.MKTP.CD,2026-06-12
CHL,Chile,LATAM,2019-12-31,2019,A,pbi,278285058719.466,USD actuales,WB,World Bank,NY.GDP.MKTP.CD,2026-06-12
CHL,Chile,LATAM,2020-12-31,2020,A,pbi,254042159309.311,USD actuales,WB,World Bank,NY.GDP.MKTP.CD,2026-06-12
CHL,Chile,LATAM,2021-12-31,2021,A,pbi,315325547162.072,USD actuales,WB,World Bank,NY.GDP.MKTP.CD,2026-06-12
CHL,Chile,LATAM,2022-12-31,2022,A,pbi,301226575540.242,USD actuales,WB,World Bank,NY.GDP.MKTP.CD,2026-06-12
CHL,Chile,LATAM,2023-12-31,2023,A,pbi,335518054097.637,USD actuales,WB,World Bank,NY.GDP.MKTP.CD,2026-06-12
CHL,Chile,LATAM,2024-12-31,2024,A,pbi,330267137371.592,USD actuales,WB,World Bank,NY.GDP.MKTP.CD,2026-06-12
CHL,Chile,LATAM,2000-12-31,2000,A,pbi_per_capita,5052.99245766325,USD actuales,WB,World Bank,NY.GDP.PCAP.CD,2026-06-12
CHL,Chile,LATAM,2001-12-31,2001,A,pbi_per_capita,4563.5952986689,USD actuales,WB,World Bank,NY.GDP.PCAP.CD,2026-06-12
CHL,Chile,LATAM,2002-12-31,2002,A,pbi_per_capita,4430.84741157984,USD actuales,WB,World Bank,NY.GDP.PCAP.CD,2026-06-12
CHL,Chile,LATAM,2003-12-31,2003,A,pbi_per_capita,4773.40177520754,USD actuales,WB,World Bank,NY.GDP.PCAP.CD,2026-06-12
CHL,Chile,LATAM,2004-12-31,2004,A,pbi_per_capita,6120.59152055344,USD actuales,WB,World Bank,NY.GDP.PCAP.CD,2026-06-12
CHL,Chile,LATAM,2005-12-31,2005,A,pbi_per_capita,7480.32330998636,USD actuales,WB,World Bank,NY.GDP.PCAP.CD,2026-06-12
CHL,Chile,LATAM,2006-12-31,2006,A,pbi_per_capita,9318.65655296121,USD actuales,WB,World Bank,NY.GDP.PCAP.CD,2026-06-12
CHL,Chile,LATAM,2007-12-31,2007,A,pbi_per_capita,10346.4138184533,USD actuales,WB,World Bank,NY.GDP.PCAP.CD,2026-06-12
CHL,Chile,LATAM,2008-12-31,2008,A,pbi_per_capita,10683.2188772511,USD actuales,WB,World Bank,NY.GDP.PCAP.CD,2026-06-12
CHL,Chile,LATAM,2009-12-31,2009,A,pbi_per_capita,10098.8017167286,USD actuales,WB,World Bank,NY.GDP.PCAP.CD,2026-06-12
CHL,Chile,LATAM,2010-12-31,2010,A,pbi_per_capita,12632.8704724192,USD actuales,WB,World Bank,NY.GDP.PCAP.CD,2026-06-12
CHL,Chile,LATAM,2011-12-31,2011,A,pbi_per_capita,14487.3927832032,USD actuales,WB,World Bank,NY.GDP.PCAP.CD,2026-06-12
CHL,Chile,LATAM,2012-12-31,2012,A,pbi_per_capita,15241.9069981119,USD actuales,WB,World Bank,NY.GDP.PCAP.CD,2026-06-12
CHL,Chile,LATAM,2013-12-31,2013,A,pbi_per_capita,15683.5486369155,USD actuales,WB,World Bank,NY.GDP.PCAP.CD,2026-06-12
CHL,Chile,LATAM,2014-12-31,2014,A,pbi_per_capita,14529.6767206336,USD actuales,WB,World Bank,NY.GDP.PCAP.CD,2026-06-12
CHL,Chile,LATAM,2015-12-31,2015,A,pbi_per_capita,13433.9202987032,USD actuales,WB,World Bank,NY.GDP.PCAP.CD,2026-06-12
CHL,Chile,LATAM,2016-12-31,2016,A,pbi_per_capita,13649.8520452803,USD actuales,WB,World Bank,NY.GDP.PCAP.CD,2026-06-12
CHL,Chile,LATAM,2017-12-31,2017,A,pbi_per_capita,14879.9086227187,USD actuales,WB,World Bank,NY.GDP.PCAP.CD,2026-06-12
CHL,Chile,LATAM,2018-12-31,2018,A,pbi_per_capita,15659.4808675628,USD actuales,WB,World Bank,NY.GDP.PCAP.CD,2026-06-12
CHL,Chile,LATAM,2019-12-31,2019,A,pbi_per_capita,14495.716721687,USD actuales,WB,World Bank,NY.GDP.PCAP.CD,2026-06-12
CHL,Chile,LATAM,2020-12-31,2020,A,pbi_per_capita,13114.815470545,USD actuales,WB,World Bank,NY.GDP.PCAP.CD,2026-06-12
CHL,Chile,LATAM,2021-12-31,2021,A,pbi_per_capita,16206.8325493421,USD actuales,WB,World Bank,NY.GDP.PCAP.CD,2026-06-12
CHL,Chile,LATAM,2022-12-31,2022,A,pbi_per_capita,15405.6165774073,USD actuales,WB,World Bank,NY.GDP.PCAP.CD,2026-06-12
CHL,Chile,LATAM,2023-12-31,2023,A,pbi_per_capita,17067.0364799154,USD actuales,WB,World Bank,NY.GDP.PCAP.CD,2026-06-12
CHL,Chile,LATAM,2024-12-31,2024,A,pbi_per_capita,16709.8893972307,USD actuales,WB,World Bank,NY.GDP.PCAP.CD,2026-06-12
CHL,Chile,LATAM,2000-12-31,2000,A,poblacion,15503635.0,personas,WB,World Bank,SP.POP.TOTL,2026-06-12
CHL,Chile,LATAM,2001-12-31,2001,A,poblacion,15683849.0,personas,WB,World Bank,SP.POP.TOTL,2026-06-12
CHL,Chile,LATAM,2002-12-31,2002,A,poblacion,15857925.0,personas,WB,World Bank,SP.POP.TOTL,2026-06-12
CHL,Chile,LATAM,2003-12-31,2003,A,poblacion,16024752.0,personas,WB,World Bank,SP.POP.TOTL,2026-06-12
CHL,Chile,LATAM,2004-12-31,2004,A,poblacion,16187322.0,personas,WB,World Bank,SP.POP.TOTL,2026-06-12
CHL,Chile,LATAM,2005-12-31,2005,A,poblacion,16348778.0,personas,WB,World Bank,SP.POP.TOTL,2026-06-12
CHL,Chile,LATAM,2006-12-31,2006,A,poblacion,16509195.0,personas,WB,World Bank,SP.POP.TOTL,2026-06-12
CHL,Chile,LATAM,2007-12-31,2007,A,poblacion,16671581.0,personas,WB,World Bank,SP.POP.TOTL,2026-06-12
CHL,Chile,LATAM,2008-12-31,2008,A,poblacion,16838988.0,personas,WB,World Bank,SP.POP.TOTL,2026-06-12
CHL,Chile,LATAM,2009-12-31,2009,A,poblacion,17009731.0,personas,WB,World Bank,SP.POP.TOTL,2026-06-12
CHL,Chile,LATAM,2010-12-31,2010,A,poblacion,17181464.0,personas,WB,World Bank,SP.POP.TOTL,2026-06-12
CHL,Chile,LATAM,2011-12-31,2011,A,poblacion,17351816.0,personas,WB,World Bank,SP.POP.TOTL,2026-06-12
CHL,Chile,LATAM,2012-12-31,2012,A,poblacion,17519119.0,personas,WB,World Bank,SP.POP.TOTL,2026-06-12
CHL,Chile,LATAM,2013-12-31,2013,A,poblacion,17687006.0,personas,WB,World Bank,SP.POP.TOTL,2026-06-12
CHL,Chile,LATAM,2014-12-31,2014,A,poblacion,17864195.0,personas,WB,World Bank,SP.POP.TOTL,2026-06-12
CHL,Chile,LATAM,2015-12-31,2015,A,poblacion,18047625.0,personas,WB,World Bank,SP.POP.TOTL,2026-06-12
CHL,Chile,LATAM,2016-12-31,2016,A,poblacion,18267221.0,personas,WB,World Bank,SP.POP.TOTL,2026-06-12
CHL,Chile,LATAM,2017-12-31,2017,A,poblacion,18558868.0,personas,WB,World Bank,SP.POP.TOTL,2026-06-12
CHL,Chile,LATAM,2018-12-31,2018,A,poblacion,18893191.0,personas,WB,World Bank,SP.POP.TOTL,2026-06-12
CHL,Chile,LATAM,2019-12-31,2019,A,poblacion,19197744.0,personas,WB,World Bank,SP.POP.TOTL,2026-06-12
CHL,Chile,LATAM,2020-12-31,2020,A,poblacion,19370624.0,personas,WB,World Bank,SP.POP.TOTL,2026-06-12
CHL,Chile,LATAM,2021-12-31,2021,A,poblacion,19456334.0,personas,WB,World Bank,SP.POP.TOTL,2026-06-12
CHL,Chile,LATAM,2022-12-31,2022,A,poblacion,19553036.0,personas,WB,World Bank,SP.POP.TOTL,2026-06-12
CHL,Chile,LATAM,2023-12-31,2023,A,poblacion,19658835.0,personas,WB,World Bank,SP.POP.TOTL,2026-06-12
CHL,Chile,LATAM,2024-12-31,2024,A,poblacion,19764771.0,personas,WB,World Bank,SP.POP.TOTL,2026-06-12
CHL,Chile,LATAM,2000-12-31,2000,A,servicios_pbi,55.6064735933259,% PBI,WB,World Bank,NV.SRV.TOTL.ZS,2026-06-12
CHL,Chile,LATAM,2001-12-31,2001,A,servicios_pbi,56.1914535588133,% PBI,WB,World Bank,NV.SRV.TOTL.ZS,2026-06-12
CHL,Chile,LATAM,2002-12-31,2002,A,servicios_pbi,56.35055914484,% PBI,WB,World Bank,NV.SRV.TOTL.ZS,2026-06-12
CHL,Chile,LATAM,2003-12-31,2003,A,servicios_pbi,55.6800266355176,% PBI,WB,World Bank,NV.SRV.TOTL.ZS,2026-06-12
CHL,Chile,LATAM,2004-12-31,2004,A,servicios_pbi,53.64534841734,% PBI,WB,World Bank,NV.SRV.TOTL.ZS,2026-06-12
CHL,Chile,LATAM,2005-12-31,2005,A,servicios_pbi,52.1481091980374,% PBI,WB,World Bank,NV.SRV.TOTL.ZS,2026-06-12
CHL,Chile,LATAM,2006-12-31,2006,A,servicios_pbi,48.4126070132585,% PBI,WB,World Bank,NV.SRV.TOTL.ZS,2026-06-12
CHL,Chile,LATAM,2007-12-31,2007,A,servicios_pbi,49.5481523450583,% PBI,WB,World Bank,NV.SRV.TOTL.ZS,2026-06-12
CHL,Chile,LATAM,2008-12-31,2008,A,servicios_pbi,54.4485312368393,% PBI,WB,World Bank,NV.SRV.TOTL.ZS,2026-06-12
CHL,Chile,LATAM,2009-12-31,2009,A,servicios_pbi,55.5112499818484,% PBI,WB,World Bank,NV.SRV.TOTL.ZS,2026-06-12
CHL,Chile,LATAM,2010-12-31,2010,A,servicios_pbi,53.8127811770917,% PBI,WB,World Bank,NV.SRV.TOTL.ZS,2026-06-12
CHL,Chile,LATAM,2011-12-31,2011,A,servicios_pbi,54.3697640865635,% PBI,WB,World Bank,NV.SRV.TOTL.ZS,2026-06-12
CHL,Chile,LATAM,2012-12-31,2012,A,servicios_pbi,56.2982132532287,% PBI,WB,World Bank,NV.SRV.TOTL.ZS,2026-06-12
CHL,Chile,LATAM,2013-12-31,2013,A,servicios_pbi,57.2209852364053,% PBI,WB,World Bank,NV.SRV.TOTL.ZS,2026-06-12
CHL,Chile,LATAM,2014-12-31,2014,A,servicios_pbi,57.1528758804213,% PBI,WB,World Bank,NV.SRV.TOTL.ZS,2026-06-12
CHL,Chile,LATAM,2015-12-31,2015,A,servicios_pbi,58.3447093583013,% PBI,WB,World Bank,NV.SRV.TOTL.ZS,2026-06-12
CHL,Chile,LATAM,2016-12-31,2016,A,servicios_pbi,58.9826363326027,% PBI,WB,World Bank,NV.SRV.TOTL.ZS,2026-06-12
CHL,Chile,LATAM,2017-12-31,2017,A,servicios_pbi,58.2768071532191,% PBI,WB,World Bank,NV.SRV.TOTL.ZS,2026-06-12
CHL,Chile,LATAM,2018-12-31,2018,A,servicios_pbi,58.0012686596891,% PBI,WB,World Bank,NV.SRV.TOTL.ZS,2026-06-12
CHL,Chile,LATAM,2019-12-31,2019,A,servicios_pbi,58.8831754600692,% PBI,WB,World Bank,NV.SRV.TOTL.ZS,2026-06-12
CHL,Chile,LATAM,2020-12-31,2020,A,servicios_pbi,56.3446145785556,% PBI,WB,World Bank,NV.SRV.TOTL.ZS,2026-06-12
CHL,Chile,LATAM,2021-12-31,2021,A,servicios_pbi,54.9981243742139,% PBI,WB,World Bank,NV.SRV.TOTL.ZS,2026-06-12
CHL,Chile,LATAM,2022-12-31,2022,A,servicios_pbi,55.3720887582081,% PBI,WB,World Bank,NV.SRV.TOTL.ZS,2026-06-12
CHL,Chile,LATAM,2023-12-31,2023,A,servicios_pbi,57.6027444991353,% PBI,WB,World Bank,NV.SRV.TOTL.ZS,2026-06-12
CHL,Chile,LATAM,2024-12-31,2024,A,servicios_pbi,56.0774691835569,% PBI,WB,World Bank,NV.SRV.TOTL.ZS,2026-06-12
COL,Colombia,LATAM,2000-12-31,2000,A,agro_pbi,8.3057195333068,% PBI,WB,World Bank,NV.AGR.TOTL.ZS,2026-06-12
COL,Colombia,LATAM,2001-12-31,2001,A,agro_pbi,8.32097267667621,% PBI,WB,World Bank,NV.AGR.TOTL.ZS,2026-06-12
COL,Colombia,LATAM,2002-12-31,2002,A,agro_pbi,8.51000517684848,% PBI,WB,World Bank,NV.AGR.TOTL.ZS,2026-06-12
COL,Colombia,LATAM,2003-12-31,2003,A,agro_pbi,8.32877416512145,% PBI,WB,World Bank,NV.AGR.TOTL.ZS,2026-06-12
COL,Colombia,LATAM,2004-12-31,2004,A,agro_pbi,7.91098316231374,% PBI,WB,World Bank,NV.AGR.TOTL.ZS,2026-06-12
COL,Colombia,LATAM,2005-12-31,2005,A,agro_pbi,7.52726670177951,% PBI,WB,World Bank,NV.AGR.TOTL.ZS,2026-06-12
COL,Colombia,LATAM,2006-12-31,2006,A,agro_pbi,7.18676953071771,% PBI,WB,World Bank,NV.AGR.TOTL.ZS,2026-06-12
COL,Colombia,LATAM,2007-12-31,2007,A,agro_pbi,6.93455867595786,% PBI,WB,World Bank,NV.AGR.TOTL.ZS,2026-06-12
COL,Colombia,LATAM,2008-12-31,2008,A,agro_pbi,6.6873848504052,% PBI,WB,World Bank,NV.AGR.TOTL.ZS,2026-06-12
COL,Colombia,LATAM,2009-12-31,2009,A,agro_pbi,6.68974069628809,% PBI,WB,World Bank,NV.AGR.TOTL.ZS,2026-06-12
COL,Colombia,LATAM,2010-12-31,2010,A,agro_pbi,6.32485387641069,% PBI,WB,World Bank,NV.AGR.TOTL.ZS,2026-06-12
COL,Colombia,LATAM,2011-12-31,2011,A,agro_pbi,6.09169610822215,% PBI,WB,World Bank,NV.AGR.TOTL.ZS,2026-06-12
COL,Colombia,LATAM,2012-12-31,2012,A,agro_pbi,5.58268705354932,% PBI,WB,World Bank,NV.AGR.TOTL.ZS,2026-06-12
COL,Colombia,LATAM,2013-12-31,2013,A,agro_pbi,5.39271495449472,% PBI,WB,World Bank,NV.AGR.TOTL.ZS,2026-06-12
COL,Colombia,LATAM,2014-12-31,2014,A,agro_pbi,5.44695721474421,% PBI,WB,World Bank,NV.AGR.TOTL.ZS,2026-06-12
COL,Colombia,LATAM,2015-12-31,2015,A,agro_pbi,5.98042480849816,% PBI,WB,World Bank,NV.AGR.TOTL.ZS,2026-06-12
COL,Colombia,LATAM,2016-12-31,2016,A,agro_pbi,6.60641226605787,% PBI,WB,World Bank,NV.AGR.TOTL.ZS,2026-06-12
COL,Colombia,LATAM,2017-12-31,2017,A,agro_pbi,6.38966355268118,% PBI,WB,World Bank,NV.AGR.TOTL.ZS,2026-06-12
COL,Colombia,LATAM,2018-12-31,2018,A,agro_pbi,6.22570968960033,% PBI,WB,World Bank,NV.AGR.TOTL.ZS,2026-06-12
COL,Colombia,LATAM,2019-12-31,2019,A,agro_pbi,6.41072082168314,% PBI,WB,World Bank,NV.AGR.TOTL.ZS,2026-06-12
COL,Colombia,LATAM,2020-12-31,2020,A,agro_pbi,7.50848046663348,% PBI,WB,World Bank,NV.AGR.TOTL.ZS,2026-06-12
COL,Colombia,LATAM,2021-12-31,2021,A,agro_pbi,7.77187301385002,% PBI,WB,World Bank,NV.AGR.TOTL.ZS,2026-06-12
COL,Colombia,LATAM,2022-12-31,2022,A,agro_pbi,8.83154473689041,% PBI,WB,World Bank,NV.AGR.TOTL.ZS,2026-06-12
COL,Colombia,LATAM,2023-12-31,2023,A,agro_pbi,8.80792294653033,% PBI,WB,World Bank,NV.AGR.TOTL.ZS,2026-06-12
COL,Colombia,LATAM,2024-12-31,2024,A,agro_pbi,9.28279635992211,% PBI,WB,World Bank,NV.AGR.TOTL.ZS,2026-06-12
COL,Colombia,LATAM,2000-12-31,2000,A,crecimiento_pbi,2.92486148176778,% anual,WB,World Bank,NY.GDP.MKTP.KD.ZG,2026-06-12
COL,Colombia,LATAM,2001-12-31,2001,A,crecimiento_pbi,1.67789830787579,% anual,WB,World Bank,NY.GDP.MKTP.KD.ZG,2026-06-12
COL,Colombia,LATAM,2002-12-31,2002,A,crecimiento_pbi,2.50398046659659,% anual,WB,World Bank,NY.GDP.MKTP.KD.ZG,2026-06-12
COL,Colombia,LATAM,2003-12-31,2003,A,crecimiento_pbi,3.91827190322513,% anual,WB,World Bank,NY.GDP.MKTP.KD.ZG,2026-06-12
COL,Colombia,LATAM,2004-12-31,2004,A,crecimiento_pbi,5.33302206759905,% anual,WB,World Bank,NY.GDP.MKTP.KD.ZG,2026-06-12
COL,Colombia,LATAM,2005-12-31,2005,A,crecimiento_pbi,4.82876110773741,% anual,WB,World Bank,NY.GDP.MKTP.KD.ZG,2026-06-12
COL,Colombia,LATAM,2006-12-31,2006,A,crecimiento_pbi,6.71686869844402,% anual,WB,World Bank,NY.GDP.MKTP.KD.ZG,2026-06-12
COL,Colombia,LATAM,2007-12-31,2007,A,crecimiento_pbi,6.73819469090975,% anual,WB,World Bank,NY.GDP.MKTP.KD.ZG,2026-06-12
COL,Colombia,LATAM,2008-12-31,2008,A,crecimiento_pbi,3.28344618616541,% anual,WB,World Bank,NY.GDP.MKTP.KD.ZG,2026-06-12
COL,Colombia,LATAM,2009-12-31,2009,A,crecimiento_pbi,1.13964864548062,% anual,WB,World Bank,NY.GDP.MKTP.KD.ZG,2026-06-12
COL,Colombia,LATAM,2010-12-31,2010,A,crecimiento_pbi,4.49465897070922,% anual,WB,World Bank,NY.GDP.MKTP.KD.ZG,2026-06-12
COL,Colombia,LATAM,2011-12-31,2011,A,crecimiento_pbi,6.94789198173555,% anual,WB,World Bank,NY.GDP.MKTP.KD.ZG,2026-06-12
COL,Colombia,LATAM,2012-12-31,2012,A,crecimiento_pbi,3.91263576716115,% anual,WB,World Bank,NY.GDP.MKTP.KD.ZG,2026-06-12
COL,Colombia,LATAM,2013-12-31,2013,A,crecimiento_pbi,5.13399351995672,% anual,WB,World Bank,NY.GDP.MKTP.KD.ZG,2026-06-12
COL,Colombia,LATAM,2014-12-31,2014,A,crecimiento_pbi,4.49903000110972,% anual,WB,World Bank,NY.GDP.MKTP.KD.ZG,2026-06-12
COL,Colombia,LATAM,2015-12-31,2015,A,crecimiento_pbi,2.95590137527523,% anual,WB,World Bank,NY.GDP.MKTP.KD.ZG,2026-06-12
COL,Colombia,LATAM,2016-12-31,2016,A,crecimiento_pbi,2.08738250162794,% anual,WB,World Bank,NY.GDP.MKTP.KD.ZG,2026-06-12
COL,Colombia,LATAM,2017-12-31,2017,A,crecimiento_pbi,1.35936086788746,% anual,WB,World Bank,NY.GDP.MKTP.KD.ZG,2026-06-12
COL,Colombia,LATAM,2018-12-31,2018,A,crecimiento_pbi,2.56432428277704,% anual,WB,World Bank,NY.GDP.MKTP.KD.ZG,2026-06-12
COL,Colombia,LATAM,2019-12-31,2019,A,crecimiento_pbi,3.18685539245533,% anual,WB,World Bank,NY.GDP.MKTP.KD.ZG,2026-06-12
COL,Colombia,LATAM,2020-12-31,2020,A,crecimiento_pbi,-7.18591413760859,% anual,WB,World Bank,NY.GDP.MKTP.KD.ZG,2026-06-12
COL,Colombia,LATAM,2021-12-31,2021,A,crecimiento_pbi,10.8011981904878,% anual,WB,World Bank,NY.GDP.MKTP.KD.ZG,2026-06-12
COL,Colombia,LATAM,2022-12-31,2022,A,crecimiento_pbi,7.32827729427979,% anual,WB,World Bank,NY.GDP.MKTP.KD.ZG,2026-06-12
COL,Colombia,LATAM,2023-12-31,2023,A,crecimiento_pbi,0.712380031974334,% anual,WB,World Bank,NY.GDP.MKTP.KD.ZG,2026-06-12
COL,Colombia,LATAM,2024-12-31,2024,A,crecimiento_pbi,1.5983315366523,% anual,WB,World Bank,NY.GDP.MKTP.KD.ZG,2026-06-12
COL,Colombia,LATAM,2000-12-31,2000,A,desempleo,20.52,% población activa,WB,World Bank,SL.UEM.TOTL.ZS,2026-06-12
COL,Colombia,LATAM,2001-12-31,2001,A,desempleo,15.04,% población activa,WB,World Bank,SL.UEM.TOTL.ZS,2026-06-12
COL,Colombia,LATAM,2002-12-31,2002,A,desempleo,14.481,% población activa,WB,World Bank,SL.UEM.TOTL.ZS,2026-06-12
COL,Colombia,LATAM,2003-12-31,2003,A,desempleo,13.221,% población activa,WB,World Bank,SL.UEM.TOTL.ZS,2026-06-12
COL,Colombia,LATAM,2004-12-31,2004,A,desempleo,13.717,% población activa,WB,World Bank,SL.UEM.TOTL.ZS,2026-06-12
COL,Colombia,LATAM,2005-12-31,2005,A,desempleo,11.062,% población activa,WB,World Bank,SL.UEM.TOTL.ZS,2026-06-12
COL,Colombia,LATAM,2006-12-31,2006,A,desempleo,11.088,% población activa,WB,World Bank,SL.UEM.TOTL.ZS,2026-06-12
COL,Colombia,LATAM,2007-12-31,2007,A,desempleo,11.204,% población activa,WB,World Bank,SL.UEM.TOTL.ZS,2026-06-12
COL,Colombia,LATAM,2008-12-31,2008,A,desempleo,11.273,% población activa,WB,World Bank,SL.UEM.TOTL.ZS,2026-06-12
COL,Colombia,LATAM,2009-12-31,2009,A,desempleo,12.066,% población activa,WB,World Bank,SL.UEM.TOTL.ZS,2026-06-12
COL,Colombia,LATAM,2010-12-31,2010,A,desempleo,11.153,% población activa,WB,World Bank,SL.UEM.TOTL.ZS,2026-06-12
COL,Colombia,LATAM,2011-12-31,2011,A,desempleo,10.288,% población activa,WB,World Bank,SL.UEM.TOTL.ZS,2026-06-12
COL,Colombia,LATAM,2012-12-31,2012,A,desempleo,9.959,% población activa,WB,World Bank,SL.UEM.TOTL.ZS,2026-06-12
COL,Colombia,LATAM,2013-12-31,2013,A,desempleo,9.246,% población activa,WB,World Bank,SL.UEM.TOTL.ZS,2026-06-12
COL,Colombia,LATAM,2014-12-31,2014,A,desempleo,8.799,% población activa,WB,World Bank,SL.UEM.TOTL.ZS,2026-06-12
COL,Colombia,LATAM,2015-12-31,2015,A,desempleo,8.572,% población activa,WB,World Bank,SL.UEM.TOTL.ZS,2026-06-12
COL,Colombia,LATAM,2016-12-31,2016,A,desempleo,8.922,% población activa,WB,World Bank,SL.UEM.TOTL.ZS,2026-06-12
COL,Colombia,LATAM,2017-12-31,2017,A,desempleo,9.086,% población activa,WB,World Bank,SL.UEM.TOTL.ZS,2026-06-12
COL,Colombia,LATAM,2018-12-31,2018,A,desempleo,9.36,% población activa,WB,World Bank,SL.UEM.TOTL.ZS,2026-06-12
COL,Colombia,LATAM,2019-12-31,2019,A,desempleo,10.28,% población activa,WB,World Bank,SL.UEM.TOTL.ZS,2026-06-12
COL,Colombia,LATAM,2020-12-31,2020,A,desempleo,15.983,% población activa,WB,World Bank,SL.UEM.TOTL.ZS,2026-06-12
COL,Colombia,LATAM,2021-12-31,2021,A,desempleo,13.898,% población activa,WB,World Bank,SL.UEM.TOTL.ZS,2026-06-12
COL,Colombia,LATAM,2022-12-31,2022,A,desempleo,10.541,% población activa,WB,World Bank,SL.UEM.TOTL.ZS,2026-06-12
COL,Colombia,LATAM,2023-12-31,2023,A,desempleo,9.591,% población activa,WB,World Bank,SL.UEM.TOTL.ZS,2026-06-12
COL,Colombia,LATAM,2024-12-31,2024,A,desempleo,9.619,% población activa,WB,World Bank,SL.UEM.TOTL.ZS,2026-06-12
COL,Colombia,LATAM,2025-12-31,2025,A,desempleo,8.29,% población activa,WB,World Bank,SL.UEM.TOTL.ZS,2026-06-12
COL,Colombia,LATAM,2000-12-31,2000,A,exportaciones_pbi,15.915139715438,% PBI,WB,World Bank,NE.EXP.GNFS.ZS,2026-06-12
COL,Colombia,LATAM,2001-12-31,2001,A,exportaciones_pbi,15.3871357665009,% PBI,WB,World Bank,NE.EXP.GNFS.ZS,2026-06-12
COL,Colombia,LATAM,2002-12-31,2002,A,exportaciones_pbi,14.8155696775272,% PBI,WB,World Bank,NE.EXP.GNFS.ZS,2026-06-12
COL,Colombia,LATAM,2003-12-31,2003,A,exportaciones_pbi,16.5752997117627,% PBI,WB,World Bank,NE.EXP.GNFS.ZS,2026-06-12
COL,Colombia,LATAM,2004-12-31,2004,A,exportaciones_pbi,16.7707514248023,% PBI,WB,World Bank,NE.EXP.GNFS.ZS,2026-06-12
COL,Colombia,LATAM,2005-12-31,2005,A,exportaciones_pbi,16.9710437391629,% PBI,WB,World Bank,NE.EXP.GNFS.ZS,2026-06-12
COL,Colombia,LATAM,2006-12-31,2006,A,exportaciones_pbi,17.7285877506525,% PBI,WB,World Bank,NE.EXP.GNFS.ZS,2026-06-12
COL,Colombia,LATAM,2007-12-31,2007,A,exportaciones_pbi,16.4331421263646,% PBI,WB,World Bank,NE.EXP.GNFS.ZS,2026-06-12
COL,Colombia,LATAM,2008-12-31,2008,A,exportaciones_pbi,18.1095951350739,% PBI,WB,World Bank,NE.EXP.GNFS.ZS,2026-06-12
COL,Colombia,LATAM,2009-12-31,2009,A,exportaciones_pbi,16.4244956875755,% PBI,WB,World Bank,NE.EXP.GNFS.ZS,2026-06-12
COL,Colombia,LATAM,2010-12-31,2010,A,exportaciones_pbi,16.3408447597691,% PBI,WB,World Bank,NE.EXP.GNFS.ZS,2026-06-12
COL,Colombia,LATAM,2011-12-31,2011,A,exportaciones_pbi,19.2765050733171,% PBI,WB,World Bank,NE.EXP.GNFS.ZS,2026-06-12
COL,Colombia,LATAM,2012-12-31,2012,A,exportaciones_pbi,18.8112052836654,% PBI,WB,World Bank,NE.EXP.GNFS.ZS,2026-06-12
COL,Colombia,LATAM,2013-12-31,2013,A,exportaciones_pbi,18.0864397214368,% PBI,WB,World Bank,NE.EXP.GNFS.ZS,2026-06-12
COL,Colombia,LATAM,2014-12-31,2014,A,exportaciones_pbi,16.6347491096509,% PBI,WB,World Bank,NE.EXP.GNFS.ZS,2026-06-12
COL,Colombia,LATAM,2015-12-31,2015,A,exportaciones_pbi,15.6502115094968,% PBI,WB,World Bank,NE.EXP.GNFS.ZS,2026-06-12
COL,Colombia,LATAM,2016-12-31,2016,A,exportaciones_pbi,14.7171392781975,% PBI,WB,World Bank,NE.EXP.GNFS.ZS,2026-06-12
COL,Colombia,LATAM,2017-12-31,2017,A,exportaciones_pbi,15.1452897484005,% PBI,WB,World Bank,NE.EXP.GNFS.ZS,2026-06-12
COL,Colombia,LATAM,2018-12-31,2018,A,exportaciones_pbi,15.8997196775431,% PBI,WB,World Bank,NE.EXP.GNFS.ZS,2026-06-12
COL,Colombia,LATAM,2019-12-31,2019,A,exportaciones_pbi,15.8680386541241,% PBI,WB,World Bank,NE.EXP.GNFS.ZS,2026-06-12
COL,Colombia,LATAM,2020-12-31,2020,A,exportaciones_pbi,13.5222755593302,% PBI,WB,World Bank,NE.EXP.GNFS.ZS,2026-06-12
COL,Colombia,LATAM,2021-12-31,2021,A,exportaciones_pbi,16.1970059548864,% PBI,WB,World Bank,NE.EXP.GNFS.ZS,2026-06-12
COL,Colombia,LATAM,2022-12-31,2022,A,exportaciones_pbi,20.3883679938331,% PBI,WB,World Bank,NE.EXP.GNFS.ZS,2026-06-12
COL,Colombia,LATAM,2023-12-31,2023,A,exportaciones_pbi,17.8316784070298,% PBI,WB,World Bank,NE.EXP.GNFS.ZS,2026-06-12
COL,Colombia,LATAM,2024-12-31,2024,A,exportaciones_pbi,16.0992987183311,% PBI,WB,World Bank,NE.EXP.GNFS.ZS,2026-06-12
COL,Colombia,LATAM,2000-12-31,2000,A,importaciones_pbi,16.7519457538687,% PBI,WB,World Bank,NE.IMP.GNFS.ZS,2026-06-12
COL,Colombia,LATAM,2001-12-31,2001,A,importaciones_pbi,18.5139760284435,% PBI,WB,World Bank,NE.IMP.GNFS.ZS,2026-06-12
COL,Colombia,LATAM,2002-12-31,2002,A,importaciones_pbi,18.1670695368963,% PBI,WB,World Bank,NE.IMP.GNFS.ZS,2026-06-12
COL,Colombia,LATAM,2003-12-31,2003,A,importaciones_pbi,19.9408838054673,% PBI,WB,World Bank,NE.IMP.GNFS.ZS,2026-06-12
COL,Colombia,LATAM,2004-12-31,2004,A,importaciones_pbi,19.0926755089972,% PBI,WB,World Bank,NE.IMP.GNFS.ZS,2026-06-12
COL,Colombia,LATAM,2005-12-31,2005,A,importaciones_pbi,20.4516537557921,% PBI,WB,World Bank,NE.IMP.GNFS.ZS,2026-06-12
COL,Colombia,LATAM,2006-12-31,2006,A,importaciones_pbi,21.9127682099768,% PBI,WB,World Bank,NE.IMP.GNFS.ZS,2026-06-12
COL,Colombia,LATAM,2007-12-31,2007,A,importaciones_pbi,20.6657549719257,% PBI,WB,World Bank,NE.IMP.GNFS.ZS,2026-06-12
COL,Colombia,LATAM,2008-12-31,2008,A,importaciones_pbi,21.0580542813616,% PBI,WB,World Bank,NE.IMP.GNFS.ZS,2026-06-12
COL,Colombia,LATAM,2009-12-31,2009,A,importaciones_pbi,18.731632819883,% PBI,WB,World Bank,NE.IMP.GNFS.ZS,2026-06-12
COL,Colombia,LATAM,2010-12-31,2010,A,importaciones_pbi,17.923758408999,% PBI,WB,World Bank,NE.IMP.GNFS.ZS,2026-06-12
COL,Colombia,LATAM,2011-12-31,2011,A,importaciones_pbi,20.1939184812196,% PBI,WB,World Bank,NE.IMP.GNFS.ZS,2026-06-12
COL,Colombia,LATAM,2012-12-31,2012,A,importaciones_pbi,20.0239457350035,% PBI,WB,World Bank,NE.IMP.GNFS.ZS,2026-06-12
COL,Colombia,LATAM,2013-12-31,2013,A,importaciones_pbi,19.9002090764088,% PBI,WB,World Bank,NE.IMP.GNFS.ZS,2026-06-12
COL,Colombia,LATAM,2014-12-31,2014,A,importaciones_pbi,20.8527165314594,% PBI,WB,World Bank,NE.IMP.GNFS.ZS,2026-06-12
COL,Colombia,LATAM,2015-12-31,2015,A,importaciones_pbi,22.7105526089485,% PBI,WB,World Bank,NE.IMP.GNFS.ZS,2026-06-12
COL,Colombia,LATAM,2016-12-31,2016,A,importaciones_pbi,21.4855137060045,% PBI,WB,World Bank,NE.IMP.GNFS.ZS,2026-06-12
COL,Colombia,LATAM,2017-12-31,2017,A,importaciones_pbi,20.1376251940583,% PBI,WB,World Bank,NE.IMP.GNFS.ZS,2026-06-12
COL,Colombia,LATAM,2018-12-31,2018,A,importaciones_pbi,20.6350331193542,% PBI,WB,World Bank,NE.IMP.GNFS.ZS,2026-06-12
COL,Colombia,LATAM,2019-12-31,2019,A,importaciones_pbi,21.6904953267149,% PBI,WB,World Bank,NE.IMP.GNFS.ZS,2026-06-12
COL,Colombia,LATAM,2020-12-31,2020,A,importaciones_pbi,20.5332954086799,% PBI,WB,World Bank,NE.IMP.GNFS.ZS,2026-06-12
COL,Colombia,LATAM,2021-12-31,2021,A,importaciones_pbi,23.8621404387264,% PBI,WB,World Bank,NE.IMP.GNFS.ZS,2026-06-12
COL,Colombia,LATAM,2022-12-31,2022,A,importaciones_pbi,27.8942871185028,% PBI,WB,World Bank,NE.IMP.GNFS.ZS,2026-06-12
COL,Colombia,LATAM,2023-12-31,2023,A,importaciones_pbi,22.5564540863658,% PBI,WB,World Bank,NE.IMP.GNFS.ZS,2026-06-12
COL,Colombia,LATAM,2024-12-31,2024,A,importaciones_pbi,20.9261699894576,% PBI,WB,World Bank,NE.IMP.GNFS.ZS,2026-06-12
COL,Colombia,LATAM,2000-12-31,2000,A,industria_pbi,27.3057722832576,% PBI,WB,World Bank,NV.IND.TOTL.ZS,2026-06-12
COL,Colombia,LATAM,2001-12-31,2001,A,industria_pbi,27.2228150417753,% PBI,WB,World Bank,NV.IND.TOTL.ZS,2026-06-12
COL,Colombia,LATAM,2002-12-31,2002,A,industria_pbi,27.5290127709183,% PBI,WB,World Bank,NV.IND.TOTL.ZS,2026-06-12
COL,Colombia,LATAM,2003-12-31,2003,A,industria_pbi,28.9037801318181,% PBI,WB,World Bank,NV.IND.TOTL.ZS,2026-06-12
COL,Colombia,LATAM,2004-12-31,2004,A,industria_pbi,29.7258920854426,% PBI,WB,World Bank,NV.IND.TOTL.ZS,2026-06-12
COL,Colombia,LATAM,2005-12-31,2005,A,industria_pbi,30.3481497700898,% PBI,WB,World Bank,NV.IND.TOTL.ZS,2026-06-12
COL,Colombia,LATAM,2006-12-31,2006,A,industria_pbi,30.9134600266245,% PBI,WB,World Bank,NV.IND.TOTL.ZS,2026-06-12
COL,Colombia,LATAM,2007-12-31,2007,A,industria_pbi,30.5790350660201,% PBI,WB,World Bank,NV.IND.TOTL.ZS,2026-06-12
COL,Colombia,LATAM,2008-12-31,2008,A,industria_pbi,32.1310911250351,% PBI,WB,World Bank,NV.IND.TOTL.ZS,2026-06-12
COL,Colombia,LATAM,2009-12-31,2009,A,industria_pbi,31.2470343359106,% PBI,WB,World Bank,NV.IND.TOTL.ZS,2026-06-12
COL,Colombia,LATAM,2010-12-31,2010,A,industria_pbi,31.3713561004301,% PBI,WB,World Bank,NV.IND.TOTL.ZS,2026-06-12
COL,Colombia,LATAM,2011-12-31,2011,A,industria_pbi,33.3021551703249,% PBI,WB,World Bank,NV.IND.TOTL.ZS,2026-06-12
COL,Colombia,LATAM,2012-12-31,2012,A,industria_pbi,33.4055006173979,% PBI,WB,World Bank,NV.IND.TOTL.ZS,2026-06-12
COL,Colombia,LATAM,2013-12-31,2013,A,industria_pbi,32.7475552904174,% PBI,WB,World Bank,NV.IND.TOTL.ZS,2026-06-12
COL,Colombia,LATAM,2014-12-31,2014,A,industria_pbi,30.9858527230854,% PBI,WB,World Bank,NV.IND.TOTL.ZS,2026-06-12
COL,Colombia,LATAM,2015-12-31,2015,A,industria_pbi,28.5894478881361,% PBI,WB,World Bank,NV.IND.TOTL.ZS,2026-06-12
COL,Colombia,LATAM,2016-12-31,2016,A,industria_pbi,27.689162311787,% PBI,WB,World Bank,NV.IND.TOTL.ZS,2026-06-12
COL,Colombia,LATAM,2017-12-31,2017,A,industria_pbi,26.8148589146209,% PBI,WB,World Bank,NV.IND.TOTL.ZS,2026-06-12
COL,Colombia,LATAM,2018-12-31,2018,A,industria_pbi,26.8954667535946,% PBI,WB,World Bank,NV.IND.TOTL.ZS,2026-06-12
COL,Colombia,LATAM,2019-12-31,2019,A,industria_pbi,25.993426836769,% PBI,WB,World Bank,NV.IND.TOTL.ZS,2026-06-12
COL,Colombia,LATAM,2020-12-31,2020,A,industria_pbi,23.439238595813,% PBI,WB,World Bank,NV.IND.TOTL.ZS,2026-06-12
COL,Colombia,LATAM,2021-12-31,2021,A,industria_pbi,24.5553120236384,% PBI,WB,World Bank,NV.IND.TOTL.ZS,2026-06-12
COL,Colombia,LATAM,2022-12-31,2022,A,industria_pbi,26.1230022316952,% PBI,WB,World Bank,NV.IND.TOTL.ZS,2026-06-12
COL,Colombia,LATAM,2023-12-31,2023,A,industria_pbi,24.6925648854384,% PBI,WB,World Bank,NV.IND.TOTL.ZS,2026-06-12
COL,Colombia,LATAM,2024-12-31,2024,A,industria_pbi,23.0607806747001,% PBI,WB,World Bank,NV.IND.TOTL.ZS,2026-06-12
COL,Colombia,LATAM,2000-12-31,2000,A,inflacion,9.22534818585365,% anual,WB,World Bank,FP.CPI.TOTL.ZG,2026-06-12
COL,Colombia,LATAM,2001-12-31,2001,A,inflacion,7.96556090304834,% anual,WB,World Bank,FP.CPI.TOTL.ZG,2026-06-12
COL,Colombia,LATAM,2002-12-31,2002,A,inflacion,6.35150728778872,% anual,WB,World Bank,FP.CPI.TOTL.ZG,2026-06-12
COL,Colombia,LATAM,2003-12-31,2003,A,inflacion,7.1297886294186,% anual,WB,World Bank,FP.CPI.TOTL.ZG,2026-06-12
COL,Colombia,LATAM,2004-12-31,2004,A,inflacion,5.90402005546502,% anual,WB,World Bank,FP.CPI.TOTL.ZG,2026-06-12
COL,Colombia,LATAM,2005-12-31,2005,A,inflacion,5.05101962689695,% anual,WB,World Bank,FP.CPI.TOTL.ZG,2026-06-12
COL,Colombia,LATAM,2006-12-31,2006,A,inflacion,4.29342363628926,% anual,WB,World Bank,FP.CPI.TOTL.ZG,2026-06-12
COL,Colombia,LATAM,2007-12-31,2007,A,inflacion,5.54438485815155,% anual,WB,World Bank,FP.CPI.TOTL.ZG,2026-06-12
COL,Colombia,LATAM,2008-12-31,2008,A,inflacion,6.9968849555451,% anual,WB,World Bank,FP.CPI.TOTL.ZG,2026-06-12
COL,Colombia,LATAM,2009-12-31,2009,A,inflacion,4.20251661216481,% anual,WB,World Bank,FP.CPI.TOTL.ZG,2026-06-12
COL,Colombia,LATAM,2010-12-31,2010,A,inflacion,2.27200227892008,% anual,WB,World Bank,FP.CPI.TOTL.ZG,2026-06-12
COL,Colombia,LATAM,2011-12-31,2011,A,inflacion,3.4150334477625,% anual,WB,World Bank,FP.CPI.TOTL.ZG,2026-06-12
COL,Colombia,LATAM,2012-12-31,2012,A,inflacion,3.16930188840055,% anual,WB,World Bank,FP.CPI.TOTL.ZG,2026-06-12
COL,Colombia,LATAM,2013-12-31,2013,A,inflacion,2.01699224310383,% anual,WB,World Bank,FP.CPI.TOTL.ZG,2026-06-12
COL,Colombia,LATAM,2014-12-31,2014,A,inflacion,2.89883787761737,% anual,WB,World Bank,FP.CPI.TOTL.ZG,2026-06-12
COL,Colombia,LATAM,2015-12-31,2015,A,inflacion,4.98983115849529,% anual,WB,World Bank,FP.CPI.TOTL.ZG,2026-06-12
COL,Colombia,LATAM,2016-12-31,2016,A,inflacion,7.51346024627674,% anual,WB,World Bank,FP.CPI.TOTL.ZG,2026-06-12
COL,Colombia,LATAM,2017-12-31,2017,A,inflacion,4.3143132569501,% anual,WB,World Bank,FP.CPI.TOTL.ZG,2026-06-12
COL,Colombia,LATAM,2018-12-31,2018,A,inflacion,3.24056932930569,% anual,WB,World Bank,FP.CPI.TOTL.ZG,2026-06-12
COL,Colombia,LATAM,2019-12-31,2019,A,inflacion,3.52301932741446,% anual,WB,World Bank,FP.CPI.TOTL.ZG,2026-06-12
COL,Colombia,LATAM,2020-12-31,2020,A,inflacion,2.52663500084706,% anual,WB,World Bank,FP.CPI.TOTL.ZG,2026-06-12
COL,Colombia,LATAM,2021-12-31,2021,A,inflacion,3.49505757399448,% anual,WB,World Bank,FP.CPI.TOTL.ZG,2026-06-12
COL,Colombia,LATAM,2022-12-31,2022,A,inflacion,10.1772313546166,% anual,WB,World Bank,FP.CPI.TOTL.ZG,2026-06-12
COL,Colombia,LATAM,2023-12-31,2023,A,inflacion,11.7359044948689,% anual,WB,World Bank,FP.CPI.TOTL.ZG,2026-06-12
COL,Colombia,LATAM,2024-12-31,2024,A,inflacion,6.60908593728228,% anual,WB,World Bank,FP.CPI.TOTL.ZG,2026-06-12
COL,Colombia,LATAM,2000-12-31,2000,A,inversion_pbi,14.8956270290748,% PBI,WB,World Bank,NE.GDI.TOTL.ZS,2026-06-12
COL,Colombia,LATAM,2001-12-31,2001,A,inversion_pbi,16.0322513515548,% PBI,WB,World Bank,NE.GDI.TOTL.ZS,2026-06-12
COL,Colombia,LATAM,2002-12-31,2002,A,inversion_pbi,17.2515418448331,% PBI,WB,World Bank,NE.GDI.TOTL.ZS,2026-06-12
COL,Colombia,LATAM,2003-12-31,2003,A,inversion_pbi,18.6818190163212,% PBI,WB,World Bank,NE.GDI.TOTL.ZS,2026-06-12
COL,Colombia,LATAM,2004-12-31,2004,A,inversion_pbi,19.4409966142669,% PBI,WB,World Bank,NE.GDI.TOTL.ZS,2026-06-12
COL,Colombia,LATAM,2005-12-31,2005,A,inversion_pbi,21.6562413080915,% PBI,WB,World Bank,NE.GDI.TOTL.ZS,2026-06-12
COL,Colombia,LATAM,2006-12-31,2006,A,inversion_pbi,22.9389629039528,% PBI,WB,World Bank,NE.GDI.TOTL.ZS,2026-06-12
COL,Colombia,LATAM,2007-12-31,2007,A,inversion_pbi,23.4542806868515,% PBI,WB,World Bank,NE.GDI.TOTL.ZS,2026-06-12
COL,Colombia,LATAM,2008-12-31,2008,A,inversion_pbi,23.7209214485662,% PBI,WB,World Bank,NE.GDI.TOTL.ZS,2026-06-12
COL,Colombia,LATAM,2009-12-31,2009,A,inversion_pbi,21.9875830884376,% PBI,WB,World Bank,NE.GDI.TOTL.ZS,2026-06-12
COL,Colombia,LATAM,2010-12-31,2010,A,inversion_pbi,21.8887622688674,% PBI,WB,World Bank,NE.GDI.TOTL.ZS,2026-06-12
COL,Colombia,LATAM,2011-12-31,2011,A,inversion_pbi,22.9955914400596,% PBI,WB,World Bank,NE.GDI.TOTL.ZS,2026-06-12
COL,Colombia,LATAM,2012-12-31,2012,A,inversion_pbi,22.1046440622529,% PBI,WB,World Bank,NE.GDI.TOTL.ZS,2026-06-12
COL,Colombia,LATAM,2013-12-31,2013,A,inversion_pbi,22.1825448506007,% PBI,WB,World Bank,NE.GDI.TOTL.ZS,2026-06-12
COL,Colombia,LATAM,2014-12-31,2014,A,inversion_pbi,24.0033136584861,% PBI,WB,World Bank,NE.GDI.TOTL.ZS,2026-06-12
COL,Colombia,LATAM,2015-12-31,2015,A,inversion_pbi,23.7736922946916,% PBI,WB,World Bank,NE.GDI.TOTL.ZS,2026-06-12
COL,Colombia,LATAM,2016-12-31,2016,A,inversion_pbi,23.1674195572494,% PBI,WB,World Bank,NE.GDI.TOTL.ZS,2026-06-12
COL,Colombia,LATAM,2017-12-31,2017,A,inversion_pbi,21.5993768407696,% PBI,WB,World Bank,NE.GDI.TOTL.ZS,2026-06-12
COL,Colombia,LATAM,2018-12-31,2018,A,inversion_pbi,21.1954755611258,% PBI,WB,World Bank,NE.GDI.TOTL.ZS,2026-06-12
COL,Colombia,LATAM,2019-12-31,2019,A,inversion_pbi,21.3806095458027,% PBI,WB,World Bank,NE.GDI.TOTL.ZS,2026-06-12
COL,Colombia,LATAM,2020-12-31,2020,A,inversion_pbi,19.1281469366662,% PBI,WB,World Bank,NE.GDI.TOTL.ZS,2026-06-12
COL,Colombia,LATAM,2021-12-31,2021,A,inversion_pbi,18.9169518896828,% PBI,WB,World Bank,NE.GDI.TOTL.ZS,2026-06-12
COL,Colombia,LATAM,2022-12-31,2022,A,inversion_pbi,19.7872446007318,% PBI,WB,World Bank,NE.GDI.TOTL.ZS,2026-06-12
COL,Colombia,LATAM,2023-12-31,2023,A,inversion_pbi,16.4396849097732,% PBI,WB,World Bank,NE.GDI.TOTL.ZS,2026-06-12
COL,Colombia,LATAM,2024-12-31,2024,A,inversion_pbi,16.8220284603038,% PBI,WB,World Bank,NE.GDI.TOTL.ZS,2026-06-12
COL,Colombia,LATAM,2000-12-31,2000,A,manufactura_pbi,13.9327006536198,% PBI,WB,World Bank,NV.IND.MANF.ZS,2026-06-12
COL,Colombia,LATAM,2001-12-31,2001,A,manufactura_pbi,14.1371966473471,% PBI,WB,World Bank,NV.IND.MANF.ZS,2026-06-12
COL,Colombia,LATAM,2002-12-31,2002,A,manufactura_pbi,14.0329280173486,% PBI,WB,World Bank,NV.IND.MANF.ZS,2026-06-12
COL,Colombia,LATAM,2003-12-31,2003,A,manufactura_pbi,14.2374561677284,% PBI,WB,World Bank,NV.IND.MANF.ZS,2026-06-12
COL,Colombia,LATAM,2004-12-31,2004,A,manufactura_pbi,14.4134103625529,% PBI,WB,World Bank,NV.IND.MANF.ZS,2026-06-12
COL,Colombia,LATAM,2005-12-31,2005,A,manufactura_pbi,15.9910403067837,% PBI,WB,World Bank,NV.IND.MANF.ZS,2026-06-12
COL,Colombia,LATAM,2006-12-31,2006,A,manufactura_pbi,15.9786060942757,% PBI,WB,World Bank,NV.IND.MANF.ZS,2026-06-12
COL,Colombia,LATAM,2007-12-31,2007,A,manufactura_pbi,16.1542662179759,% PBI,WB,World Bank,NV.IND.MANF.ZS,2026-06-12
COL,Colombia,LATAM,2008-12-31,2008,A,manufactura_pbi,15.3737037145843,% PBI,WB,World Bank,NV.IND.MANF.ZS,2026-06-12
COL,Colombia,LATAM,2009-12-31,2009,A,manufactura_pbi,14.7800723322979,% PBI,WB,World Bank,NV.IND.MANF.ZS,2026-06-12
COL,Colombia,LATAM,2010-12-31,2010,A,manufactura_pbi,13.9670256956953,% PBI,WB,World Bank,NV.IND.MANF.ZS,2026-06-12
COL,Colombia,LATAM,2011-12-31,2011,A,manufactura_pbi,13.217602576964,% PBI,WB,World Bank,NV.IND.MANF.ZS,2026-06-12
COL,Colombia,LATAM,2012-12-31,2012,A,manufactura_pbi,13.0892848837297,% PBI,WB,World Bank,NV.IND.MANF.ZS,2026-06-12
COL,Colombia,LATAM,2013-12-31,2013,A,manufactura_pbi,12.6623563037307,% PBI,WB,World Bank,NV.IND.MANF.ZS,2026-06-12
COL,Colombia,LATAM,2014-12-31,2014,A,manufactura_pbi,12.2693186420816,% PBI,WB,World Bank,NV.IND.MANF.ZS,2026-06-12
COL,Colombia,LATAM,2015-12-31,2015,A,manufactura_pbi,12.4008937581087,% PBI,WB,World Bank,NV.IND.MANF.ZS,2026-06-12
COL,Colombia,LATAM,2016-12-31,2016,A,manufactura_pbi,12.297778837716,% PBI,WB,World Bank,NV.IND.MANF.ZS,2026-06-12
COL,Colombia,LATAM,2017-12-31,2017,A,manufactura_pbi,11.4095935667718,% PBI,WB,World Bank,NV.IND.MANF.ZS,2026-06-12
COL,Colombia,LATAM,2018-12-31,2018,A,manufactura_pbi,11.1518529729467,% PBI,WB,World Bank,NV.IND.MANF.ZS,2026-06-12
COL,Colombia,LATAM,2019-12-31,2019,A,manufactura_pbi,10.926657535177,% PBI,WB,World Bank,NV.IND.MANF.ZS,2026-06-12
COL,Colombia,LATAM,2020-12-31,2020,A,manufactura_pbi,10.7275023510948,% PBI,WB,World Bank,NV.IND.MANF.ZS,2026-06-12
COL,Colombia,LATAM,2021-12-31,2021,A,manufactura_pbi,11.1991608490115,% PBI,WB,World Bank,NV.IND.MANF.ZS,2026-06-12
COL,Colombia,LATAM,2022-12-31,2022,A,manufactura_pbi,11.1476678003017,% PBI,WB,World Bank,NV.IND.MANF.ZS,2026-06-12
COL,Colombia,LATAM,2023-12-31,2023,A,manufactura_pbi,10.8689972370914,% PBI,WB,World Bank,NV.IND.MANF.ZS,2026-06-12
COL,Colombia,LATAM,2024-12-31,2024,A,manufactura_pbi,10.0955376873703,% PBI,WB,World Bank,NV.IND.MANF.ZS,2026-06-12
COL,Colombia,LATAM,2000-12-31,2000,A,pbi,99875074951.0278,USD actuales,WB,World Bank,NY.GDP.MKTP.CD,2026-06-12
COL,Colombia,LATAM,2001-12-31,2001,A,pbi,98200641203.3892,USD actuales,WB,World Bank,NY.GDP.MKTP.CD,2026-06-12
COL,Colombia,LATAM,2002-12-31,2002,A,pbi,97945812802.8882,USD actuales,WB,World Bank,NY.GDP.MKTP.CD,2026-06-12
COL,Colombia,LATAM,2003-12-31,2003,A,pbi,94644969157.0987,USD actuales,WB,World Bank,NY.GDP.MKTP.CD,2026-06-12
COL,Colombia,LATAM,2004-12-31,2004,A,pbi,117092416666.245,USD actuales,WB,World Bank,NY.GDP.MKTP.CD,2026-06-12
COL,Colombia,LATAM,2005-12-31,2005,A,pbi,145600529605.803,USD actuales,WB,World Bank,NY.GDP.MKTP.CD,2026-06-12
COL,Colombia,LATAM,2006-12-31,2006,A,pbi,161792958904.864,USD actuales,WB,World Bank,NY.GDP.MKTP.CD,2026-06-12
COL,Colombia,LATAM,2007-12-31,2007,A,pbi,206229540926.312,USD actuales,WB,World Bank,NY.GDP.MKTP.CD,2026-06-12
COL,Colombia,LATAM,2008-12-31,2008,A,pbi,242504150472.931,USD actuales,WB,World Bank,NY.GDP.MKTP.CD,2026-06-12
COL,Colombia,LATAM,2009-12-31,2009,A,pbi,232468663109.595,USD actuales,WB,World Bank,NY.GDP.MKTP.CD,2026-06-12
COL,Colombia,LATAM,2010-12-31,2010,A,pbi,286498534094.963,USD actuales,WB,World Bank,NY.GDP.MKTP.CD,2026-06-12
COL,Colombia,LATAM,2011-12-31,2011,A,pbi,334966134804.887,USD actuales,WB,World Bank,NY.GDP.MKTP.CD,2026-06-12
COL,Colombia,LATAM,2012-12-31,2012,A,pbi,370691143018.039,USD actuales,WB,World Bank,NY.GDP.MKTP.CD,2026-06-12
COL,Colombia,LATAM,2013-12-31,2013,A,pbi,382093697077.685,USD actuales,WB,World Bank,NY.GDP.MKTP.CD,2026-06-12
COL,Colombia,LATAM,2014-12-31,2014,A,pbi,381240864422.407,USD actuales,WB,World Bank,NY.GDP.MKTP.CD,2026-06-12
COL,Colombia,LATAM,2015-12-31,2015,A,pbi,293492370193.166,USD actuales,WB,World Bank,NY.GDP.MKTP.CD,2026-06-12
COL,Colombia,LATAM,2016-12-31,2016,A,pbi,282720100286.228,USD actuales,WB,World Bank,NY.GDP.MKTP.CD,2026-06-12
COL,Colombia,LATAM,2017-12-31,2017,A,pbi,311866875156.879,USD actuales,WB,World Bank,NY.GDP.MKTP.CD,2026-06-12
COL,Colombia,LATAM,2018-12-31,2018,A,pbi,334198218098.276,USD actuales,WB,World Bank,NY.GDP.MKTP.CD,2026-06-12
COL,Colombia,LATAM,2019-12-31,2019,A,pbi,323031701192.84,USD actuales,WB,World Bank,NY.GDP.MKTP.CD,2026-06-12
COL,Colombia,LATAM,2020-12-31,2020,A,pbi,270348342541.465,USD actuales,WB,World Bank,NY.GDP.MKTP.CD,2026-06-12
COL,Colombia,LATAM,2021-12-31,2021,A,pbi,318524633225.395,USD actuales,WB,World Bank,NY.GDP.MKTP.CD,2026-06-12
COL,Colombia,LATAM,2022-12-31,2022,A,pbi,345632492851.448,USD actuales,WB,World Bank,NY.GDP.MKTP.CD,2026-06-12
COL,Colombia,LATAM,2023-12-31,2023,A,pbi,366291836137.916,USD actuales,WB,World Bank,NY.GDP.MKTP.CD,2026-06-12
COL,Colombia,LATAM,2024-12-31,2024,A,pbi,418818154879.271,USD actuales,WB,World Bank,NY.GDP.MKTP.CD,2026-06-12
COL,Colombia,LATAM,2000-12-31,2000,A,pbi_per_capita,2555.00751039968,USD actuales,WB,World Bank,NY.GDP.PCAP.CD,2026-06-12
COL,Colombia,LATAM,2001-12-31,2001,A,pbi_per_capita,2472.99084035833,USD actuales,WB,World Bank,NY.GDP.PCAP.CD,2026-06-12
COL,Colombia,LATAM,2002-12-31,2002,A,pbi_per_capita,2428.92969771584,USD actuales,WB,World Bank,NY.GDP.PCAP.CD,2026-06-12
COL,Colombia,LATAM,2003-12-31,2003,A,pbi_per_capita,2311.94218760291,USD actuales,WB,World Bank,NY.GDP.PCAP.CD,2026-06-12
COL,Colombia,LATAM,2004-12-31,2004,A,pbi_per_capita,2818.57195413044,USD actuales,WB,World Bank,NY.GDP.PCAP.CD,2026-06-12
COL,Colombia,LATAM,2005-12-31,2005,A,pbi_per_capita,3456.06610874512,USD actuales,WB,World Bank,NY.GDP.PCAP.CD,2026-06-12
COL,Colombia,LATAM,2006-12-31,2006,A,pbi_per_capita,3789.85361217027,USD actuales,WB,World Bank,NY.GDP.PCAP.CD,2026-06-12
COL,Colombia,LATAM,2007-12-31,2007,A,pbi_per_capita,4769.926147194,USD actuales,WB,World Bank,NY.GDP.PCAP.CD,2026-06-12
COL,Colombia,LATAM,2008-12-31,2008,A,pbi_per_capita,5541.83629665898,USD actuales,WB,World Bank,NY.GDP.PCAP.CD,2026-06-12
COL,Colombia,LATAM,2009-12-31,2009,A,pbi_per_capita,5250.97292433518,USD actuales,WB,World Bank,NY.GDP.PCAP.CD,2026-06-12
COL,Colombia,LATAM,2010-12-31,2010,A,pbi_per_capita,6398.2958447102,USD actuales,WB,World Bank,NY.GDP.PCAP.CD,2026-06-12
COL,Colombia,LATAM,2011-12-31,2011,A,pbi_per_capita,7400.9940695669,USD actuales,WB,World Bank,NY.GDP.PCAP.CD,2026-06-12
COL,Colombia,LATAM,2012-12-31,2012,A,pbi_per_capita,8108.59838244229,USD actuales,WB,World Bank,NY.GDP.PCAP.CD,2026-06-12
COL,Colombia,LATAM,2013-12-31,2013,A,pbi_per_capita,8279.10255642981,USD actuales,WB,World Bank,NY.GDP.PCAP.CD,2026-06-12
COL,Colombia,LATAM,2014-12-31,2014,A,pbi_per_capita,8187.20824890084,USD actuales,WB,World Bank,NY.GDP.PCAP.CD,2026-06-12
COL,Colombia,LATAM,2015-12-31,2015,A,pbi_per_capita,6248.51490534512,USD actuales,WB,World Bank,NY.GDP.PCAP.CD,2026-06-12
COL,Colombia,LATAM,2016-12-31,2016,A,pbi_per_capita,5959.84250367574,USD actuales,WB,World Bank,NY.GDP.PCAP.CD,2026-06-12
COL,Colombia,LATAM,2017-12-31,2017,A,pbi_per_capita,6479.53231292429,USD actuales,WB,World Bank,NY.GDP.PCAP.CD,2026-06-12
COL,Colombia,LATAM,2018-12-31,2018,A,pbi_per_capita,6816.96818309544,USD actuales,WB,World Bank,NY.GDP.PCAP.CD,2026-06-12
COL,Colombia,LATAM,2019-12-31,2019,A,pbi_per_capita,6472.54544924705,USD actuales,WB,World Bank,NY.GDP.PCAP.CD,2026-06-12
COL,Colombia,LATAM,2020-12-31,2020,A,pbi_per_capita,5339.68711357943,USD actuales,WB,World Bank,NY.GDP.PCAP.CD,2026-06-12
COL,Colombia,LATAM,2021-12-31,2021,A,pbi_per_capita,6222.62164397614,USD actuales,WB,World Bank,NY.GDP.PCAP.CD,2026-06-12
COL,Colombia,LATAM,2022-12-31,2022,A,pbi_per_capita,6680.44506854481,USD actuales,WB,World Bank,NY.GDP.PCAP.CD,2026-06-12
COL,Colombia,LATAM,2023-12-31,2023,A,pbi_per_capita,7000.83660501046,USD actuales,WB,World Bank,NY.GDP.PCAP.CD,2026-06-12
COL,Colombia,LATAM,2024-12-31,2024,A,pbi_per_capita,7919.20886825345,USD actuales,WB,World Bank,NY.GDP.PCAP.CD,2026-06-12
COL,Colombia,LATAM,2000-12-31,2000,A,poblacion,39089934.0,personas,WB,World Bank,SP.POP.TOTL,2026-06-12
COL,Colombia,LATAM,2001-12-31,2001,A,poblacion,39709262.0,personas,WB,World Bank,SP.POP.TOTL,2026-06-12
COL,Colombia,LATAM,2002-12-31,2002,A,poblacion,40324680.0,personas,WB,World Bank,SP.POP.TOTL,2026-06-12
COL,Colombia,LATAM,2003-12-31,2003,A,poblacion,40937429.0,personas,WB,World Bank,SP.POP.TOTL,2026-06-12
COL,Colombia,LATAM,2004-12-31,2004,A,poblacion,41543171.0,personas,WB,World Bank,SP.POP.TOTL,2026-06-12
COL,Colombia,LATAM,2005-12-31,2005,A,poblacion,42128977.0,personas,WB,World Bank,SP.POP.TOTL,2026-06-12
COL,Colombia,LATAM,2006-12-31,2006,A,poblacion,42691084.0,personas,WB,World Bank,SP.POP.TOTL,2026-06-12
COL,Colombia,LATAM,2007-12-31,2007,A,poblacion,43235374.0,personas,WB,World Bank,SP.POP.TOTL,2026-06-12
COL,Colombia,LATAM,2008-12-31,2008,A,poblacion,43758808.0,personas,WB,World Bank,SP.POP.TOTL,2026-06-12
COL,Colombia,LATAM,2009-12-31,2009,A,poblacion,44271541.0,personas,WB,World Bank,SP.POP.TOTL,2026-06-12
COL,Colombia,LATAM,2010-12-31,2010,A,poblacion,44777319.0,personas,WB,World Bank,SP.POP.TOTL,2026-06-12
COL,Colombia,LATAM,2011-12-31,2011,A,poblacion,45259614.0,personas,WB,World Bank,SP.POP.TOTL,2026-06-12
COL,Colombia,LATAM,2012-12-31,2012,A,poblacion,45715810.0,personas,WB,World Bank,SP.POP.TOTL,2026-06-12
COL,Colombia,LATAM,2013-12-31,2013,A,poblacion,46151584.0,personas,WB,World Bank,SP.POP.TOTL,2026-06-12
COL,Colombia,LATAM,2014-12-31,2014,A,poblacion,46565429.0,personas,WB,World Bank,SP.POP.TOTL,2026-06-12
COL,Colombia,LATAM,2015-12-31,2015,A,poblacion,46969940.0,personas,WB,World Bank,SP.POP.TOTL,2026-06-12
COL,Colombia,LATAM,2016-12-31,2016,A,poblacion,47437512.0,personas,WB,World Bank,SP.POP.TOTL,2026-06-12
COL,Colombia,LATAM,2017-12-31,2017,A,poblacion,48131078.0,personas,WB,World Bank,SP.POP.TOTL,2026-06-12
COL,Colombia,LATAM,2018-12-31,2018,A,poblacion,49024465.0,personas,WB,World Bank,SP.POP.TOTL,2026-06-12
COL,Colombia,LATAM,2019-12-31,2019,A,poblacion,49907985.0,personas,WB,World Bank,SP.POP.TOTL,2026-06-12
COL,Colombia,LATAM,2020-12-31,2020,A,poblacion,50629997.0,personas,WB,World Bank,SP.POP.TOTL,2026-06-12
COL,Colombia,LATAM,2021-12-31,2021,A,poblacion,51188173.0,personas,WB,World Bank,SP.POP.TOTL,2026-06-12
COL,Colombia,LATAM,2022-12-31,2022,A,poblacion,51737944.0,personas,WB,World Bank,SP.POP.TOTL,2026-06-12
COL,Colombia,LATAM,2023-12-31,2023,A,poblacion,52321152.0,personas,WB,World Bank,SP.POP.TOTL,2026-06-12
COL,Colombia,LATAM,2024-12-31,2024,A,poblacion,52886363.0,personas,WB,World Bank,SP.POP.TOTL,2026-06-12
COL,Colombia,LATAM,2000-12-31,2000,A,servicios_pbi,57.1943739779697,% PBI,WB,World Bank,NV.SRV.TOTL.ZS,2026-06-12
COL,Colombia,LATAM,2001-12-31,2001,A,servicios_pbi,57.1646793682561,% PBI,WB,World Bank,NV.SRV.TOTL.ZS,2026-06-12
COL,Colombia,LATAM,2002-12-31,2002,A,servicios_pbi,56.4586280128647,% PBI,WB,World Bank,NV.SRV.TOTL.ZS,2026-06-12
COL,Colombia,LATAM,2003-12-31,2003,A,servicios_pbi,54.9027887422203,% PBI,WB,World Bank,NV.SRV.TOTL.ZS,2026-06-12
COL,Colombia,LATAM,2004-12-31,2004,A,servicios_pbi,54.1525594452856,% PBI,WB,World Bank,NV.SRV.TOTL.ZS,2026-06-12
COL,Colombia,LATAM,2005-12-31,2005,A,servicios_pbi,53.1705123121808,% PBI,WB,World Bank,NV.SRV.TOTL.ZS,2026-06-12
COL,Colombia,LATAM,2006-12-31,2006,A,servicios_pbi,52.510717917003,% PBI,WB,World Bank,NV.SRV.TOTL.ZS,2026-06-12
COL,Colombia,LATAM,2007-12-31,2007,A,servicios_pbi,52.954917784115,% PBI,WB,World Bank,NV.SRV.TOTL.ZS,2026-06-12
COL,Colombia,LATAM,2008-12-31,2008,A,servicios_pbi,52.0115244022713,% PBI,WB,World Bank,NV.SRV.TOTL.ZS,2026-06-12
COL,Colombia,LATAM,2009-12-31,2009,A,servicios_pbi,53.4800448189101,% PBI,WB,World Bank,NV.SRV.TOTL.ZS,2026-06-12
COL,Colombia,LATAM,2010-12-31,2010,A,servicios_pbi,53.3990736315847,% PBI,WB,World Bank,NV.SRV.TOTL.ZS,2026-06-12
COL,Colombia,LATAM,2011-12-31,2011,A,servicios_pbi,51.4400918867312,% PBI,WB,World Bank,NV.SRV.TOTL.ZS,2026-06-12
COL,Colombia,LATAM,2012-12-31,2012,A,servicios_pbi,51.9873009585796,% PBI,WB,World Bank,NV.SRV.TOTL.ZS,2026-06-12
COL,Colombia,LATAM,2013-12-31,2013,A,servicios_pbi,53.3511741467848,% PBI,WB,World Bank,NV.SRV.TOTL.ZS,2026-06-12
COL,Colombia,LATAM,2014-12-31,2014,A,servicios_pbi,54.6340753673796,% PBI,WB,World Bank,NV.SRV.TOTL.ZS,2026-06-12
COL,Colombia,LATAM,2015-12-31,2015,A,servicios_pbi,56.2155458237437,% PBI,WB,World Bank,NV.SRV.TOTL.ZS,2026-06-12
COL,Colombia,LATAM,2016-12-31,2016,A,servicios_pbi,56.8986156229234,% PBI,WB,World Bank,NV.SRV.TOTL.ZS,2026-06-12
COL,Colombia,LATAM,2017-12-31,2017,A,servicios_pbi,57.6083331251066,% PBI,WB,World Bank,NV.SRV.TOTL.ZS,2026-06-12
COL,Colombia,LATAM,2018-12-31,2018,A,servicios_pbi,57.6526815895265,% PBI,WB,World Bank,NV.SRV.TOTL.ZS,2026-06-12
COL,Colombia,LATAM,2019-12-31,2019,A,servicios_pbi,58.1364591705438,% PBI,WB,World Bank,NV.SRV.TOTL.ZS,2026-06-12
COL,Colombia,LATAM,2020-12-31,2020,A,servicios_pbi,60.1218262723705,% PBI,WB,World Bank,NV.SRV.TOTL.ZS,2026-06-12
COL,Colombia,LATAM,2021-12-31,2021,A,servicios_pbi,58.19295777246,% PBI,WB,World Bank,NV.SRV.TOTL.ZS,2026-06-12
COL,Colombia,LATAM,2022-12-31,2022,A,servicios_pbi,54.908743854001,% PBI,WB,World Bank,NV.SRV.TOTL.ZS,2026-06-12
COL,Colombia,LATAM,2023-12-31,2023,A,servicios_pbi,56.7402222191369,% PBI,WB,World Bank,NV.SRV.TOTL.ZS,2026-06-12
COL,Colombia,LATAM,2024-12-31,2024,A,servicios_pbi,58.1429719176746,% PBI,WB,World Bank,NV.SRV.TOTL.ZS,2026-06-12
ECU,Ecuador,LATAM,2000-12-31,2000,A,agro_pbi,12.401175424691,% PBI,WB,World Bank,NV.AGR.TOTL.ZS,2026-06-12
ECU,Ecuador,LATAM,2001-12-31,2001,A,agro_pbi,10.4701484905882,% PBI,WB,World Bank,NV.AGR.TOTL.ZS,2026-06-12
ECU,Ecuador,LATAM,2002-12-31,2002,A,agro_pbi,9.43400389965372,% PBI,WB,World Bank,NV.AGR.TOTL.ZS,2026-06-12
ECU,Ecuador,LATAM,2003-12-31,2003,A,agro_pbi,9.05012813090098,% PBI,WB,World Bank,NV.AGR.TOTL.ZS,2026-06-12
ECU,Ecuador,LATAM,2004-12-31,2004,A,agro_pbi,7.96891951563388,% PBI,WB,World Bank,NV.AGR.TOTL.ZS,2026-06-12
ECU,Ecuador,LATAM,2005-12-31,2005,A,agro_pbi,7.72632554619423,% PBI,WB,World Bank,NV.AGR.TOTL.ZS,2026-06-12
ECU,Ecuador,LATAM,2006-12-31,2006,A,agro_pbi,7.71967865189029,% PBI,WB,World Bank,NV.AGR.TOTL.ZS,2026-06-12
ECU,Ecuador,LATAM,2007-12-31,2007,A,agro_pbi,7.64839421670263,% PBI,WB,World Bank,NV.AGR.TOTL.ZS,2026-06-12
ECU,Ecuador,LATAM,2008-12-31,2008,A,agro_pbi,7.3493757008365,% PBI,WB,World Bank,NV.AGR.TOTL.ZS,2026-06-12
ECU,Ecuador,LATAM,2009-12-31,2009,A,agro_pbi,8.61225542007853,% PBI,WB,World Bank,NV.AGR.TOTL.ZS,2026-06-12
ECU,Ecuador,LATAM,2010-12-31,2010,A,agro_pbi,8.33021025899583,% PBI,WB,World Bank,NV.AGR.TOTL.ZS,2026-06-12
ECU,Ecuador,LATAM,2011-12-31,2011,A,agro_pbi,7.90853917487421,% PBI,WB,World Bank,NV.AGR.TOTL.ZS,2026-06-12
ECU,Ecuador,LATAM,2012-12-31,2012,A,agro_pbi,6.99944108995073,% PBI,WB,World Bank,NV.AGR.TOTL.ZS,2026-06-12
ECU,Ecuador,LATAM,2013-12-31,2013,A,agro_pbi,6.96320880489033,% PBI,WB,World Bank,NV.AGR.TOTL.ZS,2026-06-12
ECU,Ecuador,LATAM,2014-12-31,2014,A,agro_pbi,7.40439967003185,% PBI,WB,World Bank,NV.AGR.TOTL.ZS,2026-06-12
ECU,Ecuador,LATAM,2015-12-31,2015,A,agro_pbi,8.02049629728797,% PBI,WB,World Bank,NV.AGR.TOTL.ZS,2026-06-12
ECU,Ecuador,LATAM,2016-12-31,2016,A,agro_pbi,8.07212585894998,% PBI,WB,World Bank,NV.AGR.TOTL.ZS,2026-06-12
ECU,Ecuador,LATAM,2017-12-31,2017,A,agro_pbi,7.90222040951574,% PBI,WB,World Bank,NV.AGR.TOTL.ZS,2026-06-12
ECU,Ecuador,LATAM,2018-12-31,2018,A,agro_pbi,7.64505994805811,% PBI,WB,World Bank,NV.AGR.TOTL.ZS,2026-06-12
ECU,Ecuador,LATAM,2019-12-31,2019,A,agro_pbi,7.78676459859086,% PBI,WB,World Bank,NV.AGR.TOTL.ZS,2026-06-12
ECU,Ecuador,LATAM,2020-12-31,2020,A,agro_pbi,8.38574905899645,% PBI,WB,World Bank,NV.AGR.TOTL.ZS,2026-06-12
ECU,Ecuador,LATAM,2021-12-31,2021,A,agro_pbi,8.07999983280318,% PBI,WB,World Bank,NV.AGR.TOTL.ZS,2026-06-12
ECU,Ecuador,LATAM,2022-12-31,2022,A,agro_pbi,7.39303992355462,% PBI,WB,World Bank,NV.AGR.TOTL.ZS,2026-06-12
ECU,Ecuador,LATAM,2023-12-31,2023,A,agro_pbi,7.99547363333803,% PBI,WB,World Bank,NV.AGR.TOTL.ZS,2026-06-12
ECU,Ecuador,LATAM,2024-12-31,2024,A,agro_pbi,9.47610095074641,% PBI,WB,World Bank,NV.AGR.TOTL.ZS,2026-06-12
ECU,Ecuador,LATAM,2000-12-31,2000,A,crecimiento_pbi,1.09180164720277,% anual,WB,World Bank,NY.GDP.MKTP.KD.ZG,2026-06-12
ECU,Ecuador,LATAM,2001-12-31,2001,A,crecimiento_pbi,4.20627185748789,% anual,WB,World Bank,NY.GDP.MKTP.KD.ZG,2026-06-12
ECU,Ecuador,LATAM,2002-12-31,2002,A,crecimiento_pbi,4.92809549611376,% anual,WB,World Bank,NY.GDP.MKTP.KD.ZG,2026-06-12
ECU,Ecuador,LATAM,2003-12-31,2003,A,crecimiento_pbi,2.88450036512064,% anual,WB,World Bank,NY.GDP.MKTP.KD.ZG,2026-06-12
ECU,Ecuador,LATAM,2004-12-31,2004,A,crecimiento_pbi,6.83239736646514,% anual,WB,World Bank,NY.GDP.MKTP.KD.ZG,2026-06-12
ECU,Ecuador,LATAM,2005-12-31,2005,A,crecimiento_pbi,5.39862243994342,% anual,WB,World Bank,NY.GDP.MKTP.KD.ZG,2026-06-12
ECU,Ecuador,LATAM,2006-12-31,2006,A,crecimiento_pbi,4.34113198577639,% anual,WB,World Bank,NY.GDP.MKTP.KD.ZG,2026-06-12
ECU,Ecuador,LATAM,2007-12-31,2007,A,crecimiento_pbi,1.90242859700484,% anual,WB,World Bank,NY.GDP.MKTP.KD.ZG,2026-06-12
ECU,Ecuador,LATAM,2008-12-31,2008,A,crecimiento_pbi,6.56492068224719,% anual,WB,World Bank,NY.GDP.MKTP.KD.ZG,2026-06-12
ECU,Ecuador,LATAM,2009-12-31,2009,A,crecimiento_pbi,1.0910129698311,% anual,WB,World Bank,NY.GDP.MKTP.KD.ZG,2026-06-12
ECU,Ecuador,LATAM,2010-12-31,2010,A,crecimiento_pbi,4.02913787986621,% anual,WB,World Bank,NY.GDP.MKTP.KD.ZG,2026-06-12
ECU,Ecuador,LATAM,2011-12-31,2011,A,crecimiento_pbi,8.48147656332823,% anual,WB,World Bank,NY.GDP.MKTP.KD.ZG,2026-06-12
ECU,Ecuador,LATAM,2012-12-31,2012,A,crecimiento_pbi,5.783212336172,% anual,WB,World Bank,NY.GDP.MKTP.KD.ZG,2026-06-12
ECU,Ecuador,LATAM,2013-12-31,2013,A,crecimiento_pbi,7.21123653679159,% anual,WB,World Bank,NY.GDP.MKTP.KD.ZG,2026-06-12
ECU,Ecuador,LATAM,2014-12-31,2014,A,crecimiento_pbi,4.22606520388456,% anual,WB,World Bank,NY.GDP.MKTP.KD.ZG,2026-06-12
ECU,Ecuador,LATAM,2015-12-31,2015,A,crecimiento_pbi,0.119692109287612,% anual,WB,World Bank,NY.GDP.MKTP.KD.ZG,2026-06-12
ECU,Ecuador,LATAM,2016-12-31,2016,A,crecimiento_pbi,-0.687954245877947,% anual,WB,World Bank,NY.GDP.MKTP.KD.ZG,2026-06-12
ECU,Ecuador,LATAM,2017-12-31,2017,A,crecimiento_pbi,5.97039880954841,% anual,WB,World Bank,NY.GDP.MKTP.KD.ZG,2026-06-12
ECU,Ecuador,LATAM,2018-12-31,2018,A,crecimiento_pbi,1.04429460679607,% anual,WB,World Bank,NY.GDP.MKTP.KD.ZG,2026-06-12
ECU,Ecuador,LATAM,2019-12-31,2019,A,crecimiento_pbi,0.1654044646003,% anual,WB,World Bank,NY.GDP.MKTP.KD.ZG,2026-06-12
ECU,Ecuador,LATAM,2020-12-31,2020,A,crecimiento_pbi,-9.24509619165865,% anual,WB,World Bank,NY.GDP.MKTP.KD.ZG,2026-06-12
ECU,Ecuador,LATAM,2021-12-31,2021,A,crecimiento_pbi,9.42189269033631,% anual,WB,World Bank,NY.GDP.MKTP.KD.ZG,2026-06-12
ECU,Ecuador,LATAM,2022-12-31,2022,A,crecimiento_pbi,5.86842354862311,% anual,WB,World Bank,NY.GDP.MKTP.KD.ZG,2026-06-12
ECU,Ecuador,LATAM,2023-12-31,2023,A,crecimiento_pbi,1.98823813984235,% anual,WB,World Bank,NY.GDP.MKTP.KD.ZG,2026-06-12
ECU,Ecuador,LATAM,2024-12-31,2024,A,crecimiento_pbi,-2.00125476341026,% anual,WB,World Bank,NY.GDP.MKTP.KD.ZG,2026-06-12
ECU,Ecuador,LATAM,2000-12-31,2000,A,desempleo,4.8,% población activa,WB,World Bank,SL.UEM.TOTL.ZS,2026-06-12
ECU,Ecuador,LATAM,2001-12-31,2001,A,desempleo,4.252,% población activa,WB,World Bank,SL.UEM.TOTL.ZS,2026-06-12
ECU,Ecuador,LATAM,2002-12-31,2002,A,desempleo,4.825,% población activa,WB,World Bank,SL.UEM.TOTL.ZS,2026-06-12
ECU,Ecuador,LATAM,2003-12-31,2003,A,desempleo,5.662,% población activa,WB,World Bank,SL.UEM.TOTL.ZS,2026-06-12
ECU,Ecuador,LATAM,2004-12-31,2004,A,desempleo,5.002,% población activa,WB,World Bank,SL.UEM.TOTL.ZS,2026-06-12
ECU,Ecuador,LATAM,2005-12-31,2005,A,desempleo,3.779,% población activa,WB,World Bank,SL.UEM.TOTL.ZS,2026-06-12
ECU,Ecuador,LATAM,2006-12-31,2006,A,desempleo,3.55,% población activa,WB,World Bank,SL.UEM.TOTL.ZS,2026-06-12
ECU,Ecuador,LATAM,2007-12-31,2007,A,desempleo,3.142,% población activa,WB,World Bank,SL.UEM.TOTL.ZS,2026-06-12
ECU,Ecuador,LATAM,2008-12-31,2008,A,desempleo,3.917,% población activa,WB,World Bank,SL.UEM.TOTL.ZS,2026-06-12
ECU,Ecuador,LATAM,2009-12-31,2009,A,desempleo,4.608,% población activa,WB,World Bank,SL.UEM.TOTL.ZS,2026-06-12
ECU,Ecuador,LATAM,2010-12-31,2010,A,desempleo,4.088,% población activa,WB,World Bank,SL.UEM.TOTL.ZS,2026-06-12
ECU,Ecuador,LATAM,2011-12-31,2011,A,desempleo,3.458,% población activa,WB,World Bank,SL.UEM.TOTL.ZS,2026-06-12
ECU,Ecuador,LATAM,2012-12-31,2012,A,desempleo,3.235,% población activa,WB,World Bank,SL.UEM.TOTL.ZS,2026-06-12
ECU,Ecuador,LATAM,2013-12-31,2013,A,desempleo,3.083,% población activa,WB,World Bank,SL.UEM.TOTL.ZS,2026-06-12
ECU,Ecuador,LATAM,2014-12-31,2014,A,desempleo,3.48,% población activa,WB,World Bank,SL.UEM.TOTL.ZS,2026-06-12
ECU,Ecuador,LATAM,2015-12-31,2015,A,desempleo,3.616,% población activa,WB,World Bank,SL.UEM.TOTL.ZS,2026-06-12
ECU,Ecuador,LATAM,2016-12-31,2016,A,desempleo,4.597,% población activa,WB,World Bank,SL.UEM.TOTL.ZS,2026-06-12
ECU,Ecuador,LATAM,2017-12-31,2017,A,desempleo,3.836,% población activa,WB,World Bank,SL.UEM.TOTL.ZS,2026-06-12
ECU,Ecuador,LATAM,2018-12-31,2018,A,desempleo,3.53,% población activa,WB,World Bank,SL.UEM.TOTL.ZS,2026-06-12
ECU,Ecuador,LATAM,2019-12-31,2019,A,desempleo,3.812,% población activa,WB,World Bank,SL.UEM.TOTL.ZS,2026-06-12
ECU,Ecuador,LATAM,2020-12-31,2020,A,desempleo,6.116,% población activa,WB,World Bank,SL.UEM.TOTL.ZS,2026-06-12
ECU,Ecuador,LATAM,2021-12-31,2021,A,desempleo,4.504,% población activa,WB,World Bank,SL.UEM.TOTL.ZS,2026-06-12
ECU,Ecuador,LATAM,2022-12-31,2022,A,desempleo,3.713,% población activa,WB,World Bank,SL.UEM.TOTL.ZS,2026-06-12
ECU,Ecuador,LATAM,2023-12-31,2023,A,desempleo,3.51,% población activa,WB,World Bank,SL.UEM.TOTL.ZS,2026-06-12
ECU,Ecuador,LATAM,2024-12-31,2024,A,desempleo,3.453,% población activa,WB,World Bank,SL.UEM.TOTL.ZS,2026-06-12
ECU,Ecuador,LATAM,2025-12-31,2025,A,desempleo,3.308,% población activa,WB,World Bank,SL.UEM.TOTL.ZS,2026-06-12
ECU,Ecuador,LATAM,2000-12-31,2000,A,exportaciones_pbi,37.5510597560791,% PBI,WB,World Bank,NE.EXP.GNFS.ZS,2026-06-12
ECU,Ecuador,LATAM,2001-12-31,2001,A,exportaciones_pbi,27.6071337228194,% PBI,WB,World Bank,NE.EXP.GNFS.ZS,2026-06-12
ECU,Ecuador,LATAM,2002-12-31,2002,A,exportaciones_pbi,25.7144168795696,% PBI,WB,World Bank,NE.EXP.GNFS.ZS,2026-06-12
ECU,Ecuador,LATAM,2003-12-31,2003,A,exportaciones_pbi,26.8417735156179,% PBI,WB,World Bank,NE.EXP.GNFS.ZS,2026-06-12
ECU,Ecuador,LATAM,2004-12-31,2004,A,exportaciones_pbi,29.0996886570109,% PBI,WB,World Bank,NE.EXP.GNFS.ZS,2026-06-12
ECU,Ecuador,LATAM,2005-12-31,2005,A,exportaciones_pbi,32.6271488045748,% PBI,WB,World Bank,NE.EXP.GNFS.ZS,2026-06-12
ECU,Ecuador,LATAM,2006-12-31,2006,A,exportaciones_pbi,35.7016851677807,% PBI,WB,World Bank,NE.EXP.GNFS.ZS,2026-06-12
ECU,Ecuador,LATAM,2007-12-31,2007,A,exportaciones_pbi,37.4824331013481,% PBI,WB,World Bank,NE.EXP.GNFS.ZS,2026-06-12
ECU,Ecuador,LATAM,2008-12-31,2008,A,exportaciones_pbi,40.2763008714604,% PBI,WB,World Bank,NE.EXP.GNFS.ZS,2026-06-12
ECU,Ecuador,LATAM,2009-12-31,2009,A,exportaciones_pbi,29.3096288345425,% PBI,WB,World Bank,NE.EXP.GNFS.ZS,2026-06-12
ECU,Ecuador,LATAM,2010-12-31,2010,A,exportaciones_pbi,32.4856951799135,% PBI,WB,World Bank,NE.EXP.GNFS.ZS,2026-06-12
ECU,Ecuador,LATAM,2011-12-31,2011,A,exportaciones_pbi,36.1133694393513,% PBI,WB,World Bank,NE.EXP.GNFS.ZS,2026-06-12
ECU,Ecuador,LATAM,2012-12-31,2012,A,exportaciones_pbi,34.8314108177156,% PBI,WB,World Bank,NE.EXP.GNFS.ZS,2026-06-12
ECU,Ecuador,LATAM,2013-12-31,2013,A,exportaciones_pbi,32.3752665078284,% PBI,WB,World Bank,NE.EXP.GNFS.ZS,2026-06-12
ECU,Ecuador,LATAM,2014-12-31,2014,A,exportaciones_pbi,31.3550366940318,% PBI,WB,World Bank,NE.EXP.GNFS.ZS,2026-06-12
ECU,Ecuador,LATAM,2015-12-31,2015,A,exportaciones_pbi,22.754485726599,% PBI,WB,World Bank,NE.EXP.GNFS.ZS,2026-06-12
ECU,Ecuador,LATAM,2016-12-31,2016,A,exportaciones_pbi,20.53929115589,% PBI,WB,World Bank,NE.EXP.GNFS.ZS,2026-06-12
ECU,Ecuador,LATAM,2017-12-31,2017,A,exportaciones_pbi,21.4855873912769,% PBI,WB,World Bank,NE.EXP.GNFS.ZS,2026-06-12
ECU,Ecuador,LATAM,2018-12-31,2018,A,exportaciones_pbi,23.5438701347327,% PBI,WB,World Bank,NE.EXP.GNFS.ZS,2026-06-12
ECU,Ecuador,LATAM,2019-12-31,2019,A,exportaciones_pbi,24.0486345985713,% PBI,WB,World Bank,NE.EXP.GNFS.ZS,2026-06-12
ECU,Ecuador,LATAM,2020-12-31,2020,A,exportaciones_pbi,23.2835621642424,% PBI,WB,World Bank,NE.EXP.GNFS.ZS,2026-06-12
ECU,Ecuador,LATAM,2021-12-31,2021,A,exportaciones_pbi,27.0659755840025,% PBI,WB,World Bank,NE.EXP.GNFS.ZS,2026-06-12
ECU,Ecuador,LATAM,2022-12-31,2022,A,exportaciones_pbi,30.9252456928287,% PBI,WB,World Bank,NE.EXP.GNFS.ZS,2026-06-12
ECU,Ecuador,LATAM,2023-12-31,2023,A,exportaciones_pbi,28.5659295875425,% PBI,WB,World Bank,NE.EXP.GNFS.ZS,2026-06-12
ECU,Ecuador,LATAM,2024-12-31,2024,A,exportaciones_pbi,30.2786006784668,% PBI,WB,World Bank,NE.EXP.GNFS.ZS,2026-06-12
ECU,Ecuador,LATAM,2000-12-31,2000,A,importaciones_pbi,27.8532356265599,% PBI,WB,World Bank,NE.IMP.GNFS.ZS,2026-06-12
ECU,Ecuador,LATAM,2001-12-31,2001,A,importaciones_pbi,28.5213530213856,% PBI,WB,World Bank,NE.IMP.GNFS.ZS,2026-06-12
ECU,Ecuador,LATAM,2002-12-31,2002,A,importaciones_pbi,29.0822270570441,% PBI,WB,World Bank,NE.IMP.GNFS.ZS,2026-06-12
ECU,Ecuador,LATAM,2003-12-31,2003,A,importaciones_pbi,25.51576918198,% PBI,WB,World Bank,NE.IMP.GNFS.ZS,2026-06-12
ECU,Ecuador,LATAM,2004-12-31,2004,A,importaciones_pbi,26.9748580669833,% PBI,WB,World Bank,NE.IMP.GNFS.ZS,2026-06-12
ECU,Ecuador,LATAM,2005-12-31,2005,A,importaciones_pbi,29.3310019856824,% PBI,WB,World Bank,NE.IMP.GNFS.ZS,2026-06-12
ECU,Ecuador,LATAM,2006-12-31,2006,A,importaciones_pbi,30.1406704488754,% PBI,WB,World Bank,NE.IMP.GNFS.ZS,2026-06-12
ECU,Ecuador,LATAM,2007-12-31,2007,A,importaciones_pbi,31.3681523449196,% PBI,WB,World Bank,NE.IMP.GNFS.ZS,2026-06-12
ECU,Ecuador,LATAM,2008-12-31,2008,A,importaciones_pbi,34.3139954933835,% PBI,WB,World Bank,NE.IMP.GNFS.ZS,2026-06-12
ECU,Ecuador,LATAM,2009-12-31,2009,A,importaciones_pbi,28.0377172282183,% PBI,WB,World Bank,NE.IMP.GNFS.ZS,2026-06-12
ECU,Ecuador,LATAM,2010-12-31,2010,A,importaciones_pbi,33.2916897335927,% PBI,WB,World Bank,NE.IMP.GNFS.ZS,2026-06-12
ECU,Ecuador,LATAM,2011-12-31,2011,A,importaciones_pbi,33.9223143131735,% PBI,WB,World Bank,NE.IMP.GNFS.ZS,2026-06-12
ECU,Ecuador,LATAM,2012-12-31,2012,A,importaciones_pbi,32.1715182739742,% PBI,WB,World Bank,NE.IMP.GNFS.ZS,2026-06-12
ECU,Ecuador,LATAM,2013-12-31,2013,A,importaciones_pbi,31.058033826413,% PBI,WB,World Bank,NE.IMP.GNFS.ZS,2026-06-12
ECU,Ecuador,LATAM,2014-12-31,2014,A,importaciones_pbi,30.0713399277247,% PBI,WB,World Bank,NE.IMP.GNFS.ZS,2026-06-12
ECU,Ecuador,LATAM,2015-12-31,2015,A,importaciones_pbi,25.0735539811836,% PBI,WB,World Bank,NE.IMP.GNFS.ZS,2026-06-12
ECU,Ecuador,LATAM,2016-12-31,2016,A,importaciones_pbi,19.9952006437747,% PBI,WB,World Bank,NE.IMP.GNFS.ZS,2026-06-12
ECU,Ecuador,LATAM,2017-12-31,2017,A,importaciones_pbi,22.1321359260048,% PBI,WB,World Bank,NE.IMP.GNFS.ZS,2026-06-12
ECU,Ecuador,LATAM,2018-12-31,2018,A,importaciones_pbi,24.4654774807509,% PBI,WB,World Bank,NE.IMP.GNFS.ZS,2026-06-12
ECU,Ecuador,LATAM,2019-12-31,2019,A,importaciones_pbi,24.0342148947594,% PBI,WB,World Bank,NE.IMP.GNFS.ZS,2026-06-12
ECU,Ecuador,LATAM,2020-12-31,2020,A,importaciones_pbi,20.7057487735965,% PBI,WB,World Bank,NE.IMP.GNFS.ZS,2026-06-12
ECU,Ecuador,LATAM,2021-12-31,2021,A,importaciones_pbi,26.1953000265705,% PBI,WB,World Bank,NE.IMP.GNFS.ZS,2026-06-12
ECU,Ecuador,LATAM,2022-12-31,2022,A,importaciones_pbi,30.9555471259573,% PBI,WB,World Bank,NE.IMP.GNFS.ZS,2026-06-12
ECU,Ecuador,LATAM,2023-12-31,2023,A,importaciones_pbi,28.4318239773666,% PBI,WB,World Bank,NE.IMP.GNFS.ZS,2026-06-12
ECU,Ecuador,LATAM,2024-12-31,2024,A,importaciones_pbi,26.9245388746587,% PBI,WB,World Bank,NE.IMP.GNFS.ZS,2026-06-12
ECU,Ecuador,LATAM,2000-12-31,2000,A,industria_pbi,34.6929113152167,% PBI,WB,World Bank,NV.IND.TOTL.ZS,2026-06-12
ECU,Ecuador,LATAM,2001-12-31,2001,A,industria_pbi,28.4638100268279,% PBI,WB,World Bank,NV.IND.TOTL.ZS,2026-06-12
ECU,Ecuador,LATAM,2002-12-31,2002,A,industria_pbi,27.9809746339912,% PBI,WB,World Bank,NV.IND.TOTL.ZS,2026-06-12
ECU,Ecuador,LATAM,2003-12-31,2003,A,industria_pbi,27.5468648555501,% PBI,WB,World Bank,NV.IND.TOTL.ZS,2026-06-12
ECU,Ecuador,LATAM,2004-12-31,2004,A,industria_pbi,29.6637383769892,% PBI,WB,World Bank,NV.IND.TOTL.ZS,2026-06-12
ECU,Ecuador,LATAM,2005-12-31,2005,A,industria_pbi,32.1244730702211,% PBI,WB,World Bank,NV.IND.TOTL.ZS,2026-06-12
ECU,Ecuador,LATAM,2006-12-31,2006,A,industria_pbi,34.7933483797009,% PBI,WB,World Bank,NV.IND.TOTL.ZS,2026-06-12
ECU,Ecuador,LATAM,2007-12-31,2007,A,industria_pbi,35.4352292862054,% PBI,WB,World Bank,NV.IND.TOTL.ZS,2026-06-12
ECU,Ecuador,LATAM,2008-12-31,2008,A,industria_pbi,38.9201614839835,% PBI,WB,World Bank,NV.IND.TOTL.ZS,2026-06-12
ECU,Ecuador,LATAM,2009-12-31,2009,A,industria_pbi,31.0916213331503,% PBI,WB,World Bank,NV.IND.TOTL.ZS,2026-06-12
ECU,Ecuador,LATAM,2010-12-31,2010,A,industria_pbi,33.9061751825852,% PBI,WB,World Bank,NV.IND.TOTL.ZS,2026-06-12
ECU,Ecuador,LATAM,2011-12-31,2011,A,industria_pbi,37.4057005178901,% PBI,WB,World Bank,NV.IND.TOTL.ZS,2026-06-12
ECU,Ecuador,LATAM,2012-12-31,2012,A,industria_pbi,37.0917503800762,% PBI,WB,World Bank,NV.IND.TOTL.ZS,2026-06-12
ECU,Ecuador,LATAM,2013-12-31,2013,A,industria_pbi,36.8322936524171,% PBI,WB,World Bank,NV.IND.TOTL.ZS,2026-06-12
ECU,Ecuador,LATAM,2014-12-31,2014,A,industria_pbi,35.7119955282529,% PBI,WB,World Bank,NV.IND.TOTL.ZS,2026-06-12
ECU,Ecuador,LATAM,2015-12-31,2015,A,industria_pbi,28.0900423392523,% PBI,WB,World Bank,NV.IND.TOTL.ZS,2026-06-12
ECU,Ecuador,LATAM,2016-12-31,2016,A,industria_pbi,27.5339637947157,% PBI,WB,World Bank,NV.IND.TOTL.ZS,2026-06-12
ECU,Ecuador,LATAM,2017-12-31,2017,A,industria_pbi,28.4680086969835,% PBI,WB,World Bank,NV.IND.TOTL.ZS,2026-06-12
ECU,Ecuador,LATAM,2018-12-31,2018,A,industria_pbi,28.0147488586162,% PBI,WB,World Bank,NV.IND.TOTL.ZS,2026-06-12
ECU,Ecuador,LATAM,2019-12-31,2019,A,industria_pbi,26.6504631266844,% PBI,WB,World Bank,NV.IND.TOTL.ZS,2026-06-12
ECU,Ecuador,LATAM,2020-12-31,2020,A,industria_pbi,23.9811344799811,% PBI,WB,World Bank,NV.IND.TOTL.ZS,2026-06-12
ECU,Ecuador,LATAM,2021-12-31,2021,A,industria_pbi,27.3494898826986,% PBI,WB,World Bank,NV.IND.TOTL.ZS,2026-06-12
ECU,Ecuador,LATAM,2022-12-31,2022,A,industria_pbi,29.5835905417542,% PBI,WB,World Bank,NV.IND.TOTL.ZS,2026-06-12
ECU,Ecuador,LATAM,2023-12-31,2023,A,industria_pbi,27.5754259552504,% PBI,WB,World Bank,NV.IND.TOTL.ZS,2026-06-12
ECU,Ecuador,LATAM,2024-12-31,2024,A,industria_pbi,26.5126558399741,% PBI,WB,World Bank,NV.IND.TOTL.ZS,2026-06-12
ECU,Ecuador,LATAM,2000-12-31,2000,A,inflacion,96.0963756926096,% anual,WB,World Bank,FP.CPI.TOTL.ZG,2026-06-12
ECU,Ecuador,LATAM,2001-12-31,2001,A,inflacion,37.6767454518094,% anual,WB,World Bank,FP.CPI.TOTL.ZG,2026-06-12
ECU,Ecuador,LATAM,2002-12-31,2002,A,inflacion,12.4835980082094,% anual,WB,World Bank,FP.CPI.TOTL.ZG,2026-06-12
ECU,Ecuador,LATAM,2003-12-31,2003,A,inflacion,7.92936487461555,% anual,WB,World Bank,FP.CPI.TOTL.ZG,2026-06-12
ECU,Ecuador,LATAM,2004-12-31,2004,A,inflacion,2.74323198926704,% anual,WB,World Bank,FP.CPI.TOTL.ZG,2026-06-12
ECU,Ecuador,LATAM,2005-12-31,2005,A,inflacion,2.1682770118372,% anual,WB,World Bank,FP.CPI.TOTL.ZG,2026-06-12
ECU,Ecuador,LATAM,2006-12-31,2006,A,inflacion,3.29874846258215,% anual,WB,World Bank,FP.CPI.TOTL.ZG,2026-06-12
ECU,Ecuador,LATAM,2007-12-31,2007,A,inflacion,2.27618478002121,% anual,WB,World Bank,FP.CPI.TOTL.ZG,2026-06-12
ECU,Ecuador,LATAM,2008-12-31,2008,A,inflacion,8.40009593987462,% anual,WB,World Bank,FP.CPI.TOTL.ZG,2026-06-12
ECU,Ecuador,LATAM,2009-12-31,2009,A,inflacion,5.15996829181047,% anual,WB,World Bank,FP.CPI.TOTL.ZG,2026-06-12
ECU,Ecuador,LATAM,2010-12-31,2010,A,inflacion,3.55437734567842,% anual,WB,World Bank,FP.CPI.TOTL.ZG,2026-06-12
ECU,Ecuador,LATAM,2011-12-31,2011,A,inflacion,4.4745326579584,% anual,WB,World Bank,FP.CPI.TOTL.ZG,2026-06-12
ECU,Ecuador,LATAM,2012-12-31,2012,A,inflacion,5.10172180958665,% anual,WB,World Bank,FP.CPI.TOTL.ZG,2026-06-12
ECU,Ecuador,LATAM,2013-12-31,2013,A,inflacion,2.72177577710371,% anual,WB,World Bank,FP.CPI.TOTL.ZG,2026-06-12
ECU,Ecuador,LATAM,2014-12-31,2014,A,inflacion,3.58922016616663,% anual,WB,World Bank,FP.CPI.TOTL.ZG,2026-06-12
ECU,Ecuador,LATAM,2015-12-31,2015,A,inflacion,3.96664623255357,% anual,WB,World Bank,FP.CPI.TOTL.ZG,2026-06-12
ECU,Ecuador,LATAM,2016-12-31,2016,A,inflacion,1.72826463324532,% anual,WB,World Bank,FP.CPI.TOTL.ZG,2026-06-12
ECU,Ecuador,LATAM,2017-12-31,2017,A,inflacion,0.417335588666824,% anual,WB,World Bank,FP.CPI.TOTL.ZG,2026-06-12
ECU,Ecuador,LATAM,2018-12-31,2018,A,inflacion,-0.224103246005552,% anual,WB,World Bank,FP.CPI.TOTL.ZG,2026-06-12
ECU,Ecuador,LATAM,2019-12-31,2019,A,inflacion,0.266012515466155,% anual,WB,World Bank,FP.CPI.TOTL.ZG,2026-06-12
ECU,Ecuador,LATAM,2020-12-31,2020,A,inflacion,-0.338872392562139,% anual,WB,World Bank,FP.CPI.TOTL.ZG,2026-06-12
ECU,Ecuador,LATAM,2021-12-31,2021,A,inflacion,0.133251386096389,% anual,WB,World Bank,FP.CPI.TOTL.ZG,2026-06-12
ECU,Ecuador,LATAM,2022-12-31,2022,A,inflacion,3.46616972213076,% anual,WB,World Bank,FP.CPI.TOTL.ZG,2026-06-12
ECU,Ecuador,LATAM,2023-12-31,2023,A,inflacion,2.21568764237058,% anual,WB,World Bank,FP.CPI.TOTL.ZG,2026-06-12
ECU,Ecuador,LATAM,2024-12-31,2024,A,inflacion,1.54732515615369,% anual,WB,World Bank,FP.CPI.TOTL.ZG,2026-06-12
ECU,Ecuador,LATAM,2000-12-31,2000,A,inversion_pbi,17.1669504072431,% PBI,WB,World Bank,NE.GDI.TOTL.ZS,2026-06-12
ECU,Ecuador,LATAM,2001-12-31,2001,A,inversion_pbi,18.4913081237538,% PBI,WB,World Bank,NE.GDI.TOTL.ZS,2026-06-12
ECU,Ecuador,LATAM,2002-12-31,2002,A,inversion_pbi,19.6562625754518,% PBI,WB,World Bank,NE.GDI.TOTL.ZS,2026-06-12
ECU,Ecuador,LATAM,2003-12-31,2003,A,inversion_pbi,15.7730766736655,% PBI,WB,World Bank,NE.GDI.TOTL.ZS,2026-06-12
ECU,Ecuador,LATAM,2004-12-31,2004,A,inversion_pbi,16.2503185471483,% PBI,WB,World Bank,NE.GDI.TOTL.ZS,2026-06-12
ECU,Ecuador,LATAM,2005-12-31,2005,A,inversion_pbi,17.4645010337808,% PBI,WB,World Bank,NE.GDI.TOTL.ZS,2026-06-12
ECU,Ecuador,LATAM,2006-12-31,2006,A,inversion_pbi,18.118128561743,% PBI,WB,World Bank,NE.GDI.TOTL.ZS,2026-06-12
ECU,Ecuador,LATAM,2007-12-31,2007,A,inversion_pbi,18.3175597771056,% PBI,WB,World Bank,NE.GDI.TOTL.ZS,2026-06-12
ECU,Ecuador,LATAM,2008-12-31,2008,A,inversion_pbi,21.5659407925863,% PBI,WB,World Bank,NE.GDI.TOTL.ZS,2026-06-12
ECU,Ecuador,LATAM,2009-12-31,2009,A,inversion_pbi,21.1732351412126,% PBI,WB,World Bank,NE.GDI.TOTL.ZS,2026-06-12
ECU,Ecuador,LATAM,2010-12-31,2010,A,inversion_pbi,23.4900158733515,% PBI,WB,World Bank,NE.GDI.TOTL.ZS,2026-06-12
ECU,Ecuador,LATAM,2011-12-31,2011,A,inversion_pbi,23.5320911453288,% PBI,WB,World Bank,NE.GDI.TOTL.ZS,2026-06-12
ECU,Ecuador,LATAM,2012-12-31,2012,A,inversion_pbi,23.0133036457677,% PBI,WB,World Bank,NE.GDI.TOTL.ZS,2026-06-12
ECU,Ecuador,LATAM,2013-12-31,2013,A,inversion_pbi,24.8833528938608,% PBI,WB,World Bank,NE.GDI.TOTL.ZS,2026-06-12
ECU,Ecuador,LATAM,2014-12-31,2014,A,inversion_pbi,24.7058907826623,% PBI,WB,World Bank,NE.GDI.TOTL.ZS,2026-06-12
ECU,Ecuador,LATAM,2015-12-31,2015,A,inversion_pbi,22.6864358338097,% PBI,WB,World Bank,NE.GDI.TOTL.ZS,2026-06-12
ECU,Ecuador,LATAM,2016-12-31,2016,A,inversion_pbi,20.2460508591084,% PBI,WB,World Bank,NE.GDI.TOTL.ZS,2026-06-12
ECU,Ecuador,LATAM,2017-12-31,2017,A,inversion_pbi,22.4803878213361,% PBI,WB,World Bank,NE.GDI.TOTL.ZS,2026-06-12
ECU,Ecuador,LATAM,2018-12-31,2018,A,inversion_pbi,22.5404393330524,% PBI,WB,World Bank,NE.GDI.TOTL.ZS,2026-06-12
ECU,Ecuador,LATAM,2019-12-31,2019,A,inversion_pbi,21.04923118303,% PBI,WB,World Bank,NE.GDI.TOTL.ZS,2026-06-12
ECU,Ecuador,LATAM,2020-12-31,2020,A,inversion_pbi,17.5849129748726,% PBI,WB,World Bank,NE.GDI.TOTL.ZS,2026-06-12
ECU,Ecuador,LATAM,2021-12-31,2021,A,inversion_pbi,20.7476106763154,% PBI,WB,World Bank,NE.GDI.TOTL.ZS,2026-06-12
ECU,Ecuador,LATAM,2022-12-31,2022,A,inversion_pbi,22.4059052025305,% PBI,WB,World Bank,NE.GDI.TOTL.ZS,2026-06-12
ECU,Ecuador,LATAM,2023-12-31,2023,A,inversion_pbi,20.650593270293,% PBI,WB,World Bank,NE.GDI.TOTL.ZS,2026-06-12
ECU,Ecuador,LATAM,2024-12-31,2024,A,inversion_pbi,18.4824073547769,% PBI,WB,World Bank,NE.GDI.TOTL.ZS,2026-06-12
ECU,Ecuador,LATAM,2000-12-31,2000,A,manufactura_pbi,23.9393098444242,% PBI,WB,World Bank,NV.IND.MANF.ZS,2026-06-12
ECU,Ecuador,LATAM,2001-12-31,2001,A,manufactura_pbi,20.4272571669847,% PBI,WB,World Bank,NV.IND.MANF.ZS,2026-06-12
ECU,Ecuador,LATAM,2002-12-31,2002,A,manufactura_pbi,18.8763207423972,% PBI,WB,World Bank,NV.IND.MANF.ZS,2026-06-12
ECU,Ecuador,LATAM,2003-12-31,2003,A,manufactura_pbi,17.3160600116104,% PBI,WB,World Bank,NV.IND.MANF.ZS,2026-06-12
ECU,Ecuador,LATAM,2004-12-31,2004,A,manufactura_pbi,15.9186999201902,% PBI,WB,World Bank,NV.IND.MANF.ZS,2026-06-12
ECU,Ecuador,LATAM,2005-12-31,2005,A,manufactura_pbi,14.7037965260626,% PBI,WB,World Bank,NV.IND.MANF.ZS,2026-06-12
ECU,Ecuador,LATAM,2006-12-31,2006,A,manufactura_pbi,14.0483715285816,% PBI,WB,World Bank,NV.IND.MANF.ZS,2026-06-12
ECU,Ecuador,LATAM,2007-12-31,2007,A,manufactura_pbi,14.1174583702993,% PBI,WB,World Bank,NV.IND.MANF.ZS,2026-06-12
ECU,Ecuador,LATAM,2008-12-31,2008,A,manufactura_pbi,13.6931926001675,% PBI,WB,World Bank,NV.IND.MANF.ZS,2026-06-12
ECU,Ecuador,LATAM,2009-12-31,2009,A,manufactura_pbi,14.3067678633646,% PBI,WB,World Bank,NV.IND.MANF.ZS,2026-06-12
ECU,Ecuador,LATAM,2010-12-31,2010,A,manufactura_pbi,13.4157104992039,% PBI,WB,World Bank,NV.IND.MANF.ZS,2026-06-12
ECU,Ecuador,LATAM,2011-12-31,2011,A,manufactura_pbi,12.8501503190767,% PBI,WB,World Bank,NV.IND.MANF.ZS,2026-06-12
ECU,Ecuador,LATAM,2012-12-31,2012,A,manufactura_pbi,12.5996773832049,% PBI,WB,World Bank,NV.IND.MANF.ZS,2026-06-12
ECU,Ecuador,LATAM,2013-12-31,2013,A,manufactura_pbi,12.2611805401854,% PBI,WB,World Bank,NV.IND.MANF.ZS,2026-06-12
ECU,Ecuador,LATAM,2014-12-31,2014,A,manufactura_pbi,13.1351000392395,% PBI,WB,World Bank,NV.IND.MANF.ZS,2026-06-12
ECU,Ecuador,LATAM,2015-12-31,2015,A,manufactura_pbi,14.2997317197965,% PBI,WB,World Bank,NV.IND.MANF.ZS,2026-06-12
ECU,Ecuador,LATAM,2016-12-31,2016,A,manufactura_pbi,14.5926588381272,% PBI,WB,World Bank,NV.IND.MANF.ZS,2026-06-12
ECU,Ecuador,LATAM,2017-12-31,2017,A,manufactura_pbi,13.9316523803397,% PBI,WB,World Bank,NV.IND.MANF.ZS,2026-06-12
ECU,Ecuador,LATAM,2018-12-31,2018,A,manufactura_pbi,13.3663080349279,% PBI,WB,World Bank,NV.IND.MANF.ZS,2026-06-12
ECU,Ecuador,LATAM,2019-12-31,2019,A,manufactura_pbi,12.6784857740305,% PBI,WB,World Bank,NV.IND.MANF.ZS,2026-06-12
ECU,Ecuador,LATAM,2020-12-31,2020,A,manufactura_pbi,12.9418127421121,% PBI,WB,World Bank,NV.IND.MANF.ZS,2026-06-12
ECU,Ecuador,LATAM,2021-12-31,2021,A,manufactura_pbi,13.0100405607162,% PBI,WB,World Bank,NV.IND.MANF.ZS,2026-06-12
ECU,Ecuador,LATAM,2022-12-31,2022,A,manufactura_pbi,12.8847307909688,% PBI,WB,World Bank,NV.IND.MANF.ZS,2026-06-12
ECU,Ecuador,LATAM,2023-12-31,2023,A,manufactura_pbi,13.2994712368456,% PBI,WB,World Bank,NV.IND.MANF.ZS,2026-06-12
ECU,Ecuador,LATAM,2024-12-31,2024,A,manufactura_pbi,12.8762268451495,% PBI,WB,World Bank,NV.IND.MANF.ZS,2026-06-12
ECU,Ecuador,LATAM,2000-12-31,2000,A,pbi,17539454727.3637,USD actuales,WB,World Bank,NY.GDP.MKTP.CD,2026-06-12
ECU,Ecuador,LATAM,2001-12-31,2001,A,pbi,23127055000.0,USD actuales,WB,World Bank,NY.GDP.MKTP.CD,2026-06-12
ECU,Ecuador,LATAM,2002-12-31,2002,A,pbi,27054197000.0,USD actuales,WB,World Bank,NY.GDP.MKTP.CD,2026-06-12
ECU,Ecuador,LATAM,2003-12-31,2003,A,pbi,30965208000.0,USD actuales,WB,World Bank,NY.GDP.MKTP.CD,2026-06-12
ECU,Ecuador,LATAM,2004-12-31,2004,A,pbi,35194947000.0,USD actuales,WB,World Bank,NY.GDP.MKTP.CD,2026-06-12
ECU,Ecuador,LATAM,2005-12-31,2005,A,pbi,40278849000.0,USD actuales,WB,World Bank,NY.GDP.MKTP.CD,2026-06-12
ECU,Ecuador,LATAM,2006-12-31,2006,A,pbi,45690762000.0,USD actuales,WB,World Bank,NY.GDP.MKTP.CD,2026-06-12
ECU,Ecuador,LATAM,2007-12-31,2007,A,pbi,49848725000.0,USD actuales,WB,World Bank,NY.GDP.MKTP.CD,2026-06-12
ECU,Ecuador,LATAM,2008-12-31,2008,A,pbi,61139438000.0,USD actuales,WB,World Bank,NY.GDP.MKTP.CD,2026-06-12
ECU,Ecuador,LATAM,2009-12-31,2009,A,pbi,60094978000.0,USD actuales,WB,World Bank,NY.GDP.MKTP.CD,2026-06-12
ECU,Ecuador,LATAM,2010-12-31,2010,A,pbi,68151329000.0,USD actuales,WB,World Bank,NY.GDP.MKTP.CD,2026-06-12
ECU,Ecuador,LATAM,2011-12-31,2011,A,pbi,78986648000.0,USD actuales,WB,World Bank,NY.GDP.MKTP.CD,2026-06-12
ECU,Ecuador,LATAM,2012-12-31,2012,A,pbi,87735048000.0,USD actuales,WB,World Bank,NY.GDP.MKTP.CD,2026-06-12
ECU,Ecuador,LATAM,2013-12-31,2013,A,pbi,96570334000.0,USD actuales,WB,World Bank,NY.GDP.MKTP.CD,2026-06-12
ECU,Ecuador,LATAM,2014-12-31,2014,A,pbi,102717794000.0,USD actuales,WB,World Bank,NY.GDP.MKTP.CD,2026-06-12
ECU,Ecuador,LATAM,2015-12-31,2015,A,pbi,97209558000.0,USD actuales,WB,World Bank,NY.GDP.MKTP.CD,2026-06-12
ECU,Ecuador,LATAM,2016-12-31,2016,A,pbi,97671433000.0,USD actuales,WB,World Bank,NY.GDP.MKTP.CD,2026-06-12
ECU,Ecuador,LATAM,2017-12-31,2017,A,pbi,104467486000.0,USD actuales,WB,World Bank,NY.GDP.MKTP.CD,2026-06-12
ECU,Ecuador,LATAM,2018-12-31,2018,A,pbi,107478961000.0,USD actuales,WB,World Bank,NY.GDP.MKTP.CD,2026-06-12
ECU,Ecuador,LATAM,2019-12-31,2019,A,pbi,107595830000.0,USD actuales,WB,World Bank,NY.GDP.MKTP.CD,2026-06-12
ECU,Ecuador,LATAM,2020-12-31,2020,A,pbi,95865473000.0,USD actuales,WB,World Bank,NY.GDP.MKTP.CD,2026-06-12
ECU,Ecuador,LATAM,2021-12-31,2021,A,pbi,107179074000.0,USD actuales,WB,World Bank,NY.GDP.MKTP.CD,2026-06-12
ECU,Ecuador,LATAM,2022-12-31,2022,A,pbi,116133121000.0,USD actuales,WB,World Bank,NY.GDP.MKTP.CD,2026-06-12
ECU,Ecuador,LATAM,2023-12-31,2023,A,pbi,121147057000.0,USD actuales,WB,World Bank,NY.GDP.MKTP.CD,2026-06-12
ECU,Ecuador,LATAM,2024-12-31,2024,A,pbi,124676074700.0,USD actuales,WB,World Bank,NY.GDP.MKTP.CD,2026-06-12
ECU,Ecuador,LATAM,2000-12-31,2000,A,pbi_per_capita,1382.23421759909,USD actuales,WB,World Bank,NY.GDP.PCAP.CD,2026-06-12
ECU,Ecuador,LATAM,2001-12-31,2001,A,pbi_per_capita,1791.30359685037,USD actuales,WB,World Bank,NY.GDP.PCAP.CD,2026-06-12
ECU,Ecuador,LATAM,2002-12-31,2002,A,pbi_per_capita,2059.1585535974,USD actuales,WB,World Bank,NY.GDP.PCAP.CD,2026-06-12
ECU,Ecuador,LATAM,2003-12-31,2003,A,pbi_per_capita,2315.62215223014,USD actuales,WB,World Bank,NY.GDP.PCAP.CD,2026-06-12
ECU,Ecuador,LATAM,2004-12-31,2004,A,pbi_per_capita,2586.20914663347,USD actuales,WB,World Bank,NY.GDP.PCAP.CD,2026-06-12
ECU,Ecuador,LATAM,2005-12-31,2005,A,pbi_per_capita,2909.02606014388,USD actuales,WB,World Bank,NY.GDP.PCAP.CD,2026-06-12
ECU,Ecuador,LATAM,2006-12-31,2006,A,pbi_per_capita,3243.67010359339,USD actuales,WB,World Bank,NY.GDP.PCAP.CD,2026-06-12
ECU,Ecuador,LATAM,2007-12-31,2007,A,pbi_per_capita,3478.92488770671,USD actuales,WB,World Bank,NY.GDP.PCAP.CD,2026-06-12
ECU,Ecuador,LATAM,2008-12-31,2008,A,pbi_per_capita,4194.75750661981,USD actuales,WB,World Bank,NY.GDP.PCAP.CD,2026-06-12
ECU,Ecuador,LATAM,2009-12-31,2009,A,pbi_per_capita,4053.36331139298,USD actuales,WB,World Bank,NY.GDP.PCAP.CD,2026-06-12
ECU,Ecuador,LATAM,2010-12-31,2010,A,pbi_per_capita,4520.30959039763,USD actuales,WB,World Bank,NY.GDP.PCAP.CD,2026-06-12
ECU,Ecuador,LATAM,2011-12-31,2011,A,pbi_per_capita,5153.6916424375,USD actuales,WB,World Bank,NY.GDP.PCAP.CD,2026-06-12
ECU,Ecuador,LATAM,2012-12-31,2012,A,pbi_per_capita,5634.08393191094,USD actuales,WB,World Bank,NY.GDP.PCAP.CD,2026-06-12
ECU,Ecuador,LATAM,2013-12-31,2013,A,pbi_per_capita,6109.29031510341,USD actuales,WB,World Bank,NY.GDP.PCAP.CD,2026-06-12
ECU,Ecuador,LATAM,2014-12-31,2014,A,pbi_per_capita,6405.79979300441,USD actuales,WB,World Bank,NY.GDP.PCAP.CD,2026-06-12
ECU,Ecuador,LATAM,2015-12-31,2015,A,pbi_per_capita,5976.1596805651,USD actuales,WB,World Bank,NY.GDP.PCAP.CD,2026-06-12
ECU,Ecuador,LATAM,2016-12-31,2016,A,pbi_per_capita,5917.63771271481,USD actuales,WB,World Bank,NY.GDP.PCAP.CD,2026-06-12
ECU,Ecuador,LATAM,2017-12-31,2017,A,pbi_per_capita,6233.32244797718,USD actuales,WB,World Bank,NY.GDP.PCAP.CD,2026-06-12
ECU,Ecuador,LATAM,2018-12-31,2018,A,pbi_per_capita,6303.91886658338,USD actuales,WB,World Bank,NY.GDP.PCAP.CD,2026-06-12
ECU,Ecuador,LATAM,2019-12-31,2019,A,pbi_per_capita,6205.05765246766,USD actuales,WB,World Bank,NY.GDP.PCAP.CD,2026-06-12
ECU,Ecuador,LATAM,2020-12-31,2020,A,pbi_per_capita,5463.64515348598,USD actuales,WB,World Bank,NY.GDP.PCAP.CD,2026-06-12
ECU,Ecuador,LATAM,2021-12-31,2021,A,pbi_per_capita,6061.32350181711,USD actuales,WB,World Bank,NY.GDP.PCAP.CD,2026-06-12
ECU,Ecuador,LATAM,2022-12-31,2022,A,pbi_per_capita,6515.58528418336,USD actuales,WB,World Bank,NY.GDP.PCAP.CD,2026-06-12
ECU,Ecuador,LATAM,2023-12-31,2023,A,pbi_per_capita,6737.84748379638,USD actuales,WB,World Bank,NY.GDP.PCAP.CD,2026-06-12
ECU,Ecuador,LATAM,2024-12-31,2024,A,pbi_per_capita,6874.705739766,USD actuales,WB,World Bank,NY.GDP.PCAP.CD,2026-06-12
ECU,Ecuador,LATAM,2000-12-31,2000,A,poblacion,12689206.0,personas,WB,World Bank,SP.POP.TOTL,2026-06-12
ECU,Ecuador,LATAM,2001-12-31,2001,A,poblacion,12910740.0,personas,WB,World Bank,SP.POP.TOTL,2026-06-12
ECU,Ecuador,LATAM,2002-12-31,2002,A,poblacion,13138472.0,personas,WB,World Bank,SP.POP.TOTL,2026-06-12
ECU,Ecuador,LATAM,2003-12-31,2003,A,poblacion,13372306.0,personas,WB,World Bank,SP.POP.TOTL,2026-06-12
ECU,Ecuador,LATAM,2004-12-31,2004,A,poblacion,13608701.0,personas,WB,World Bank,SP.POP.TOTL,2026-06-12
ECU,Ecuador,LATAM,2005-12-31,2005,A,poblacion,13846163.0,personas,WB,World Bank,SP.POP.TOTL,2026-06-12
ECU,Ecuador,LATAM,2006-12-31,2006,A,poblacion,14086131.0,personas,WB,World Bank,SP.POP.TOTL,2026-06-12
ECU,Ecuador,LATAM,2007-12-31,2007,A,poblacion,14328773.0,personas,WB,World Bank,SP.POP.TOTL,2026-06-12
ECU,Ecuador,LATAM,2008-12-31,2008,A,poblacion,14575202.0,personas,WB,World Bank,SP.POP.TOTL,2026-06-12
ECU,Ecuador,LATAM,2009-12-31,2009,A,poblacion,14825954.0,personas,WB,World Bank,SP.POP.TOTL,2026-06-12
ECU,Ecuador,LATAM,2010-12-31,2010,A,poblacion,15076695.0,personas,WB,World Bank,SP.POP.TOTL,2026-06-12
ECU,Ecuador,LATAM,2011-12-31,2011,A,poblacion,15326227.0,personas,WB,World Bank,SP.POP.TOTL,2026-06-12
ECU,Ecuador,LATAM,2012-12-31,2012,A,poblacion,15572194.0,personas,WB,World Bank,SP.POP.TOTL,2026-06-12
ECU,Ecuador,LATAM,2013-12-31,2013,A,poblacion,15807128.0,personas,WB,World Bank,SP.POP.TOTL,2026-06-12
ECU,Ecuador,LATAM,2014-12-31,2014,A,poblacion,16035124.0,personas,WB,World Bank,SP.POP.TOTL,2026-06-12
ECU,Ecuador,LATAM,2015-12-31,2015,A,poblacion,16266225.0,personas,WB,World Bank,SP.POP.TOTL,2026-06-12
ECU,Ecuador,LATAM,2016-12-31,2016,A,poblacion,16505139.0,personas,WB,World Bank,SP.POP.TOTL,2026-06-12
ECU,Ecuador,LATAM,2017-12-31,2017,A,poblacion,16759519.0,personas,WB,World Bank,SP.POP.TOTL,2026-06-12
ECU,Ecuador,LATAM,2018-12-31,2018,A,poblacion,17049547.0,personas,WB,World Bank,SP.POP.TOTL,2026-06-12
ECU,Ecuador,LATAM,2019-12-31,2019,A,poblacion,17340021.0,personas,WB,World Bank,SP.POP.TOTL,2026-06-12
ECU,Ecuador,LATAM,2020-12-31,2020,A,poblacion,17546065.0,personas,WB,World Bank,SP.POP.TOTL,2026-06-12
ECU,Ecuador,LATAM,2021-12-31,2021,A,poblacion,17682454.0,personas,WB,World Bank,SP.POP.TOTL,2026-06-12
ECU,Ecuador,LATAM,2022-12-31,2022,A,poblacion,17823897.0,personas,WB,World Bank,SP.POP.TOTL,2026-06-12
ECU,Ecuador,LATAM,2023-12-31,2023,A,poblacion,17980083.0,personas,WB,World Bank,SP.POP.TOTL,2026-06-12
ECU,Ecuador,LATAM,2024-12-31,2024,A,poblacion,18135478.0,personas,WB,World Bank,SP.POP.TOTL,2026-06-12
ECU,Ecuador,LATAM,2000-12-31,2000,A,servicios_pbi,46.9393808627558,% PBI,WB,World Bank,NV.SRV.TOTL.ZS,2026-06-12
ECU,Ecuador,LATAM,2001-12-31,2001,A,servicios_pbi,52.6943573230574,% PBI,WB,World Bank,NV.SRV.TOTL.ZS,2026-06-12
ECU,Ecuador,LATAM,2002-12-31,2002,A,servicios_pbi,54.0499206093605,% PBI,WB,World Bank,NV.SRV.TOTL.ZS,2026-06-12
ECU,Ecuador,LATAM,2003-12-31,2003,A,servicios_pbi,56.0993066799358,% PBI,WB,World Bank,NV.SRV.TOTL.ZS,2026-06-12
ECU,Ecuador,LATAM,2004-12-31,2004,A,servicios_pbi,55.5666641577838,% PBI,WB,World Bank,NV.SRV.TOTL.ZS,2026-06-12
ECU,Ecuador,LATAM,2005-12-31,2005,A,servicios_pbi,54.4341944825683,% PBI,WB,World Bank,NV.SRV.TOTL.ZS,2026-06-12
ECU,Ecuador,LATAM,2006-12-31,2006,A,servicios_pbi,52.4424149459359,% PBI,WB,World Bank,NV.SRV.TOTL.ZS,2026-06-12
ECU,Ecuador,LATAM,2007-12-31,2007,A,servicios_pbi,51.9074780749157,% PBI,WB,World Bank,NV.SRV.TOTL.ZS,2026-06-12
ECU,Ecuador,LATAM,2008-12-31,2008,A,servicios_pbi,50.1895274209096,% PBI,WB,World Bank,NV.SRV.TOTL.ZS,2026-06-12
ECU,Ecuador,LATAM,2009-12-31,2009,A,servicios_pbi,54.7057842337508,% PBI,WB,World Bank,NV.SRV.TOTL.ZS,2026-06-12
ECU,Ecuador,LATAM,2010-12-31,2010,A,servicios_pbi,53.5584229032423,% PBI,WB,World Bank,NV.SRV.TOTL.ZS,2026-06-12
ECU,Ecuador,LATAM,2011-12-31,2011,A,servicios_pbi,51.5008663236349,% PBI,WB,World Bank,NV.SRV.TOTL.ZS,2026-06-12
ECU,Ecuador,LATAM,2012-12-31,2012,A,servicios_pbi,51.742214810209,% PBI,WB,World Bank,NV.SRV.TOTL.ZS,2026-06-12
ECU,Ecuador,LATAM,2013-12-31,2013,A,servicios_pbi,52.0189015811005,% PBI,WB,World Bank,NV.SRV.TOTL.ZS,2026-06-12
ECU,Ecuador,LATAM,2014-12-31,2014,A,servicios_pbi,52.8341973543552,% PBI,WB,World Bank,NV.SRV.TOTL.ZS,2026-06-12
ECU,Ecuador,LATAM,2015-12-31,2015,A,servicios_pbi,57.6066295867738,% PBI,WB,World Bank,NV.SRV.TOTL.ZS,2026-06-12
ECU,Ecuador,LATAM,2016-12-31,2016,A,servicios_pbi,58.567451344755,% PBI,WB,World Bank,NV.SRV.TOTL.ZS,2026-06-12
ECU,Ecuador,LATAM,2017-12-31,2017,A,servicios_pbi,58.0552249529581,% PBI,WB,World Bank,NV.SRV.TOTL.ZS,2026-06-12
ECU,Ecuador,LATAM,2018-12-31,2018,A,servicios_pbi,58.7476436434848,% PBI,WB,World Bank,NV.SRV.TOTL.ZS,2026-06-12
ECU,Ecuador,LATAM,2019-12-31,2019,A,servicios_pbi,59.4371120144712,% PBI,WB,World Bank,NV.SRV.TOTL.ZS,2026-06-12
ECU,Ecuador,LATAM,2020-12-31,2020,A,servicios_pbi,61.3211703446141,% PBI,WB,World Bank,NV.SRV.TOTL.ZS,2026-06-12
ECU,Ecuador,LATAM,2021-12-31,2021,A,servicios_pbi,58.4590001216096,% PBI,WB,World Bank,NV.SRV.TOTL.ZS,2026-06-12
ECU,Ecuador,LATAM,2022-12-31,2022,A,servicios_pbi,58.2031787469141,% PBI,WB,World Bank,NV.SRV.TOTL.ZS,2026-06-12
ECU,Ecuador,LATAM,2023-12-31,2023,A,servicios_pbi,58.6215899574019,% PBI,WB,World Bank,NV.SRV.TOTL.ZS,2026-06-12
ECU,Ecuador,LATAM,2024-12-31,2024,A,servicios_pbi,57.156644024501,% PBI,WB,World Bank,NV.SRV.TOTL.ZS,2026-06-12
MEX,México,LATAM,2000-12-31,2000,A,agro_pbi,3.15926513097762,% PBI,WB,World Bank,NV.AGR.TOTL.ZS,2026-06-12
MEX,México,LATAM,2001-12-31,2001,A,agro_pbi,3.22549035188036,% PBI,WB,World Bank,NV.AGR.TOTL.ZS,2026-06-12
MEX,México,LATAM,2002-12-31,2002,A,agro_pbi,3.11036172325334,% PBI,WB,World Bank,NV.AGR.TOTL.ZS,2026-06-12
MEX,México,LATAM,2003-12-31,2003,A,agro_pbi,3.20735540720265,% PBI,WB,World Bank,NV.AGR.TOTL.ZS,2026-06-12
MEX,México,LATAM,2004-12-31,2004,A,agro_pbi,3.18594698304908,% PBI,WB,World Bank,NV.AGR.TOTL.ZS,2026-06-12
MEX,México,LATAM,2005-12-31,2005,A,agro_pbi,2.94567227515179,% PBI,WB,World Bank,NV.AGR.TOTL.ZS,2026-06-12
MEX,México,LATAM,2006-12-31,2006,A,agro_pbi,2.9429551635864,% PBI,WB,World Bank,NV.AGR.TOTL.ZS,2026-06-12
MEX,México,LATAM,2007-12-31,2007,A,agro_pbi,3.041865670976,% PBI,WB,World Bank,NV.AGR.TOTL.ZS,2026-06-12
MEX,México,LATAM,2008-12-31,2008,A,agro_pbi,3.02875898082786,% PBI,WB,World Bank,NV.AGR.TOTL.ZS,2026-06-12
MEX,México,LATAM,2009-12-31,2009,A,agro_pbi,3.10059841918842,% PBI,WB,World Bank,NV.AGR.TOTL.ZS,2026-06-12
MEX,México,LATAM,2010-12-31,2010,A,agro_pbi,3.09200838670805,% PBI,WB,World Bank,NV.AGR.TOTL.ZS,2026-06-12
MEX,México,LATAM,2011-12-31,2011,A,agro_pbi,2.97569483968178,% PBI,WB,World Bank,NV.AGR.TOTL.ZS,2026-06-12
MEX,México,LATAM,2012-12-31,2012,A,agro_pbi,3.04872937148888,% PBI,WB,World Bank,NV.AGR.TOTL.ZS,2026-06-12
MEX,México,LATAM,2013-12-31,2013,A,agro_pbi,3.02454277578135,% PBI,WB,World Bank,NV.AGR.TOTL.ZS,2026-06-12
MEX,México,LATAM,2014-12-31,2014,A,agro_pbi,3.02713651853573,% PBI,WB,World Bank,NV.AGR.TOTL.ZS,2026-06-12
MEX,México,LATAM,2015-12-31,2015,A,agro_pbi,3.0851863436743,% PBI,WB,World Bank,NV.AGR.TOTL.ZS,2026-06-12
MEX,México,LATAM,2016-12-31,2016,A,agro_pbi,3.2462890783797,% PBI,WB,World Bank,NV.AGR.TOTL.ZS,2026-06-12
MEX,México,LATAM,2017-12-31,2017,A,agro_pbi,3.29751177575275,% PBI,WB,World Bank,NV.AGR.TOTL.ZS,2026-06-12
MEX,México,LATAM,2018-12-31,2018,A,agro_pbi,3.296959452726,% PBI,WB,World Bank,NV.AGR.TOTL.ZS,2026-06-12
MEX,México,LATAM,2019-12-31,2019,A,agro_pbi,3.31502440184845,% PBI,WB,World Bank,NV.AGR.TOTL.ZS,2026-06-12
MEX,México,LATAM,2020-12-31,2020,A,agro_pbi,3.71114888236172,% PBI,WB,World Bank,NV.AGR.TOTL.ZS,2026-06-12
MEX,México,LATAM,2021-12-31,2021,A,agro_pbi,3.78266528758294,% PBI,WB,World Bank,NV.AGR.TOTL.ZS,2026-06-12
MEX,México,LATAM,2022-12-31,2022,A,agro_pbi,3.89806570970786,% PBI,WB,World Bank,NV.AGR.TOTL.ZS,2026-06-12
MEX,México,LATAM,2023-12-31,2023,A,agro_pbi,3.83754974792513,% PBI,WB,World Bank,NV.AGR.TOTL.ZS,2026-06-12
MEX,México,LATAM,2024-12-31,2024,A,agro_pbi,3.72451065844835,% PBI,WB,World Bank,NV.AGR.TOTL.ZS,2026-06-12
MEX,México,LATAM,2000-12-31,2000,A,crecimiento_pbi,5.02928399378261,% anual,WB,World Bank,NY.GDP.MKTP.KD.ZG,2026-06-12
MEX,México,LATAM,2001-12-31,2001,A,crecimiento_pbi,-0.450845253215945,% anual,WB,World Bank,NY.GDP.MKTP.KD.ZG,2026-06-12
MEX,México,LATAM,2002-12-31,2002,A,crecimiento_pbi,-0.236588001922641,% anual,WB,World Bank,NY.GDP.MKTP.KD.ZG,2026-06-12
MEX,México,LATAM,2003-12-31,2003,A,crecimiento_pbi,1.18554486709559,% anual,WB,World Bank,NY.GDP.MKTP.KD.ZG,2026-06-12
MEX,México,LATAM,2004-12-31,2004,A,crecimiento_pbi,3.56544100946846,% anual,WB,World Bank,NY.GDP.MKTP.KD.ZG,2026-06-12
MEX,México,LATAM,2005-12-31,2005,A,crecimiento_pbi,2.11324712586392,% anual,WB,World Bank,NY.GDP.MKTP.KD.ZG,2026-06-12
MEX,México,LATAM,2006-12-31,2006,A,crecimiento_pbi,4.80501352746852,% anual,WB,World Bank,NY.GDP.MKTP.KD.ZG,2026-06-12
MEX,México,LATAM,2007-12-31,2007,A,crecimiento_pbi,2.07786393438754,% anual,WB,World Bank,NY.GDP.MKTP.KD.ZG,2026-06-12
MEX,México,LATAM,2008-12-31,2008,A,crecimiento_pbi,0.943331863036903,% anual,WB,World Bank,NY.GDP.MKTP.KD.ZG,2026-06-12
MEX,México,LATAM,2009-12-31,2009,A,crecimiento_pbi,-6.29525055780502,% anual,WB,World Bank,NY.GDP.MKTP.KD.ZG,2026-06-12
MEX,México,LATAM,2010-12-31,2010,A,crecimiento_pbi,4.9713345832195,% anual,WB,World Bank,NY.GDP.MKTP.KD.ZG,2026-06-12
MEX,México,LATAM,2011-12-31,2011,A,crecimiento_pbi,3.44404505794418,% anual,WB,World Bank,NY.GDP.MKTP.KD.ZG,2026-06-12
MEX,México,LATAM,2012-12-31,2012,A,crecimiento_pbi,3.55321075993527,% anual,WB,World Bank,NY.GDP.MKTP.KD.ZG,2026-06-12
MEX,México,LATAM,2013-12-31,2013,A,crecimiento_pbi,0.852101559410627,% anual,WB,World Bank,NY.GDP.MKTP.KD.ZG,2026-06-12
MEX,México,LATAM,2014-12-31,2014,A,crecimiento_pbi,2.50376350288664,% anual,WB,World Bank,NY.GDP.MKTP.KD.ZG,2026-06-12
MEX,México,LATAM,2015-12-31,2015,A,crecimiento_pbi,2.70232342550646,% anual,WB,World Bank,NY.GDP.MKTP.KD.ZG,2026-06-12
MEX,México,LATAM,2016-12-31,2016,A,crecimiento_pbi,1.77249323845399,% anual,WB,World Bank,NY.GDP.MKTP.KD.ZG,2026-06-12
MEX,México,LATAM,2017-12-31,2017,A,crecimiento_pbi,1.87172853327193,% anual,WB,World Bank,NY.GDP.MKTP.KD.ZG,2026-06-12
MEX,México,LATAM,2018-12-31,2018,A,crecimiento_pbi,1.97208209405635,% anual,WB,World Bank,NY.GDP.MKTP.KD.ZG,2026-06-12
MEX,México,LATAM,2019-12-31,2019,A,crecimiento_pbi,-0.392690505066824,% anual,WB,World Bank,NY.GDP.MKTP.KD.ZG,2026-06-12
MEX,México,LATAM,2020-12-31,2020,A,crecimiento_pbi,-8.35403458167995,% anual,WB,World Bank,NY.GDP.MKTP.KD.ZG,2026-06-12
MEX,México,LATAM,2021-12-31,2021,A,crecimiento_pbi,6.0484834621255,% anual,WB,World Bank,NY.GDP.MKTP.KD.ZG,2026-06-12
MEX,México,LATAM,2022-12-31,2022,A,crecimiento_pbi,3.70975709163623,% anual,WB,World Bank,NY.GDP.MKTP.KD.ZG,2026-06-12
MEX,México,LATAM,2023-12-31,2023,A,crecimiento_pbi,3.35354140652768,% anual,WB,World Bank,NY.GDP.MKTP.KD.ZG,2026-06-12
MEX,México,LATAM,2024-12-31,2024,A,crecimiento_pbi,1.42742769080466,% anual,WB,World Bank,NY.GDP.MKTP.KD.ZG,2026-06-12
MEX,México,LATAM,2000-12-31,2000,A,desempleo,2.646,% población activa,WB,World Bank,SL.UEM.TOTL.ZS,2026-06-12
MEX,México,LATAM,2001-12-31,2001,A,desempleo,2.627,% población activa,WB,World Bank,SL.UEM.TOTL.ZS,2026-06-12
MEX,México,LATAM,2002-12-31,2002,A,desempleo,3.003,% población activa,WB,World Bank,SL.UEM.TOTL.ZS,2026-06-12
MEX,México,LATAM,2003-12-31,2003,A,desempleo,3.455,% población activa,WB,World Bank,SL.UEM.TOTL.ZS,2026-06-12
MEX,México,LATAM,2004-12-31,2004,A,desempleo,3.937,% población activa,WB,World Bank,SL.UEM.TOTL.ZS,2026-06-12
MEX,México,LATAM,2005-12-31,2005,A,desempleo,3.558,% población activa,WB,World Bank,SL.UEM.TOTL.ZS,2026-06-12
MEX,México,LATAM,2006-12-31,2006,A,desempleo,3.566,% población activa,WB,World Bank,SL.UEM.TOTL.ZS,2026-06-12
MEX,México,LATAM,2007-12-31,2007,A,desempleo,3.628,% población activa,WB,World Bank,SL.UEM.TOTL.ZS,2026-06-12
MEX,México,LATAM,2008-12-31,2008,A,desempleo,3.874,% población activa,WB,World Bank,SL.UEM.TOTL.ZS,2026-06-12
MEX,México,LATAM,2009-12-31,2009,A,desempleo,5.356,% población activa,WB,World Bank,SL.UEM.TOTL.ZS,2026-06-12
MEX,México,LATAM,2010-12-31,2010,A,desempleo,5.303,% población activa,WB,World Bank,SL.UEM.TOTL.ZS,2026-06-12
MEX,México,LATAM,2011-12-31,2011,A,desempleo,5.175,% población activa,WB,World Bank,SL.UEM.TOTL.ZS,2026-06-12
MEX,México,LATAM,2012-12-31,2012,A,desempleo,4.892,% población activa,WB,World Bank,SL.UEM.TOTL.ZS,2026-06-12
MEX,México,LATAM,2013-12-31,2013,A,desempleo,4.921,% población activa,WB,World Bank,SL.UEM.TOTL.ZS,2026-06-12
MEX,México,LATAM,2014-12-31,2014,A,desempleo,4.819,% población activa,WB,World Bank,SL.UEM.TOTL.ZS,2026-06-12
MEX,México,LATAM,2015-12-31,2015,A,desempleo,4.311,% población activa,WB,World Bank,SL.UEM.TOTL.ZS,2026-06-12
MEX,México,LATAM,2016-12-31,2016,A,desempleo,3.853,% población activa,WB,World Bank,SL.UEM.TOTL.ZS,2026-06-12
MEX,México,LATAM,2017-12-31,2017,A,desempleo,3.419,% población activa,WB,World Bank,SL.UEM.TOTL.ZS,2026-06-12
MEX,México,LATAM,2018-12-31,2018,A,desempleo,3.275,% población activa,WB,World Bank,SL.UEM.TOTL.ZS,2026-06-12
MEX,México,LATAM,2019-12-31,2019,A,desempleo,3.477,% población activa,WB,World Bank,SL.UEM.TOTL.ZS,2026-06-12
MEX,México,LATAM,2020-12-31,2020,A,desempleo,4.44,% población activa,WB,World Bank,SL.UEM.TOTL.ZS,2026-06-12
MEX,México,LATAM,2021-12-31,2021,A,desempleo,4.019,% población activa,WB,World Bank,SL.UEM.TOTL.ZS,2026-06-12
MEX,México,LATAM,2022-12-31,2022,A,desempleo,3.256,% población activa,WB,World Bank,SL.UEM.TOTL.ZS,2026-06-12
MEX,México,LATAM,2023-12-31,2023,A,desempleo,2.765,% población activa,WB,World Bank,SL.UEM.TOTL.ZS,2026-06-12
MEX,México,LATAM,2024-12-31,2024,A,desempleo,2.678,% población activa,WB,World Bank,SL.UEM.TOTL.ZS,2026-06-12
MEX,México,LATAM,2025-12-31,2025,A,desempleo,2.673,% población activa,WB,World Bank,SL.UEM.TOTL.ZS,2026-06-12
MEX,México,LATAM,2000-12-31,2000,A,exportaciones_pbi,24.2311734681303,% PBI,WB,World Bank,NE.EXP.GNFS.ZS,2026-06-12
MEX,México,LATAM,2001-12-31,2001,A,exportaciones_pbi,21.5412102050357,% PBI,WB,World Bank,NE.EXP.GNFS.ZS,2026-06-12
MEX,México,LATAM,2002-12-31,2002,A,exportaciones_pbi,21.8517619236376,% PBI,WB,World Bank,NE.EXP.GNFS.ZS,2026-06-12
MEX,México,LATAM,2003-12-31,2003,A,exportaciones_pbi,23.6555935090553,% PBI,WB,World Bank,NE.EXP.GNFS.ZS,2026-06-12
MEX,México,LATAM,2004-12-31,2004,A,exportaciones_pbi,25.1033560080055,% PBI,WB,World Bank,NE.EXP.GNFS.ZS,2026-06-12
MEX,México,LATAM,2005-12-31,2005,A,exportaciones_pbi,25.4870738285114,% PBI,WB,World Bank,NE.EXP.GNFS.ZS,2026-06-12
MEX,México,LATAM,2006-12-31,2006,A,exportaciones_pbi,26.5547481705759,% PBI,WB,World Bank,NE.EXP.GNFS.ZS,2026-06-12
MEX,México,LATAM,2007-12-31,2007,A,exportaciones_pbi,26.7810613279257,% PBI,WB,World Bank,NE.EXP.GNFS.ZS,2026-06-12
MEX,México,LATAM,2008-12-31,2008,A,exportaciones_pbi,27.0200612345202,% PBI,WB,World Bank,NE.EXP.GNFS.ZS,2026-06-12
MEX,México,LATAM,2009-12-31,2009,A,exportaciones_pbi,26.5132697232887,% PBI,WB,World Bank,NE.EXP.GNFS.ZS,2026-06-12
MEX,México,LATAM,2010-12-31,2010,A,exportaciones_pbi,29.0174601154993,% PBI,WB,World Bank,NE.EXP.GNFS.ZS,2026-06-12
MEX,México,LATAM,2011-12-31,2011,A,exportaciones_pbi,30.4429662274867,% PBI,WB,World Bank,NE.EXP.GNFS.ZS,2026-06-12
MEX,México,LATAM,2012-12-31,2012,A,exportaciones_pbi,31.539450391413,% PBI,WB,World Bank,NE.EXP.GNFS.ZS,2026-06-12
MEX,México,LATAM,2013-12-31,2013,A,exportaciones_pbi,30.755800584349,% PBI,WB,World Bank,NE.EXP.GNFS.ZS,2026-06-12
MEX,México,LATAM,2014-12-31,2014,A,exportaciones_pbi,31.462992199988,% PBI,WB,World Bank,NE.EXP.GNFS.ZS,2026-06-12
MEX,México,LATAM,2015-12-31,2015,A,exportaciones_pbi,34.1627726873238,% PBI,WB,World Bank,NE.EXP.GNFS.ZS,2026-06-12
MEX,México,LATAM,2016-12-31,2016,A,exportaciones_pbi,36.8156772514808,% PBI,WB,World Bank,NE.EXP.GNFS.ZS,2026-06-12
MEX,México,LATAM,2017-12-31,2017,A,exportaciones_pbi,37.5140886198874,% PBI,WB,World Bank,NE.EXP.GNFS.ZS,2026-06-12
MEX,México,LATAM,2018-12-31,2018,A,exportaciones_pbi,39.0439304419331,% PBI,WB,World Bank,NE.EXP.GNFS.ZS,2026-06-12
MEX,México,LATAM,2019-12-31,2019,A,exportaciones_pbi,38.5296507920009,% PBI,WB,World Bank,NE.EXP.GNFS.ZS,2026-06-12
MEX,México,LATAM,2020-12-31,2020,A,exportaciones_pbi,39.2353720904115,% PBI,WB,World Bank,NE.EXP.GNFS.ZS,2026-06-12
MEX,México,LATAM,2021-12-31,2021,A,exportaciones_pbi,40.5691932010194,% PBI,WB,World Bank,NE.EXP.GNFS.ZS,2026-06-12
MEX,México,LATAM,2022-12-31,2022,A,exportaciones_pbi,42.9322902133702,% PBI,WB,World Bank,NE.EXP.GNFS.ZS,2026-06-12
MEX,México,LATAM,2023-12-31,2023,A,exportaciones_pbi,36.0693951643755,% PBI,WB,World Bank,NE.EXP.GNFS.ZS,2026-06-12
MEX,México,LATAM,2024-12-31,2024,A,exportaciones_pbi,36.7033688165177,% PBI,WB,World Bank,NE.EXP.GNFS.ZS,2026-06-12
MEX,México,LATAM,2000-12-31,2000,A,importaciones_pbi,25.6792357191195,% PBI,WB,World Bank,NE.IMP.GNFS.ZS,2026-06-12
MEX,México,LATAM,2001-12-31,2001,A,importaciones_pbi,23.1988988072816,% PBI,WB,World Bank,NE.IMP.GNFS.ZS,2026-06-12
MEX,México,LATAM,2002-12-31,2002,A,importaciones_pbi,23.3580673360145,% PBI,WB,World Bank,NE.IMP.GNFS.ZS,2026-06-12
MEX,México,LATAM,2003-12-31,2003,A,importaciones_pbi,25.0448233717828,% PBI,WB,World Bank,NE.IMP.GNFS.ZS,2026-06-12
MEX,México,LATAM,2004-12-31,2004,A,importaciones_pbi,26.9372640255577,% PBI,WB,World Bank,NE.IMP.GNFS.ZS,2026-06-12
MEX,México,LATAM,2005-12-31,2005,A,importaciones_pbi,27.0755708232772,% PBI,WB,World Bank,NE.IMP.GNFS.ZS,2026-06-12
MEX,México,LATAM,2006-12-31,2006,A,importaciones_pbi,27.927367918041,% PBI,WB,World Bank,NE.IMP.GNFS.ZS,2026-06-12
MEX,México,LATAM,2007-12-31,2007,A,importaciones_pbi,28.4774630665241,% PBI,WB,World Bank,NE.IMP.GNFS.ZS,2026-06-12
MEX,México,LATAM,2008-12-31,2008,A,importaciones_pbi,29.3452206517371,% PBI,WB,World Bank,NE.IMP.GNFS.ZS,2026-06-12
MEX,México,LATAM,2009-12-31,2009,A,importaciones_pbi,28.0784724080616,% PBI,WB,World Bank,NE.IMP.GNFS.ZS,2026-06-12
MEX,México,LATAM,2010-12-31,2010,A,importaciones_pbi,30.2559244138859,% PBI,WB,World Bank,NE.IMP.GNFS.ZS,2026-06-12
MEX,México,LATAM,2011-12-31,2011,A,importaciones_pbi,31.7194210489631,% PBI,WB,World Bank,NE.IMP.GNFS.ZS,2026-06-12
MEX,México,LATAM,2012-12-31,2012,A,importaciones_pbi,32.7184814985984,% PBI,WB,World Bank,NE.IMP.GNFS.ZS,2026-06-12
MEX,México,LATAM,2013-12-31,2013,A,importaciones_pbi,31.9358741892317,% PBI,WB,World Bank,NE.IMP.GNFS.ZS,2026-06-12
MEX,México,LATAM,2014-12-31,2014,A,importaciones_pbi,32.6354168351336,% PBI,WB,World Bank,NE.IMP.GNFS.ZS,2026-06-12
MEX,México,LATAM,2015-12-31,2015,A,importaciones_pbi,36.2502019889402,% PBI,WB,World Bank,NE.IMP.GNFS.ZS,2026-06-12
MEX,México,LATAM,2016-12-31,2016,A,importaciones_pbi,38.8746261573743,% PBI,WB,World Bank,NE.IMP.GNFS.ZS,2026-06-12
MEX,México,LATAM,2017-12-31,2017,A,importaciones_pbi,39.438037420838,% PBI,WB,World Bank,NE.IMP.GNFS.ZS,2026-06-12
MEX,México,LATAM,2018-12-31,2018,A,importaciones_pbi,41.1687312149645,% PBI,WB,World Bank,NE.IMP.GNFS.ZS,2026-06-12
MEX,México,LATAM,2019-12-31,2019,A,importaciones_pbi,38.9323214651119,% PBI,WB,World Bank,NE.IMP.GNFS.ZS,2026-06-12
MEX,México,LATAM,2020-12-31,2020,A,importaciones_pbi,37.6191836151901,% PBI,WB,World Bank,NE.IMP.GNFS.ZS,2026-06-12
MEX,México,LATAM,2021-12-31,2021,A,importaciones_pbi,42.5001044347701,% PBI,WB,World Bank,NE.IMP.GNFS.ZS,2026-06-12
MEX,México,LATAM,2022-12-31,2022,A,importaciones_pbi,45.8661953733484,% PBI,WB,World Bank,NE.IMP.GNFS.ZS,2026-06-12
MEX,México,LATAM,2023-12-31,2023,A,importaciones_pbi,37.509466472149,% PBI,WB,World Bank,NE.IMP.GNFS.ZS,2026-06-12
MEX,México,LATAM,2024-12-31,2024,A,importaciones_pbi,37.8855391659966,% PBI,WB,World Bank,NE.IMP.GNFS.ZS,2026-06-12
MEX,México,LATAM,2000-12-31,2000,A,industria_pbi,34.3868003217864,% PBI,WB,World Bank,NV.IND.TOTL.ZS,2026-06-12
MEX,México,LATAM,2001-12-31,2001,A,industria_pbi,33.3084037583111,% PBI,WB,World Bank,NV.IND.TOTL.ZS,2026-06-12
MEX,México,LATAM,2002-12-31,2002,A,industria_pbi,32.864500489183,% PBI,WB,World Bank,NV.IND.TOTL.ZS,2026-06-12
MEX,México,LATAM,2003-12-31,2003,A,industria_pbi,31.5006616862482,% PBI,WB,World Bank,NV.IND.TOTL.ZS,2026-06-12
MEX,México,LATAM,2004-12-31,2004,A,industria_pbi,33.0062868258443,% PBI,WB,World Bank,NV.IND.TOTL.ZS,2026-06-12
MEX,México,LATAM,2005-12-31,2005,A,industria_pbi,33.0531376314209,% PBI,WB,World Bank,NV.IND.TOTL.ZS,2026-06-12
MEX,México,LATAM,2006-12-31,2006,A,industria_pbi,34.3856666700872,% PBI,WB,World Bank,NV.IND.TOTL.ZS,2026-06-12
MEX,México,LATAM,2007-12-31,2007,A,industria_pbi,34.0245019473839,% PBI,WB,World Bank,NV.IND.TOTL.ZS,2026-06-12
MEX,México,LATAM,2008-12-31,2008,A,industria_pbi,34.8480623925215,% PBI,WB,World Bank,NV.IND.TOTL.ZS,2026-06-12
MEX,México,LATAM,2009-12-31,2009,A,industria_pbi,31.9993138894743,% PBI,WB,World Bank,NV.IND.TOTL.ZS,2026-06-12
MEX,México,LATAM,2010-12-31,2010,A,industria_pbi,32.539487048306,% PBI,WB,World Bank,NV.IND.TOTL.ZS,2026-06-12
MEX,México,LATAM,2011-12-31,2011,A,industria_pbi,33.8231022149217,% PBI,WB,World Bank,NV.IND.TOTL.ZS,2026-06-12
MEX,México,LATAM,2012-12-31,2012,A,industria_pbi,34.0963424723894,% PBI,WB,World Bank,NV.IND.TOTL.ZS,2026-06-12
MEX,México,LATAM,2013-12-31,2013,A,industria_pbi,32.1682751258816,% PBI,WB,World Bank,NV.IND.TOTL.ZS,2026-06-12
MEX,México,LATAM,2014-12-31,2014,A,industria_pbi,31.9175541331636,% PBI,WB,World Bank,NV.IND.TOTL.ZS,2026-06-12
MEX,México,LATAM,2015-12-31,2015,A,industria_pbi,30.8402536092133,% PBI,WB,World Bank,NV.IND.TOTL.ZS,2026-06-12
MEX,México,LATAM,2016-12-31,2016,A,industria_pbi,30.6167913981452,% PBI,WB,World Bank,NV.IND.TOTL.ZS,2026-06-12
MEX,México,LATAM,2017-12-31,2017,A,industria_pbi,31.9586846731805,% PBI,WB,World Bank,NV.IND.TOTL.ZS,2026-06-12
MEX,México,LATAM,2018-12-31,2018,A,industria_pbi,32.0438654533728,% PBI,WB,World Bank,NV.IND.TOTL.ZS,2026-06-12
MEX,México,LATAM,2019-12-31,2019,A,industria_pbi,31.8382961395485,% PBI,WB,World Bank,NV.IND.TOTL.ZS,2026-06-12
MEX,México,LATAM,2020-12-31,2020,A,industria_pbi,30.9999803907609,% PBI,WB,World Bank,NV.IND.TOTL.ZS,2026-06-12
MEX,México,LATAM,2021-12-31,2021,A,industria_pbi,31.9695289853652,% PBI,WB,World Bank,NV.IND.TOTL.ZS,2026-06-12
MEX,México,LATAM,2022-12-31,2022,A,industria_pbi,33.1638305245733,% PBI,WB,World Bank,NV.IND.TOTL.ZS,2026-06-12
MEX,México,LATAM,2023-12-31,2023,A,industria_pbi,32.6059323521063,% PBI,WB,World Bank,NV.IND.TOTL.ZS,2026-06-12
MEX,México,LATAM,2024-12-31,2024,A,industria_pbi,31.7777432689428,% PBI,WB,World Bank,NV.IND.TOTL.ZS,2026-06-12
MEX,México,LATAM,2000-12-31,2000,A,inflacion,9.49156149435403,% anual,WB,World Bank,FP.CPI.TOTL.ZG,2026-06-12
MEX,México,LATAM,2001-12-31,2001,A,inflacion,6.36773806235037,% anual,WB,World Bank,FP.CPI.TOTL.ZG,2026-06-12
MEX,México,LATAM,2002-12-31,2002,A,inflacion,5.03072733151295,% anual,WB,World Bank,FP.CPI.TOTL.ZG,2026-06-12
MEX,México,LATAM,2003-12-31,2003,A,inflacion,4.54690012118718,% anual,WB,World Bank,FP.CPI.TOTL.ZG,2026-06-12
MEX,México,LATAM,2004-12-31,2004,A,inflacion,4.68840884843143,% anual,WB,World Bank,FP.CPI.TOTL.ZG,2026-06-12
MEX,México,LATAM,2005-12-31,2005,A,inflacion,3.98805714597437,% anual,WB,World Bank,FP.CPI.TOTL.ZG,2026-06-12
MEX,México,LATAM,2006-12-31,2006,A,inflacion,3.62946762439132,% anual,WB,World Bank,FP.CPI.TOTL.ZG,2026-06-12
MEX,México,LATAM,2007-12-31,2007,A,inflacion,3.96684905458235,% anual,WB,World Bank,FP.CPI.TOTL.ZG,2026-06-12
MEX,México,LATAM,2008-12-31,2008,A,inflacion,5.12498274575896,% anual,WB,World Bank,FP.CPI.TOTL.ZG,2026-06-12
MEX,México,LATAM,2009-12-31,2009,A,inflacion,5.29735584228856,% anual,WB,World Bank,FP.CPI.TOTL.ZG,2026-06-12
MEX,México,LATAM,2010-12-31,2010,A,inflacion,4.15672722680174,% anual,WB,World Bank,FP.CPI.TOTL.ZG,2026-06-12
MEX,México,LATAM,2011-12-31,2011,A,inflacion,3.40737824605742,% anual,WB,World Bank,FP.CPI.TOTL.ZG,2026-06-12
MEX,México,LATAM,2012-12-31,2012,A,inflacion,4.11150981070289,% anual,WB,World Bank,FP.CPI.TOTL.ZG,2026-06-12
MEX,México,LATAM,2013-12-31,2013,A,inflacion,3.80639069747204,% anual,WB,World Bank,FP.CPI.TOTL.ZG,2026-06-12
MEX,México,LATAM,2014-12-31,2014,A,inflacion,4.01861608078679,% anual,WB,World Bank,FP.CPI.TOTL.ZG,2026-06-12
MEX,México,LATAM,2015-12-31,2015,A,inflacion,2.72064064964023,% anual,WB,World Bank,FP.CPI.TOTL.ZG,2026-06-12
MEX,México,LATAM,2016-12-31,2016,A,inflacion,2.8217078474766,% anual,WB,World Bank,FP.CPI.TOTL.ZG,2026-06-12
MEX,México,LATAM,2017-12-31,2017,A,inflacion,6.04145724018986,% anual,WB,World Bank,FP.CPI.TOTL.ZG,2026-06-12
MEX,México,LATAM,2018-12-31,2018,A,inflacion,4.89935015356551,% anual,WB,World Bank,FP.CPI.TOTL.ZG,2026-06-12
MEX,México,LATAM,2019-12-31,2019,A,inflacion,3.63596142127046,% anual,WB,World Bank,FP.CPI.TOTL.ZG,2026-06-12
MEX,México,LATAM,2020-12-31,2020,A,inflacion,3.39683415570006,% anual,WB,World Bank,FP.CPI.TOTL.ZG,2026-06-12
MEX,México,LATAM,2021-12-31,2021,A,inflacion,5.68920847683753,% anual,WB,World Bank,FP.CPI.TOTL.ZG,2026-06-12
MEX,México,LATAM,2022-12-31,2022,A,inflacion,7.8962761916855,% anual,WB,World Bank,FP.CPI.TOTL.ZG,2026-06-12
MEX,México,LATAM,2023-12-31,2023,A,inflacion,5.52796087314389,% anual,WB,World Bank,FP.CPI.TOTL.ZG,2026-06-12
MEX,México,LATAM,2024-12-31,2024,A,inflacion,4.72225588452932,% anual,WB,World Bank,FP.CPI.TOTL.ZG,2026-06-12
MEX,México,LATAM,2000-12-31,2000,A,inversion_pbi,22.2649246086997,% PBI,WB,World Bank,NE.GDI.TOTL.ZS,2026-06-12
MEX,México,LATAM,2001-12-31,2001,A,inversion_pbi,20.2738215598554,% PBI,WB,World Bank,NE.GDI.TOTL.ZS,2026-06-12
MEX,México,LATAM,2002-12-31,2002,A,inversion_pbi,20.4084256272915,% PBI,WB,World Bank,NE.GDI.TOTL.ZS,2026-06-12
MEX,México,LATAM,2003-12-31,2003,A,inversion_pbi,20.8808458699197,% PBI,WB,World Bank,NE.GDI.TOTL.ZS,2026-06-12
MEX,México,LATAM,2004-12-31,2004,A,inversion_pbi,22.0461782270566,% PBI,WB,World Bank,NE.GDI.TOTL.ZS,2026-06-12
MEX,México,LATAM,2005-12-31,2005,A,inversion_pbi,21.5221459698375,% PBI,WB,World Bank,NE.GDI.TOTL.ZS,2026-06-12
MEX,México,LATAM,2006-12-31,2006,A,inversion_pbi,22.5641029454858,% PBI,WB,World Bank,NE.GDI.TOTL.ZS,2026-06-12
MEX,México,LATAM,2007-12-31,2007,A,inversion_pbi,23.071914687527,% PBI,WB,World Bank,NE.GDI.TOTL.ZS,2026-06-12
MEX,México,LATAM,2008-12-31,2008,A,inversion_pbi,24.1213158858044,% PBI,WB,World Bank,NE.GDI.TOTL.ZS,2026-06-12
MEX,México,LATAM,2009-12-31,2009,A,inversion_pbi,23.2592508057594,% PBI,WB,World Bank,NE.GDI.TOTL.ZS,2026-06-12
MEX,México,LATAM,2010-12-31,2010,A,inversion_pbi,23.3314894102504,% PBI,WB,World Bank,NE.GDI.TOTL.ZS,2026-06-12
MEX,México,LATAM,2011-12-31,2011,A,inversion_pbi,24.2517581318792,% PBI,WB,World Bank,NE.GDI.TOTL.ZS,2026-06-12
MEX,México,LATAM,2012-12-31,2012,A,inversion_pbi,24.3777390617044,% PBI,WB,World Bank,NE.GDI.TOTL.ZS,2026-06-12
MEX,México,LATAM,2013-12-31,2013,A,inversion_pbi,22.6807316074935,% PBI,WB,World Bank,NE.GDI.TOTL.ZS,2026-06-12
MEX,México,LATAM,2014-12-31,2014,A,inversion_pbi,22.2932759800089,% PBI,WB,World Bank,NE.GDI.TOTL.ZS,2026-06-12
MEX,México,LATAM,2015-12-31,2015,A,inversion_pbi,23.7361297440288,% PBI,WB,World Bank,NE.GDI.TOTL.ZS,2026-06-12
MEX,México,LATAM,2016-12-31,2016,A,inversion_pbi,24.3433923355958,% PBI,WB,World Bank,NE.GDI.TOTL.ZS,2026-06-12
MEX,México,LATAM,2017-12-31,2017,A,inversion_pbi,23.8923507095274,% PBI,WB,World Bank,NE.GDI.TOTL.ZS,2026-06-12
MEX,México,LATAM,2018-12-31,2018,A,inversion_pbi,23.47749306333,% PBI,WB,World Bank,NE.GDI.TOTL.ZS,2026-06-12
MEX,México,LATAM,2019-12-31,2019,A,inversion_pbi,22.1485426373991,% PBI,WB,World Bank,NE.GDI.TOTL.ZS,2026-06-12
MEX,México,LATAM,2020-12-31,2020,A,inversion_pbi,20.2366593506907,% PBI,WB,World Bank,NE.GDI.TOTL.ZS,2026-06-12
MEX,México,LATAM,2021-12-31,2021,A,inversion_pbi,21.7074939343756,% PBI,WB,World Bank,NE.GDI.TOTL.ZS,2026-06-12
MEX,México,LATAM,2022-12-31,2022,A,inversion_pbi,22.7701948909454,% PBI,WB,World Bank,NE.GDI.TOTL.ZS,2026-06-12
MEX,México,LATAM,2023-12-31,2023,A,inversion_pbi,23.8945184286558,% PBI,WB,World Bank,NE.GDI.TOTL.ZS,2026-06-12
MEX,México,LATAM,2024-12-31,2024,A,inversion_pbi,24.1235135559623,% PBI,WB,World Bank,NE.GDI.TOTL.ZS,2026-06-12
MEX,México,LATAM,2000-12-31,2000,A,manufactura_pbi,21.0445774123124,% PBI,WB,World Bank,NV.IND.MANF.ZS,2026-06-12
MEX,México,LATAM,2001-12-31,2001,A,manufactura_pbi,20.026058557155,% PBI,WB,World Bank,NV.IND.MANF.ZS,2026-06-12
MEX,México,LATAM,2002-12-31,2002,A,manufactura_pbi,19.2312267750835,% PBI,WB,World Bank,NV.IND.MANF.ZS,2026-06-12
MEX,México,LATAM,2003-12-31,2003,A,manufactura_pbi,18.828065610038,% PBI,WB,World Bank,NV.IND.MANF.ZS,2026-06-12
MEX,México,LATAM,2004-12-31,2004,A,manufactura_pbi,18.8456680170089,% PBI,WB,World Bank,NV.IND.MANF.ZS,2026-06-12
MEX,México,LATAM,2005-12-31,2005,A,manufactura_pbi,18.0770794970807,% PBI,WB,World Bank,NV.IND.MANF.ZS,2026-06-12
MEX,México,LATAM,2006-12-31,2006,A,manufactura_pbi,18.9990299017364,% PBI,WB,World Bank,NV.IND.MANF.ZS,2026-06-12
MEX,México,LATAM,2007-12-31,2007,A,manufactura_pbi,18.2623757835665,% PBI,WB,World Bank,NV.IND.MANF.ZS,2026-06-12
MEX,México,LATAM,2008-12-31,2008,A,manufactura_pbi,18.1749137521803,% PBI,WB,World Bank,NV.IND.MANF.ZS,2026-06-12
MEX,México,LATAM,2009-12-31,2009,A,manufactura_pbi,17.4331987032193,% PBI,WB,World Bank,NV.IND.MANF.ZS,2026-06-12
MEX,México,LATAM,2010-12-31,2010,A,manufactura_pbi,17.8382139163733,% PBI,WB,World Bank,NV.IND.MANF.ZS,2026-06-12
MEX,México,LATAM,2011-12-31,2011,A,manufactura_pbi,17.7203860209063,% PBI,WB,World Bank,NV.IND.MANF.ZS,2026-06-12
MEX,México,LATAM,2012-12-31,2012,A,manufactura_pbi,18.8000354392646,% PBI,WB,World Bank,NV.IND.MANF.ZS,2026-06-12
MEX,México,LATAM,2013-12-31,2013,A,manufactura_pbi,18.1028096334813,% PBI,WB,World Bank,NV.IND.MANF.ZS,2026-06-12
MEX,México,LATAM,2014-12-31,2014,A,manufactura_pbi,18.2289217421843,% PBI,WB,World Bank,NV.IND.MANF.ZS,2026-06-12
MEX,México,LATAM,2015-12-31,2015,A,manufactura_pbi,19.8234213937112,% PBI,WB,World Bank,NV.IND.MANF.ZS,2026-06-12
MEX,México,LATAM,2016-12-31,2016,A,manufactura_pbi,19.8687757979342,% PBI,WB,World Bank,NV.IND.MANF.ZS,2026-06-12
MEX,México,LATAM,2017-12-31,2017,A,manufactura_pbi,20.1618224199443,% PBI,WB,World Bank,NV.IND.MANF.ZS,2026-06-12
MEX,México,LATAM,2018-12-31,2018,A,manufactura_pbi,20.1893657004533,% PBI,WB,World Bank,NV.IND.MANF.ZS,2026-06-12
MEX,México,LATAM,2019-12-31,2019,A,manufactura_pbi,19.8877542658522,% PBI,WB,World Bank,NV.IND.MANF.ZS,2026-06-12
MEX,México,LATAM,2020-12-31,2020,A,manufactura_pbi,20.1842735743221,% PBI,WB,World Bank,NV.IND.MANF.ZS,2026-06-12
MEX,México,LATAM,2021-12-31,2021,A,manufactura_pbi,20.8358358575225,% PBI,WB,World Bank,NV.IND.MANF.ZS,2026-06-12
MEX,México,LATAM,2022-12-31,2022,A,manufactura_pbi,21.4864702087066,% PBI,WB,World Bank,NV.IND.MANF.ZS,2026-06-12
MEX,México,LATAM,2023-12-31,2023,A,manufactura_pbi,20.4180224277552,% PBI,WB,World Bank,NV.IND.MANF.ZS,2026-06-12
MEX,México,LATAM,2024-12-31,2024,A,manufactura_pbi,19.8017537671375,% PBI,WB,World Bank,NV.IND.MANF.ZS,2026-06-12
MEX,México,LATAM,2000-12-31,2000,A,pbi,742061329749.127,USD actuales,WB,World Bank,NY.GDP.MKTP.CD,2026-06-12
MEX,México,LATAM,2001-12-31,2001,A,pbi,796064590549.136,USD actuales,WB,World Bank,NY.GDP.MKTP.CD,2026-06-12
MEX,México,LATAM,2002-12-31,2002,A,pbi,810666116401.915,USD actuales,WB,World Bank,NY.GDP.MKTP.CD,2026-06-12
MEX,México,LATAM,2003-12-31,2003,A,pbi,765549967703.273,USD actuales,WB,World Bank,NY.GDP.MKTP.CD,2026-06-12
MEX,México,LATAM,2004-12-31,2004,A,pbi,819459227375.022,USD actuales,WB,World Bank,NY.GDP.MKTP.CD,2026-06-12
MEX,México,LATAM,2005-12-31,2005,A,pbi,917571853529.104,USD actuales,WB,World Bank,NY.GDP.MKTP.CD,2026-06-12
MEX,México,LATAM,2006-12-31,2006,A,pbi,1020265057882.01,USD actuales,WB,World Bank,NY.GDP.MKTP.CD,2026-06-12
MEX,México,LATAM,2007-12-31,2007,A,pbi,1102355554971.95,USD actuales,WB,World Bank,NY.GDP.MKTP.CD,2026-06-12
MEX,México,LATAM,2008-12-31,2008,A,pbi,1161553459715.1,USD actuales,WB,World Bank,NY.GDP.MKTP.CD,2026-06-12
MEX,México,LATAM,2009-12-31,2009,A,pbi,943437415024.633,USD actuales,WB,World Bank,NY.GDP.MKTP.CD,2026-06-12
MEX,México,LATAM,2010-12-31,2010,A,pbi,1105424238731.09,USD actuales,WB,World Bank,NY.GDP.MKTP.CD,2026-06-12
MEX,México,LATAM,2011-12-31,2011,A,pbi,1229013703416.76,USD actuales,WB,World Bank,NY.GDP.MKTP.CD,2026-06-12
MEX,México,LATAM,2012-12-31,2012,A,pbi,1255110424817.79,USD actuales,WB,World Bank,NY.GDP.MKTP.CD,2026-06-12
MEX,México,LATAM,2013-12-31,2013,A,pbi,1327436290282.67,USD actuales,WB,World Bank,NY.GDP.MKTP.CD,2026-06-12
MEX,México,LATAM,2014-12-31,2014,A,pbi,1364507717614.13,USD actuales,WB,World Bank,NY.GDP.MKTP.CD,2026-06-12
MEX,México,LATAM,2015-12-31,2015,A,pbi,1213294467716.88,USD actuales,WB,World Bank,NY.GDP.MKTP.CD,2026-06-12
MEX,México,LATAM,2016-12-31,2016,A,pbi,1112233497452.7,USD actuales,WB,World Bank,NY.GDP.MKTP.CD,2026-06-12
MEX,México,LATAM,2017-12-31,2017,A,pbi,1190721475906.0,USD actuales,WB,World Bank,NY.GDP.MKTP.CD,2026-06-12
MEX,México,LATAM,2018-12-31,2018,A,pbi,1256300182879.73,USD actuales,WB,World Bank,NY.GDP.MKTP.CD,2026-06-12
MEX,México,LATAM,2019-12-31,2019,A,pbi,1304106203902.45,USD actuales,WB,World Bank,NY.GDP.MKTP.CD,2026-06-12
MEX,México,LATAM,2020-12-31,2020,A,pbi,1121064767308.42,USD actuales,WB,World Bank,NY.GDP.MKTP.CD,2026-06-12
MEX,México,LATAM,2021-12-31,2021,A,pbi,1316569466685.95,USD actuales,WB,World Bank,NY.GDP.MKTP.CD,2026-06-12
MEX,México,LATAM,2022-12-31,2022,A,pbi,1466934724293.06,USD actuales,WB,World Bank,NY.GDP.MKTP.CD,2026-06-12
MEX,México,LATAM,2023-12-31,2023,A,pbi,1798317581486.88,USD actuales,WB,World Bank,NY.GDP.MKTP.CD,2026-06-12
MEX,México,LATAM,2024-12-31,2024,A,pbi,1856365616165.94,USD actuales,WB,World Bank,NY.GDP.MKTP.CD,2026-06-12
MEX,México,LATAM,2000-12-31,2000,A,pbi_per_capita,7524.0271380091,USD actuales,WB,World Bank,NY.GDP.PCAP.CD,2026-06-12
MEX,México,LATAM,2001-12-31,2001,A,pbi_per_capita,7952.76479510706,USD actuales,WB,World Bank,NY.GDP.PCAP.CD,2026-06-12
MEX,México,LATAM,2002-12-31,2002,A,pbi_per_capita,7983.03398381759,USD actuales,WB,World Bank,NY.GDP.PCAP.CD,2026-06-12
MEX,México,LATAM,2003-12-31,2003,A,pbi_per_capita,7434.0746485155,USD actuales,WB,World Bank,NY.GDP.PCAP.CD,2026-06-12
MEX,México,LATAM,2004-12-31,2004,A,pbi_per_capita,7849.66759649565,USD actuales,WB,World Bank,NY.GDP.PCAP.CD,2026-06-12
MEX,México,LATAM,2005-12-31,2005,A,pbi_per_capita,8671.75891885163,USD actuales,WB,World Bank,NY.GDP.PCAP.CD,2026-06-12
MEX,México,LATAM,2006-12-31,2006,A,pbi_per_capita,9512.63575346699,USD actuales,WB,World Bank,NY.GDP.PCAP.CD,2026-06-12
MEX,México,LATAM,2007-12-31,2007,A,pbi_per_capita,10134.3327138119,USD actuales,WB,World Bank,NY.GDP.PCAP.CD,2026-06-12
MEX,México,LATAM,2008-12-31,2008,A,pbi_per_capita,10523.7685403244,USD actuales,WB,World Bank,NY.GDP.PCAP.CD,2026-06-12
MEX,México,LATAM,2009-12-31,2009,A,pbi_per_capita,8423.56933214711,USD actuales,WB,World Bank,NY.GDP.PCAP.CD,2026-06-12
MEX,México,LATAM,2010-12-31,2010,A,pbi_per_capita,9728.80078377082,USD actuales,WB,World Bank,NY.GDP.PCAP.CD,2026-06-12
MEX,México,LATAM,2011-12-31,2011,A,pbi_per_capita,10664.4944032313,USD actuales,WB,World Bank,NY.GDP.PCAP.CD,2026-06-12
MEX,México,LATAM,2012-12-31,2012,A,pbi_per_capita,10744.1335242686,USD actuales,WB,World Bank,NY.GDP.PCAP.CD,2026-06-12
MEX,México,LATAM,2013-12-31,2013,A,pbi_per_capita,11216.8008505428,USD actuales,WB,World Bank,NY.GDP.PCAP.CD,2026-06-12
MEX,México,LATAM,2014-12-31,2014,A,pbi_per_capita,11391.3773497683,USD actuales,WB,World Bank,NY.GDP.PCAP.CD,2026-06-12
MEX,México,LATAM,2015-12-31,2015,A,pbi_per_capita,10021.2386118827,USD actuales,WB,World Bank,NY.GDP.PCAP.CD,2026-06-12
MEX,México,LATAM,2016-12-31,2016,A,pbi_per_capita,9097.92397674769,USD actuales,WB,World Bank,NY.GDP.PCAP.CD,2026-06-12
MEX,México,LATAM,2017-12-31,2017,A,pbi_per_capita,9649.27816772402,USD actuales,WB,World Bank,NY.GDP.PCAP.CD,2026-06-12
MEX,México,LATAM,2018-12-31,2018,A,pbi_per_capita,10084.7937562021,USD actuales,WB,World Bank,NY.GDP.PCAP.CD,2026-06-12
MEX,México,LATAM,2019-12-31,2019,A,pbi_per_capita,10369.5553585271,USD actuales,WB,World Bank,NY.GDP.PCAP.CD,2026-06-12
MEX,México,LATAM,2020-12-31,2020,A,pbi_per_capita,8841.27075039868,USD actuales,WB,World Bank,NY.GDP.PCAP.CD,2026-06-12
MEX,México,LATAM,2021-12-31,2021,A,pbi_per_capita,10314.0506722115,USD actuales,WB,World Bank,NY.GDP.PCAP.CD,2026-06-12
MEX,México,LATAM,2022-12-31,2022,A,pbi_per_capita,11405.7940473759,USD actuales,WB,World Bank,NY.GDP.PCAP.CD,2026-06-12
MEX,México,LATAM,2023-12-31,2023,A,pbi_per_capita,13860.9597809326,USD actuales,WB,World Bank,NY.GDP.PCAP.CD,2026-06-12
MEX,México,LATAM,2024-12-31,2024,A,pbi_per_capita,14185.7812248529,USD actuales,WB,World Bank,NY.GDP.PCAP.CD,2026-06-12
MEX,México,LATAM,2000-12-31,2000,A,poblacion,98625552.0,personas,WB,World Bank,SP.POP.TOTL,2026-06-12
MEX,México,LATAM,2001-12-31,2001,A,poblacion,100099099.0,personas,WB,World Bank,SP.POP.TOTL,2026-06-12
MEX,México,LATAM,2002-12-31,2002,A,poblacion,101548624.0,personas,WB,World Bank,SP.POP.TOTL,2026-06-12
MEX,México,LATAM,2003-12-31,2003,A,poblacion,102978515.0,personas,WB,World Bank,SP.POP.TOTL,2026-06-12
MEX,México,LATAM,2004-12-31,2004,A,poblacion,104394131.0,personas,WB,World Bank,SP.POP.TOTL,2026-06-12
MEX,México,LATAM,2005-12-31,2005,A,poblacion,105811504.0,personas,WB,World Bank,SP.POP.TOTL,2026-06-12
MEX,México,LATAM,2006-12-31,2006,A,poblacion,107253666.0,personas,WB,World Bank,SP.POP.TOTL,2026-06-12
MEX,México,LATAM,2007-12-31,2007,A,poblacion,108774360.0,personas,WB,World Bank,SP.POP.TOTL,2026-06-12
MEX,México,LATAM,2008-12-31,2008,A,poblacion,110374288.0,personas,WB,World Bank,SP.POP.TOTL,2026-06-12
MEX,México,LATAM,2009-12-31,2009,A,poblacion,111999721.0,personas,WB,World Bank,SP.POP.TOTL,2026-06-12
MEX,México,LATAM,2010-12-31,2010,A,poblacion,113623895.0,personas,WB,World Bank,SP.POP.TOTL,2026-06-12
MEX,México,LATAM,2011-12-31,2011,A,poblacion,115243504.0,personas,WB,World Bank,SP.POP.TOTL,2026-06-12
MEX,México,LATAM,2012-12-31,2012,A,poblacion,116818208.0,personas,WB,World Bank,SP.POP.TOTL,2026-06-12
MEX,México,LATAM,2013-12-31,2013,A,poblacion,118343573.0,personas,WB,World Bank,SP.POP.TOTL,2026-06-12
MEX,México,LATAM,2014-12-31,2014,A,poblacion,119784261.0,personas,WB,World Bank,SP.POP.TOTL,2026-06-12
MEX,México,LATAM,2015-12-31,2015,A,poblacion,121072306.0,personas,WB,World Bank,SP.POP.TOTL,2026-06-12
MEX,México,LATAM,2016-12-31,2016,A,poblacion,122251351.0,personas,WB,World Bank,SP.POP.TOTL,2026-06-12
MEX,México,LATAM,2017-12-31,2017,A,poblacion,123400057.0,personas,WB,World Bank,SP.POP.TOTL,2026-06-12
MEX,México,LATAM,2018-12-31,2018,A,poblacion,124573711.0,personas,WB,World Bank,SP.POP.TOTL,2026-06-12
MEX,México,LATAM,2019-12-31,2019,A,poblacion,125762982.0,personas,WB,World Bank,SP.POP.TOTL,2026-06-12
MEX,México,LATAM,2020-12-31,2020,A,poblacion,126799054.0,personas,WB,World Bank,SP.POP.TOTL,2026-06-12
MEX,México,LATAM,2021-12-31,2021,A,poblacion,127648148.0,personas,WB,World Bank,SP.POP.TOTL,2026-06-12
MEX,México,LATAM,2022-12-31,2022,A,poblacion,128613117.0,personas,WB,World Bank,SP.POP.TOTL,2026-06-12
MEX,México,LATAM,2023-12-31,2023,A,poblacion,129739759.0,personas,WB,World Bank,SP.POP.TOTL,2026-06-12
MEX,México,LATAM,2024-12-31,2024,A,poblacion,130861007.0,personas,WB,World Bank,SP.POP.TOTL,2026-06-12
MEX,México,LATAM,2000-12-31,2000,A,servicios_pbi,58.0223867389803,% PBI,WB,World Bank,NV.SRV.TOTL.ZS,2026-06-12
MEX,México,LATAM,2001-12-31,2001,A,servicios_pbi,58.7431527357698,% PBI,WB,World Bank,NV.SRV.TOTL.ZS,2026-06-12
MEX,México,LATAM,2002-12-31,2002,A,servicios_pbi,59.1238892356495,% PBI,WB,World Bank,NV.SRV.TOTL.ZS,2026-06-12
MEX,México,LATAM,2003-12-31,2003,A,servicios_pbi,60.5312030385874,% PBI,WB,World Bank,NV.SRV.TOTL.ZS,2026-06-12
MEX,México,LATAM,2004-12-31,2004,A,servicios_pbi,59.5869309292277,% PBI,WB,World Bank,NV.SRV.TOTL.ZS,2026-06-12
MEX,México,LATAM,2005-12-31,2005,A,servicios_pbi,60.0439876595723,% PBI,WB,World Bank,NV.SRV.TOTL.ZS,2026-06-12
MEX,México,LATAM,2006-12-31,2006,A,servicios_pbi,59.0671808513914,% PBI,WB,World Bank,NV.SRV.TOTL.ZS,2026-06-12
MEX,México,LATAM,2007-12-31,2007,A,servicios_pbi,59.303362048211,% PBI,WB,World Bank,NV.SRV.TOTL.ZS,2026-06-12
MEX,México,LATAM,2008-12-31,2008,A,servicios_pbi,59.6814143877222,% PBI,WB,World Bank,NV.SRV.TOTL.ZS,2026-06-12
MEX,México,LATAM,2009-12-31,2009,A,servicios_pbi,60.9462035455162,% PBI,WB,World Bank,NV.SRV.TOTL.ZS,2026-06-12
MEX,México,LATAM,2010-12-31,2010,A,servicios_pbi,60.4783490503534,% PBI,WB,World Bank,NV.SRV.TOTL.ZS,2026-06-12
MEX,México,LATAM,2011-12-31,2011,A,servicios_pbi,59.8866488342752,% PBI,WB,World Bank,NV.SRV.TOTL.ZS,2026-06-12
MEX,México,LATAM,2012-12-31,2012,A,servicios_pbi,59.9372072773832,% PBI,WB,World Bank,NV.SRV.TOTL.ZS,2026-06-12
MEX,México,LATAM,2013-12-31,2013,A,servicios_pbi,61.0665777215901,% PBI,WB,World Bank,NV.SRV.TOTL.ZS,2026-06-12
MEX,México,LATAM,2014-12-31,2014,A,servicios_pbi,60.078270567972,% PBI,WB,World Bank,NV.SRV.TOTL.ZS,2026-06-12
MEX,México,LATAM,2015-12-31,2015,A,servicios_pbi,60.5061359736518,% PBI,WB,World Bank,NV.SRV.TOTL.ZS,2026-06-12
MEX,México,LATAM,2016-12-31,2016,A,servicios_pbi,60.0750683879945,% PBI,WB,World Bank,NV.SRV.TOTL.ZS,2026-06-12
MEX,México,LATAM,2017-12-31,2017,A,servicios_pbi,59.3653310273766,% PBI,WB,World Bank,NV.SRV.TOTL.ZS,2026-06-12
MEX,México,LATAM,2018-12-31,2018,A,servicios_pbi,59.2695792093443,% PBI,WB,World Bank,NV.SRV.TOTL.ZS,2026-06-12
MEX,México,LATAM,2019-12-31,2019,A,servicios_pbi,59.1556030063002,% PBI,WB,World Bank,NV.SRV.TOTL.ZS,2026-06-12
MEX,México,LATAM,2020-12-31,2020,A,servicios_pbi,59.1896498577258,% PBI,WB,World Bank,NV.SRV.TOTL.ZS,2026-06-12
MEX,México,LATAM,2021-12-31,2021,A,servicios_pbi,58.3256995124848,% PBI,WB,World Bank,NV.SRV.TOTL.ZS,2026-06-12
MEX,México,LATAM,2022-12-31,2022,A,servicios_pbi,58.1306222617617,% PBI,WB,World Bank,NV.SRV.TOTL.ZS,2026-06-12
MEX,México,LATAM,2023-12-31,2023,A,servicios_pbi,57.5637379012085,% PBI,WB,World Bank,NV.SRV.TOTL.ZS,2026-06-12
MEX,México,LATAM,2024-12-31,2024,A,servicios_pbi,58.1037604498508,% PBI,WB,World Bank,NV.SRV.TOTL.ZS,2026-06-12
PER,Perú,LATAM,2000-12-31,2000,A,agro_pbi,8.06937491693616,% PBI,WB,World Bank,NV.AGR.TOTL.ZS,2026-06-12
PER,Perú,LATAM,2001-12-31,2001,A,agro_pbi,7.89362669632438,% PBI,WB,World Bank,NV.AGR.TOTL.ZS,2026-06-12
PER,Perú,LATAM,2002-12-31,2002,A,agro_pbi,7.52396323647705,% PBI,WB,World Bank,NV.AGR.TOTL.ZS,2026-06-12
PER,Perú,LATAM,2003-12-31,2003,A,agro_pbi,7.31291934402482,% PBI,WB,World Bank,NV.AGR.TOTL.ZS,2026-06-12
PER,Perú,LATAM,2004-12-31,2004,A,agro_pbi,6.93443306205717,% PBI,WB,World Bank,NV.AGR.TOTL.ZS,2026-06-12
PER,Perú,LATAM,2005-12-31,2005,A,agro_pbi,6.85426462318893,% PBI,WB,World Bank,NV.AGR.TOTL.ZS,2026-06-12
PER,Perú,LATAM,2006-12-31,2006,A,agro_pbi,6.60348433016044,% PBI,WB,World Bank,NV.AGR.TOTL.ZS,2026-06-12
PER,Perú,LATAM,2007-12-31,2007,A,agro_pbi,6.70580838491928,% PBI,WB,World Bank,NV.AGR.TOTL.ZS,2026-06-12
PER,Perú,LATAM,2008-12-31,2008,A,agro_pbi,7.16094114578461,% PBI,WB,World Bank,NV.AGR.TOTL.ZS,2026-06-12
PER,Perú,LATAM,2009-12-31,2009,A,agro_pbi,7.40390665571257,% PBI,WB,World Bank,NV.AGR.TOTL.ZS,2026-06-12
PER,Perú,LATAM,2010-12-31,2010,A,agro_pbi,6.82799723597835,% PBI,WB,World Bank,NV.AGR.TOTL.ZS,2026-06-12
PER,Perú,LATAM,2011-12-31,2011,A,agro_pbi,7.10011013658205,% PBI,WB,World Bank,NV.AGR.TOTL.ZS,2026-06-12
PER,Perú,LATAM,2012-12-31,2012,A,agro_pbi,6.72523424077649,% PBI,WB,World Bank,NV.AGR.TOTL.ZS,2026-06-12
PER,Perú,LATAM,2013-12-31,2013,A,agro_pbi,6.66831016491401,% PBI,WB,World Bank,NV.AGR.TOTL.ZS,2026-06-12
PER,Perú,LATAM,2014-12-31,2014,A,agro_pbi,6.80424741378252,% PBI,WB,World Bank,NV.AGR.TOTL.ZS,2026-06-12
PER,Perú,LATAM,2015-12-31,2015,A,agro_pbi,7.04564405972046,% PBI,WB,World Bank,NV.AGR.TOTL.ZS,2026-06-12
PER,Perú,LATAM,2016-12-31,2016,A,agro_pbi,6.93503461650105,% PBI,WB,World Bank,NV.AGR.TOTL.ZS,2026-06-12
PER,Perú,LATAM,2017-12-31,2017,A,agro_pbi,6.77975956010925,% PBI,WB,World Bank,NV.AGR.TOTL.ZS,2026-06-12
PER,Perú,LATAM,2018-12-31,2018,A,agro_pbi,6.88584285144097,% PBI,WB,World Bank,NV.AGR.TOTL.ZS,2026-06-12
PER,Perú,LATAM,2019-12-31,2019,A,agro_pbi,6.85303103477238,% PBI,WB,World Bank,NV.AGR.TOTL.ZS,2026-06-12
PER,Perú,LATAM,2020-12-31,2020,A,agro_pbi,7.7158463734968,% PBI,WB,World Bank,NV.AGR.TOTL.ZS,2026-06-12
PER,Perú,LATAM,2021-12-31,2021,A,agro_pbi,7.12266347558469,% PBI,WB,World Bank,NV.AGR.TOTL.ZS,2026-06-12
PER,Perú,LATAM,2022-12-31,2022,A,agro_pbi,7.17416229206978,% PBI,WB,World Bank,NV.AGR.TOTL.ZS,2026-06-12
PER,Perú,LATAM,2023-12-31,2023,A,agro_pbi,7.24050399871129,% PBI,WB,World Bank,NV.AGR.TOTL.ZS,2026-06-12
PER,Perú,LATAM,2024-12-31,2024,A,agro_pbi,7.3374218616047,% PBI,WB,World Bank,NV.AGR.TOTL.ZS,2026-06-12
PER,Perú,LATAM,2000-12-31,2000,A,crecimiento_pbi,2.69437139806912,% anual,WB,World Bank,NY.GDP.MKTP.KD.ZG,2026-06-12
PER,Perú,LATAM,2001-12-31,2001,A,crecimiento_pbi,0.617892325624297,% anual,WB,World Bank,NY.GDP.MKTP.KD.ZG,2026-06-12
PER,Perú,LATAM,2002-12-31,2002,A,crecimiento_pbi,5.45352893818767,% anual,WB,World Bank,NY.GDP.MKTP.KD.ZG,2026-06-12
PER,Perú,LATAM,2003-12-31,2003,A,crecimiento_pbi,4.16502313666112,% anual,WB,World Bank,NY.GDP.MKTP.KD.ZG,2026-06-12
PER,Perú,LATAM,2004-12-31,2004,A,crecimiento_pbi,4.95820320611745,% anual,WB,World Bank,NY.GDP.MKTP.KD.ZG,2026-06-12
PER,Perú,LATAM,2005-12-31,2005,A,crecimiento_pbi,6.28506032509601,% anual,WB,World Bank,NY.GDP.MKTP.KD.ZG,2026-06-12
PER,Perú,LATAM,2006-12-31,2006,A,crecimiento_pbi,7.5288990440594,% anual,WB,World Bank,NY.GDP.MKTP.KD.ZG,2026-06-12
PER,Perú,LATAM,2007-12-31,2007,A,crecimiento_pbi,8.5183877690955,% anual,WB,World Bank,NY.GDP.MKTP.KD.ZG,2026-06-12
PER,Perú,LATAM,2008-12-31,2008,A,crecimiento_pbi,9.1265683014642,% anual,WB,World Bank,NY.GDP.MKTP.KD.ZG,2026-06-12
PER,Perú,LATAM,2009-12-31,2009,A,crecimiento_pbi,1.0958236592427,% anual,WB,World Bank,NY.GDP.MKTP.KD.ZG,2026-06-12
PER,Perú,LATAM,2010-12-31,2010,A,crecimiento_pbi,8.33245910749577,% anual,WB,World Bank,NY.GDP.MKTP.KD.ZG,2026-06-12
PER,Perú,LATAM,2011-12-31,2011,A,crecimiento_pbi,6.32719240161117,% anual,WB,World Bank,NY.GDP.MKTP.KD.ZG,2026-06-12
PER,Perú,LATAM,2012-12-31,2012,A,crecimiento_pbi,6.13972470560435,% anual,WB,World Bank,NY.GDP.MKTP.KD.ZG,2026-06-12
PER,Perú,LATAM,2013-12-31,2013,A,crecimiento_pbi,5.85251821084928,% anual,WB,World Bank,NY.GDP.MKTP.KD.ZG,2026-06-12
PER,Perú,LATAM,2014-12-31,2014,A,crecimiento_pbi,2.38215737180541,% anual,WB,World Bank,NY.GDP.MKTP.KD.ZG,2026-06-12
PER,Perú,LATAM,2015-12-31,2015,A,crecimiento_pbi,3.25224477218451,% anual,WB,World Bank,NY.GDP.MKTP.KD.ZG,2026-06-12
PER,Perú,LATAM,2016-12-31,2016,A,crecimiento_pbi,3.95331871520767,% anual,WB,World Bank,NY.GDP.MKTP.KD.ZG,2026-06-12
PER,Perú,LATAM,2017-12-31,2017,A,crecimiento_pbi,2.51883544233135,% anual,WB,World Bank,NY.GDP.MKTP.KD.ZG,2026-06-12
PER,Perú,LATAM,2018-12-31,2018,A,crecimiento_pbi,3.969351341365,% anual,WB,World Bank,NY.GDP.MKTP.KD.ZG,2026-06-12
PER,Perú,LATAM,2019-12-31,2019,A,crecimiento_pbi,2.24063176875049,% anual,WB,World Bank,NY.GDP.MKTP.KD.ZG,2026-06-12
PER,Perú,LATAM,2020-12-31,2020,A,crecimiento_pbi,-10.9333065010382,% anual,WB,World Bank,NY.GDP.MKTP.KD.ZG,2026-06-12
PER,Perú,LATAM,2021-12-31,2021,A,crecimiento_pbi,13.3626240903125,% anual,WB,World Bank,NY.GDP.MKTP.KD.ZG,2026-06-12
PER,Perú,LATAM,2022-12-31,2022,A,crecimiento_pbi,2.8090335533015,% anual,WB,World Bank,NY.GDP.MKTP.KD.ZG,2026-06-12
PER,Perú,LATAM,2023-12-31,2023,A,crecimiento_pbi,-0.403242151494268,% anual,WB,World Bank,NY.GDP.MKTP.KD.ZG,2026-06-12
PER,Perú,LATAM,2024-12-31,2024,A,crecimiento_pbi,3.30394098171516,% anual,WB,World Bank,NY.GDP.MKTP.KD.ZG,2026-06-12
PER,Perú,LATAM,2000-12-31,2000,A,desempleo,4.959,% población activa,WB,World Bank,SL.UEM.TOTL.ZS,2026-06-12
PER,Perú,LATAM,2001-12-31,2001,A,desempleo,5.068,% población activa,WB,World Bank,SL.UEM.TOTL.ZS,2026-06-12
PER,Perú,LATAM,2002-12-31,2002,A,desempleo,4.84,% población activa,WB,World Bank,SL.UEM.TOTL.ZS,2026-06-12
PER,Perú,LATAM,2003-12-31,2003,A,desempleo,4.15,% población activa,WB,World Bank,SL.UEM.TOTL.ZS,2026-06-12
PER,Perú,LATAM,2004-12-31,2004,A,desempleo,4.71,% población activa,WB,World Bank,SL.UEM.TOTL.ZS,2026-06-12
PER,Perú,LATAM,2005-12-31,2005,A,desempleo,4.87,% población activa,WB,World Bank,SL.UEM.TOTL.ZS,2026-06-12
PER,Perú,LATAM,2006-12-31,2006,A,desempleo,4.17,% población activa,WB,World Bank,SL.UEM.TOTL.ZS,2026-06-12
PER,Perú,LATAM,2007-12-31,2007,A,desempleo,4.08,% población activa,WB,World Bank,SL.UEM.TOTL.ZS,2026-06-12
PER,Perú,LATAM,2008-12-31,2008,A,desempleo,4.03,% población activa,WB,World Bank,SL.UEM.TOTL.ZS,2026-06-12
PER,Perú,LATAM,2009-12-31,2009,A,desempleo,3.96,% población activa,WB,World Bank,SL.UEM.TOTL.ZS,2026-06-12
PER,Perú,LATAM,2010-12-31,2010,A,desempleo,3.6,% población activa,WB,World Bank,SL.UEM.TOTL.ZS,2026-06-12
PER,Perú,LATAM,2011-12-31,2011,A,desempleo,3.477,% población activa,WB,World Bank,SL.UEM.TOTL.ZS,2026-06-12
PER,Perú,LATAM,2012-12-31,2012,A,desempleo,3.238,% población activa,WB,World Bank,SL.UEM.TOTL.ZS,2026-06-12
PER,Perú,LATAM,2013-12-31,2013,A,desempleo,3.575,% población activa,WB,World Bank,SL.UEM.TOTL.ZS,2026-06-12
PER,Perú,LATAM,2014-12-31,2014,A,desempleo,3.208,% población activa,WB,World Bank,SL.UEM.TOTL.ZS,2026-06-12
PER,Perú,LATAM,2015-12-31,2015,A,desempleo,3.272,% población activa,WB,World Bank,SL.UEM.TOTL.ZS,2026-06-12
PER,Perú,LATAM,2016-12-31,2016,A,desempleo,3.741,% población activa,WB,World Bank,SL.UEM.TOTL.ZS,2026-06-12
PER,Perú,LATAM,2017-12-31,2017,A,desempleo,3.691,% población activa,WB,World Bank,SL.UEM.TOTL.ZS,2026-06-12
PER,Perú,LATAM,2018-12-31,2018,A,desempleo,3.492,% población activa,WB,World Bank,SL.UEM.TOTL.ZS,2026-06-12
PER,Perú,LATAM,2019-12-31,2019,A,desempleo,3.379,% población activa,WB,World Bank,SL.UEM.TOTL.ZS,2026-06-12
PER,Perú,LATAM,2020-12-31,2020,A,desempleo,7.179,% población activa,WB,World Bank,SL.UEM.TOTL.ZS,2026-06-12
PER,Perú,LATAM,2021-12-31,2021,A,desempleo,5.097,% población activa,WB,World Bank,SL.UEM.TOTL.ZS,2026-06-12
PER,Perú,LATAM,2022-12-31,2022,A,desempleo,4.291,% población activa,WB,World Bank,SL.UEM.TOTL.ZS,2026-06-12
PER,Perú,LATAM,2023-12-31,2023,A,desempleo,4.899,% población activa,WB,World Bank,SL.UEM.TOTL.ZS,2026-06-12
PER,Perú,LATAM,2024-12-31,2024,A,desempleo,5.199,% población activa,WB,World Bank,SL.UEM.TOTL.ZS,2026-06-12
PER,Perú,LATAM,2025-12-31,2025,A,desempleo,5.117,% población activa,WB,World Bank,SL.UEM.TOTL.ZS,2026-06-12
PER,Perú,LATAM,2000-12-31,2000,A,exportaciones_pbi,16.7683737208169,% PBI,WB,World Bank,NE.EXP.GNFS.ZS,2026-06-12
PER,Perú,LATAM,2001-12-31,2001,A,exportaciones_pbi,16.6013795219337,% PBI,WB,World Bank,NE.EXP.GNFS.ZS,2026-06-12
PER,Perú,LATAM,2002-12-31,2002,A,exportaciones_pbi,17.2748078529874,% PBI,WB,World Bank,NE.EXP.GNFS.ZS,2026-06-12
PER,Perú,LATAM,2003-12-31,2003,A,exportaciones_pbi,19.0146669472489,% PBI,WB,World Bank,NE.EXP.GNFS.ZS,2026-06-12
PER,Perú,LATAM,2004-12-31,2004,A,exportaciones_pbi,22.91223375085,% PBI,WB,World Bank,NE.EXP.GNFS.ZS,2026-06-12
PER,Perú,LATAM,2005-12-31,2005,A,exportaciones_pbi,26.8487611117093,% PBI,WB,World Bank,NE.EXP.GNFS.ZS,2026-06-12
PER,Perú,LATAM,2006-12-31,2006,A,exportaciones_pbi,30.536636453521,% PBI,WB,World Bank,NE.EXP.GNFS.ZS,2026-06-12
PER,Perú,LATAM,2007-12-31,2007,A,exportaciones_pbi,31.5221165305465,% PBI,WB,World Bank,NE.EXP.GNFS.ZS,2026-06-12
PER,Perú,LATAM,2008-12-31,2008,A,exportaciones_pbi,29.7276302098838,% PBI,WB,World Bank,NE.EXP.GNFS.ZS,2026-06-12
PER,Perú,LATAM,2009-12-31,2009,A,exportaciones_pbi,26.4420527390278,% PBI,WB,World Bank,NE.EXP.GNFS.ZS,2026-06-12
PER,Perú,LATAM,2010-12-31,2010,A,exportaciones_pbi,27.8261641521747,% PBI,WB,World Bank,NE.EXP.GNFS.ZS,2026-06-12
PER,Perú,LATAM,2011-12-31,2011,A,exportaciones_pbi,30.5027597563889,% PBI,WB,World Bank,NE.EXP.GNFS.ZS,2026-06-12
PER,Perú,LATAM,2012-12-31,2012,A,exportaciones_pbi,27.4496143710972,% PBI,WB,World Bank,NE.EXP.GNFS.ZS,2026-06-12
PER,Perú,LATAM,2013-12-31,2013,A,exportaciones_pbi,24.8082994208508,% PBI,WB,World Bank,NE.EXP.GNFS.ZS,2026-06-12
PER,Perú,LATAM,2014-12-31,2014,A,exportaciones_pbi,22.6069703758151,% PBI,WB,World Bank,NE.EXP.GNFS.ZS,2026-06-12
PER,Perú,LATAM,2015-12-31,2015,A,exportaciones_pbi,21.2873252858958,% PBI,WB,World Bank,NE.EXP.GNFS.ZS,2026-06-12
PER,Perú,LATAM,2016-12-31,2016,A,exportaciones_pbi,22.6003137409908,% PBI,WB,World Bank,NE.EXP.GNFS.ZS,2026-06-12
PER,Perú,LATAM,2017-12-31,2017,A,exportaciones_pbi,24.7198719746973,% PBI,WB,World Bank,NE.EXP.GNFS.ZS,2026-06-12
PER,Perú,LATAM,2018-12-31,2018,A,exportaciones_pbi,25.1921846722472,% PBI,WB,World Bank,NE.EXP.GNFS.ZS,2026-06-12
PER,Perú,LATAM,2019-12-31,2019,A,exportaciones_pbi,24.0390874349068,% PBI,WB,World Bank,NE.EXP.GNFS.ZS,2026-06-12
PER,Perú,LATAM,2020-12-31,2020,A,exportaciones_pbi,23.0114431429931,% PBI,WB,World Bank,NE.EXP.GNFS.ZS,2026-06-12
PER,Perú,LATAM,2021-12-31,2021,A,exportaciones_pbi,29.2358595939113,% PBI,WB,World Bank,NE.EXP.GNFS.ZS,2026-06-12
PER,Perú,LATAM,2022-12-31,2022,A,exportaciones_pbi,28.8318607701975,% PBI,WB,World Bank,NE.EXP.GNFS.ZS,2026-06-12
PER,Perú,LATAM,2023-12-31,2023,A,exportaciones_pbi,27.1353058241207,% PBI,WB,World Bank,NE.EXP.GNFS.ZS,2026-06-12
PER,Perú,LATAM,2024-12-31,2024,A,exportaciones_pbi,28.5375908827221,% PBI,WB,World Bank,NE.EXP.GNFS.ZS,2026-06-12
PER,Perú,LATAM,2000-12-31,2000,A,importaciones_pbi,18.7696584415009,% PBI,WB,World Bank,NE.IMP.GNFS.ZS,2026-06-12
PER,Perú,LATAM,2001-12-31,2001,A,importaciones_pbi,18.4630219090874,% PBI,WB,World Bank,NE.IMP.GNFS.ZS,2026-06-12
PER,Perú,LATAM,2002-12-31,2002,A,importaciones_pbi,17.9743734787821,% PBI,WB,World Bank,NE.IMP.GNFS.ZS,2026-06-12
PER,Perú,LATAM,2003-12-31,2003,A,importaciones_pbi,18.6099433778513,% PBI,WB,World Bank,NE.IMP.GNFS.ZS,2026-06-12
PER,Perú,LATAM,2004-12-31,2004,A,importaciones_pbi,19.0238445170772,% PBI,WB,World Bank,NE.IMP.GNFS.ZS,2026-06-12
PER,Perú,LATAM,2005-12-31,2005,A,importaciones_pbi,20.5085563651301,% PBI,WB,World Bank,NE.IMP.GNFS.ZS,2026-06-12
PER,Perú,LATAM,2006-12-31,2006,A,importaciones_pbi,21.2484195803232,% PBI,WB,World Bank,NE.IMP.GNFS.ZS,2026-06-12
PER,Perú,LATAM,2007-12-31,2007,A,importaciones_pbi,24.165996753135,% PBI,WB,World Bank,NE.IMP.GNFS.ZS,2026-06-12
PER,Perú,LATAM,2008-12-31,2008,A,importaciones_pbi,28.7061371800215,% PBI,WB,World Bank,NE.IMP.GNFS.ZS,2026-06-12
PER,Perú,LATAM,2009-12-31,2009,A,importaciones_pbi,21.669876876324,% PBI,WB,World Bank,NE.IMP.GNFS.ZS,2026-06-12
PER,Perú,LATAM,2010-12-31,2010,A,importaciones_pbi,23.8466447848286,% PBI,WB,World Bank,NE.IMP.GNFS.ZS,2026-06-12
PER,Perú,LATAM,2011-12-31,2011,A,importaciones_pbi,25.4855205274718,% PBI,WB,World Bank,NE.IMP.GNFS.ZS,2026-06-12
PER,Perú,LATAM,2012-12-31,2012,A,importaciones_pbi,25.1702808921321,% PBI,WB,World Bank,NE.IMP.GNFS.ZS,2026-06-12
PER,Perú,LATAM,2013-12-31,2013,A,importaciones_pbi,24.9788430262935,% PBI,WB,World Bank,NE.IMP.GNFS.ZS,2026-06-12
PER,Perú,LATAM,2014-12-31,2014,A,importaciones_pbi,24.2461507154749,% PBI,WB,World Bank,NE.IMP.GNFS.ZS,2026-06-12
PER,Perú,LATAM,2015-12-31,2015,A,importaciones_pbi,23.875443403219,% PBI,WB,World Bank,NE.IMP.GNFS.ZS,2026-06-12
PER,Perú,LATAM,2016-12-31,2016,A,importaciones_pbi,22.7885274554247,% PBI,WB,World Bank,NE.IMP.GNFS.ZS,2026-06-12
PER,Perú,LATAM,2017-12-31,2017,A,importaciones_pbi,22.7936783872998,% PBI,WB,World Bank,NE.IMP.GNFS.ZS,2026-06-12
PER,Perú,LATAM,2018-12-31,2018,A,importaciones_pbi,23.4392854994888,% PBI,WB,World Bank,NE.IMP.GNFS.ZS,2026-06-12
PER,Perú,LATAM,2019-12-31,2019,A,importaciones_pbi,22.9044179405342,% PBI,WB,World Bank,NE.IMP.GNFS.ZS,2026-06-12
PER,Perú,LATAM,2020-12-31,2020,A,importaciones_pbi,21.2345240547509,% PBI,WB,World Bank,NE.IMP.GNFS.ZS,2026-06-12
PER,Perú,LATAM,2021-12-31,2021,A,importaciones_pbi,26.1913897716107,% PBI,WB,World Bank,NE.IMP.GNFS.ZS,2026-06-12
PER,Perú,LATAM,2022-12-31,2022,A,importaciones_pbi,28.4651151947746,% PBI,WB,World Bank,NE.IMP.GNFS.ZS,2026-06-12
PER,Perú,LATAM,2023-12-31,2023,A,importaciones_pbi,23.6498783827457,% PBI,WB,World Bank,NE.IMP.GNFS.ZS,2026-06-12
PER,Perú,LATAM,2024-12-31,2024,A,importaciones_pbi,22.9382969845426,% PBI,WB,World Bank,NE.IMP.GNFS.ZS,2026-06-12
PER,Perú,LATAM,2000-12-31,2000,A,industria_pbi,29.0341336995526,% PBI,WB,World Bank,NV.IND.TOTL.ZS,2026-06-12
PER,Perú,LATAM,2001-12-31,2001,A,industria_pbi,29.0351564426085,% PBI,WB,World Bank,NV.IND.TOTL.ZS,2026-06-12
PER,Perú,LATAM,2002-12-31,2002,A,industria_pbi,29.4440321551084,% PBI,WB,World Bank,NV.IND.TOTL.ZS,2026-06-12
PER,Perú,LATAM,2003-12-31,2003,A,industria_pbi,29.8893494570244,% PBI,WB,World Bank,NV.IND.TOTL.ZS,2026-06-12
PER,Perú,LATAM,2004-12-31,2004,A,industria_pbi,32.6500976155483,% PBI,WB,World Bank,NV.IND.TOTL.ZS,2026-06-12
PER,Perú,LATAM,2005-12-31,2005,A,industria_pbi,34.3566674243965,% PBI,WB,World Bank,NV.IND.TOTL.ZS,2026-06-12
PER,Perú,LATAM,2006-12-31,2006,A,industria_pbi,37.4577549944707,% PBI,WB,World Bank,NV.IND.TOTL.ZS,2026-06-12
PER,Perú,LATAM,2007-12-31,2007,A,industria_pbi,37.6989799588981,% PBI,WB,World Bank,NV.IND.TOTL.ZS,2026-06-12
PER,Perú,LATAM,2008-12-31,2008,A,industria_pbi,36.3269344719167,% PBI,WB,World Bank,NV.IND.TOTL.ZS,2026-06-12
PER,Perú,LATAM,2009-12-31,2009,A,industria_pbi,33.551682543695,% PBI,WB,World Bank,NV.IND.TOTL.ZS,2026-06-12
PER,Perú,LATAM,2010-12-31,2010,A,industria_pbi,35.7720066029406,% PBI,WB,World Bank,NV.IND.TOTL.ZS,2026-06-12
PER,Perú,LATAM,2011-12-31,2011,A,industria_pbi,37.2361002771383,% PBI,WB,World Bank,NV.IND.TOTL.ZS,2026-06-12
PER,Perú,LATAM,2012-12-31,2012,A,industria_pbi,35.5335533553355,% PBI,WB,World Bank,NV.IND.TOTL.ZS,2026-06-12
PER,Perú,LATAM,2013-12-31,2013,A,industria_pbi,33.8594367461678,% PBI,WB,World Bank,NV.IND.TOTL.ZS,2026-06-12
PER,Perú,LATAM,2014-12-31,2014,A,industria_pbi,31.701403934103,% PBI,WB,World Bank,NV.IND.TOTL.ZS,2026-06-12
PER,Perú,LATAM,2015-12-31,2015,A,industria_pbi,30.3378798708175,% PBI,WB,World Bank,NV.IND.TOTL.ZS,2026-06-12
PER,Perú,LATAM,2016-12-31,2016,A,industria_pbi,30.5565505783828,% PBI,WB,World Bank,NV.IND.TOTL.ZS,2026-06-12
PER,Perú,LATAM,2017-12-31,2017,A,industria_pbi,31.2978841231473,% PBI,WB,World Bank,NV.IND.TOTL.ZS,2026-06-12
PER,Perú,LATAM,2018-12-31,2018,A,industria_pbi,31.6240835005495,% PBI,WB,World Bank,NV.IND.TOTL.ZS,2026-06-12
PER,Perú,LATAM,2019-12-31,2019,A,industria_pbi,30.4491957836385,% PBI,WB,World Bank,NV.IND.TOTL.ZS,2026-06-12
PER,Perú,LATAM,2020-12-31,2020,A,industria_pbi,30.3192857092121,% PBI,WB,World Bank,NV.IND.TOTL.ZS,2026-06-12
PER,Perú,LATAM,2021-12-31,2021,A,industria_pbi,35.7383343144165,% PBI,WB,World Bank,NV.IND.TOTL.ZS,2026-06-12
PER,Perú,LATAM,2022-12-31,2022,A,industria_pbi,34.9314299156729,% PBI,WB,World Bank,NV.IND.TOTL.ZS,2026-06-12
PER,Perú,LATAM,2023-12-31,2023,A,industria_pbi,33.9694851252743,% PBI,WB,World Bank,NV.IND.TOTL.ZS,2026-06-12
PER,Perú,LATAM,2024-12-31,2024,A,industria_pbi,33.9723838777869,% PBI,WB,World Bank,NV.IND.TOTL.ZS,2026-06-12
PER,Perú,LATAM,2000-12-31,2000,A,inflacion,3.75733833344474,% anual,WB,World Bank,FP.CPI.TOTL.ZG,2026-06-12
PER,Perú,LATAM,2001-12-31,2001,A,inflacion,1.97709878502053,% anual,WB,World Bank,FP.CPI.TOTL.ZG,2026-06-12
PER,Perú,LATAM,2002-12-31,2002,A,inflacion,0.193135003853722,% anual,WB,World Bank,FP.CPI.TOTL.ZG,2026-06-12
PER,Perú,LATAM,2003-12-31,2003,A,inflacion,2.25937753363072,% anual,WB,World Bank,FP.CPI.TOTL.ZG,2026-06-12
PER,Perú,LATAM,2004-12-31,2004,A,inflacion,3.66247320092233,% anual,WB,World Bank,FP.CPI.TOTL.ZG,2026-06-12
PER,Perú,LATAM,2005-12-31,2005,A,inflacion,1.61630193862544,% anual,WB,World Bank,FP.CPI.TOTL.ZG,2026-06-12
PER,Perú,LATAM,2006-12-31,2006,A,inflacion,2.00225801248819,% anual,WB,World Bank,FP.CPI.TOTL.ZG,2026-06-12
PER,Perú,LATAM,2007-12-31,2007,A,inflacion,1.77998644680372,% anual,WB,World Bank,FP.CPI.TOTL.ZG,2026-06-12
PER,Perú,LATAM,2008-12-31,2008,A,inflacion,5.78587598206755,% anual,WB,World Bank,FP.CPI.TOTL.ZG,2026-06-12
PER,Perú,LATAM,2009-12-31,2009,A,inflacion,2.936231535967,% anual,WB,World Bank,FP.CPI.TOTL.ZG,2026-06-12
PER,Perú,LATAM,2010-12-31,2010,A,inflacion,1.52832059732901,% anual,WB,World Bank,FP.CPI.TOTL.ZG,2026-06-12
PER,Perú,LATAM,2011-12-31,2011,A,inflacion,3.36931095333853,% anual,WB,World Bank,FP.CPI.TOTL.ZG,2026-06-12
PER,Perú,LATAM,2012-12-31,2012,A,inflacion,3.61121294940163,% anual,WB,World Bank,FP.CPI.TOTL.ZG,2026-06-12
PER,Perú,LATAM,2013-12-31,2013,A,inflacion,2.76789666082002,% anual,WB,World Bank,FP.CPI.TOTL.ZG,2026-06-12
PER,Perú,LATAM,2014-12-31,2014,A,inflacion,3.41194579807465,% anual,WB,World Bank,FP.CPI.TOTL.ZG,2026-06-12
PER,Perú,LATAM,2015-12-31,2015,A,inflacion,3.39809194746308,% anual,WB,World Bank,FP.CPI.TOTL.ZG,2026-06-12
PER,Perú,LATAM,2016-12-31,2016,A,inflacion,3.55717663556279,% anual,WB,World Bank,FP.CPI.TOTL.ZG,2026-06-12
PER,Perú,LATAM,2017-12-31,2017,A,inflacion,2.99490045809443,% anual,WB,World Bank,FP.CPI.TOTL.ZG,2026-06-12
PER,Perú,LATAM,2018-12-31,2018,A,inflacion,1.50915423024742,% anual,WB,World Bank,FP.CPI.TOTL.ZG,2026-06-12
PER,Perú,LATAM,2019-12-31,2019,A,inflacion,2.25212191358027,% anual,WB,World Bank,FP.CPI.TOTL.ZG,2026-06-12
PER,Perú,LATAM,2020-12-31,2020,A,inflacion,2.00241205759292,% anual,WB,World Bank,FP.CPI.TOTL.ZG,2026-06-12
PER,Perú,LATAM,2021-12-31,2021,A,inflacion,4.27166381536798,% anual,WB,World Bank,FP.CPI.TOTL.ZG,2026-06-12
PER,Perú,LATAM,2022-12-31,2022,A,inflacion,8.33370630096231,% anual,WB,World Bank,FP.CPI.TOTL.ZG,2026-06-12
PER,Perú,LATAM,2023-12-31,2023,A,inflacion,6.45561348369586,% anual,WB,World Bank,FP.CPI.TOTL.ZG,2026-06-12
PER,Perú,LATAM,2024-12-31,2024,A,inflacion,2.00770739412712,% anual,WB,World Bank,FP.CPI.TOTL.ZG,2026-06-12
PER,Perú,LATAM,2000-12-31,2000,A,inversion_pbi,19.6279847605546,% PBI,WB,World Bank,NE.GDI.TOTL.ZS,2026-06-12
PER,Perú,LATAM,2001-12-31,2001,A,inversion_pbi,18.1595051690983,% PBI,WB,World Bank,NE.GDI.TOTL.ZS,2026-06-12
PER,Perú,LATAM,2002-12-31,2002,A,inversion_pbi,17.9681458916088,% PBI,WB,World Bank,NE.GDI.TOTL.ZS,2026-06-12
PER,Perú,LATAM,2003-12-31,2003,A,inversion_pbi,17.5102893749052,% PBI,WB,World Bank,NE.GDI.TOTL.ZS,2026-06-12
PER,Perú,LATAM,2004-12-31,2004,A,inversion_pbi,16.8556825410753,% PBI,WB,World Bank,NE.GDI.TOTL.ZS,2026-06-12
PER,Perú,LATAM,2005-12-31,2005,A,inversion_pbi,17.2838176822241,% PBI,WB,World Bank,NE.GDI.TOTL.ZS,2026-06-12
PER,Perú,LATAM,2006-12-31,2006,A,inversion_pbi,19.6506023681318,% PBI,WB,World Bank,NE.GDI.TOTL.ZS,2026-06-12
PER,Perú,LATAM,2007-12-31,2007,A,inversion_pbi,22.0323873215866,% PBI,WB,World Bank,NE.GDI.TOTL.ZS,2026-06-12
PER,Perú,LATAM,2008-12-31,2008,A,inversion_pbi,26.178345935433,% PBI,WB,World Bank,NE.GDI.TOTL.ZS,2026-06-12
PER,Perú,LATAM,2009-12-31,2009,A,inversion_pbi,19.9786779797935,% PBI,WB,World Bank,NE.GDI.TOTL.ZS,2026-06-12
PER,Perú,LATAM,2010-12-31,2010,A,inversion_pbi,23.7605090406542,% PBI,WB,World Bank,NE.GDI.TOTL.ZS,2026-06-12
PER,Perú,LATAM,2011-12-31,2011,A,inversion_pbi,24.200875596397,% PBI,WB,World Bank,NE.GDI.TOTL.ZS,2026-06-12
PER,Perú,LATAM,2012-12-31,2012,A,inversion_pbi,24.6060563122502,% PBI,WB,World Bank,NE.GDI.TOTL.ZS,2026-06-12
PER,Perú,LATAM,2013-12-31,2013,A,inversion_pbi,25.5741818690255,% PBI,WB,World Bank,NE.GDI.TOTL.ZS,2026-06-12
PER,Perú,LATAM,2014-12-31,2014,A,inversion_pbi,24.6661205071214,% PBI,WB,World Bank,NE.GDI.TOTL.ZS,2026-06-12
PER,Perú,LATAM,2015-12-31,2015,A,inversion_pbi,24.3051143583227,% PBI,WB,World Bank,NE.GDI.TOTL.ZS,2026-06-12
PER,Perú,LATAM,2016-12-31,2016,A,inversion_pbi,22.0213133889585,% PBI,WB,World Bank,NE.GDI.TOTL.ZS,2026-06-12
PER,Perú,LATAM,2017-12-31,2017,A,inversion_pbi,20.7118137063238,% PBI,WB,World Bank,NE.GDI.TOTL.ZS,2026-06-12
PER,Perú,LATAM,2018-12-31,2018,A,inversion_pbi,21.3111751422932,% PBI,WB,World Bank,NE.GDI.TOTL.ZS,2026-06-12
PER,Perú,LATAM,2019-12-31,2019,A,inversion_pbi,20.8336395514866,% PBI,WB,World Bank,NE.GDI.TOTL.ZS,2026-06-12
PER,Perú,LATAM,2020-12-31,2020,A,inversion_pbi,18.1912588877919,% PBI,WB,World Bank,NE.GDI.TOTL.ZS,2026-06-12
PER,Perú,LATAM,2021-12-31,2021,A,inversion_pbi,22.3148400113403,% PBI,WB,World Bank,NE.GDI.TOTL.ZS,2026-06-12
PER,Perú,LATAM,2022-12-31,2022,A,inversion_pbi,22.3663937709414,% PBI,WB,World Bank,NE.GDI.TOTL.ZS,2026-06-12
PER,Perú,LATAM,2023-12-31,2023,A,inversion_pbi,19.1844089781649,% PBI,WB,World Bank,NE.GDI.TOTL.ZS,2026-06-12
PER,Perú,LATAM,2024-12-31,2024,A,inversion_pbi,19.4197023486874,% PBI,WB,World Bank,NE.GDI.TOTL.ZS,2026-06-12
PER,Perú,LATAM,2000-12-31,2000,A,manufactura_pbi,15.2145262038719,% PBI,WB,World Bank,NV.IND.MANF.ZS,2026-06-12
PER,Perú,LATAM,2001-12-31,2001,A,manufactura_pbi,15.5812564716453,% PBI,WB,World Bank,NV.IND.MANF.ZS,2026-06-12
PER,Perú,LATAM,2002-12-31,2002,A,manufactura_pbi,15.4989075774167,% PBI,WB,World Bank,NV.IND.MANF.ZS,2026-06-12
PER,Perú,LATAM,2003-12-31,2003,A,manufactura_pbi,15.3985817546504,% PBI,WB,World Bank,NV.IND.MANF.ZS,2026-06-12
PER,Perú,LATAM,2004-12-31,2004,A,manufactura_pbi,16.3726500976155,% PBI,WB,World Bank,NV.IND.MANF.ZS,2026-06-12
PER,Perú,LATAM,2005-12-31,2005,A,manufactura_pbi,16.5516113723285,% PBI,WB,World Bank,NV.IND.MANF.ZS,2026-06-12
PER,Perú,LATAM,2006-12-31,2006,A,manufactura_pbi,16.4721932263299,% PBI,WB,World Bank,NV.IND.MANF.ZS,2026-06-12
PER,Perú,LATAM,2007-12-31,2007,A,manufactura_pbi,16.5180344893382,% PBI,WB,World Bank,NV.IND.MANF.ZS,2026-06-12
PER,Perú,LATAM,2008-12-31,2008,A,manufactura_pbi,16.2965420065264,% PBI,WB,World Bank,NV.IND.MANF.ZS,2026-06-12
PER,Perú,LATAM,2009-12-31,2009,A,manufactura_pbi,15.2930541321031,% PBI,WB,World Bank,NV.IND.MANF.ZS,2026-06-12
PER,Perú,LATAM,2010-12-31,2010,A,manufactura_pbi,15.5564992898,% PBI,WB,World Bank,NV.IND.MANF.ZS,2026-06-12
PER,Perú,LATAM,2011-12-31,2011,A,manufactura_pbi,15.0914598699078,% PBI,WB,World Bank,NV.IND.MANF.ZS,2026-06-12
PER,Perú,LATAM,2012-12-31,2012,A,manufactura_pbi,15.164396582771,% PBI,WB,World Bank,NV.IND.MANF.ZS,2026-06-12
PER,Perú,LATAM,2013-12-31,2013,A,manufactura_pbi,14.831406515612,% PBI,WB,World Bank,NV.IND.MANF.ZS,2026-06-12
PER,Perú,LATAM,2014-12-31,2014,A,manufactura_pbi,13.9596976357841,% PBI,WB,World Bank,NV.IND.MANF.ZS,2026-06-12
PER,Perú,LATAM,2015-12-31,2015,A,manufactura_pbi,13.7880201715375,% PBI,WB,World Bank,NV.IND.MANF.ZS,2026-06-12
PER,Perú,LATAM,2016-12-31,2016,A,manufactura_pbi,13.3440281131691,% PBI,WB,World Bank,NV.IND.MANF.ZS,2026-06-12
PER,Perú,LATAM,2017-12-31,2017,A,manufactura_pbi,12.9708469176106,% PBI,WB,World Bank,NV.IND.MANF.ZS,2026-06-12
PER,Perú,LATAM,2018-12-31,2018,A,manufactura_pbi,13.1690240955292,% PBI,WB,World Bank,NV.IND.MANF.ZS,2026-06-12
PER,Perú,LATAM,2019-12-31,2019,A,manufactura_pbi,12.8493511674786,% PBI,WB,World Bank,NV.IND.MANF.ZS,2026-06-12
PER,Perú,LATAM,2020-12-31,2020,A,manufactura_pbi,12.2526157277512,% PBI,WB,World Bank,NV.IND.MANF.ZS,2026-06-12
PER,Perú,LATAM,2021-12-31,2021,A,manufactura_pbi,12.0658422532196,% PBI,WB,World Bank,NV.IND.MANF.ZS,2026-06-12
PER,Perú,LATAM,2022-12-31,2022,A,manufactura_pbi,12.3945381294598,% PBI,WB,World Bank,NV.IND.MANF.ZS,2026-06-12
PER,Perú,LATAM,2023-12-31,2023,A,manufactura_pbi,12.6192784609889,% PBI,WB,World Bank,NV.IND.MANF.ZS,2026-06-12
PER,Perú,LATAM,2024-12-31,2024,A,manufactura_pbi,12.1140270326731,% PBI,WB,World Bank,NV.IND.MANF.ZS,2026-06-12
PER,Perú,LATAM,2000-12-31,2000,A,pbi,51744749133.213,USD actuales,WB,World Bank,NY.GDP.MKTP.CD,2026-06-12
PER,Perú,LATAM,2001-12-31,2001,A,pbi,52030158775.4055,USD actuales,WB,World Bank,NY.GDP.MKTP.CD,2026-06-12
PER,Perú,LATAM,2002-12-31,2002,A,pbi,54777553515.0809,USD actuales,WB,World Bank,NY.GDP.MKTP.CD,2026-06-12
PER,Perú,LATAM,2003-12-31,2003,A,pbi,58731030121.8671,USD actuales,WB,World Bank,NY.GDP.MKTP.CD,2026-06-12
PER,Perú,LATAM,2004-12-31,2004,A,pbi,66768703497.5687,USD actuales,WB,World Bank,NY.GDP.MKTP.CD,2026-06-12
PER,Perú,LATAM,2005-12-31,2005,A,pbi,76060606060.6061,USD actuales,WB,World Bank,NY.GDP.MKTP.CD,2026-06-12
PER,Perú,LATAM,2006-12-31,2006,A,pbi,88643193061.748,USD actuales,WB,World Bank,NY.GDP.MKTP.CD,2026-06-12
PER,Perú,LATAM,2007-12-31,2007,A,pbi,102170981144.136,USD actuales,WB,World Bank,NY.GDP.MKTP.CD,2026-06-12
PER,Perú,LATAM,2008-12-31,2008,A,pbi,120550599815.441,USD actuales,WB,World Bank,NY.GDP.MKTP.CD,2026-06-12
PER,Perú,LATAM,2009-12-31,2009,A,pbi,120822986521.479,USD actuales,WB,World Bank,NY.GDP.MKTP.CD,2026-06-12
PER,Perú,LATAM,2010-12-31,2010,A,pbi,147527631520.729,USD actuales,WB,World Bank,NY.GDP.MKTP.CD,2026-06-12
PER,Perú,LATAM,2011-12-31,2011,A,pbi,171761737046.585,USD actuales,WB,World Bank,NY.GDP.MKTP.CD,2026-06-12
PER,Perú,LATAM,2012-12-31,2012,A,pbi,192650021648.583,USD actuales,WB,World Bank,NY.GDP.MKTP.CD,2026-06-12
PER,Perú,LATAM,2013-12-31,2013,A,pbi,201175543571.392,USD actuales,WB,World Bank,NY.GDP.MKTP.CD,2026-06-12
PER,Perú,LATAM,2014-12-31,2014,A,pbi,200786250582.943,USD actuales,WB,World Bank,NY.GDP.MKTP.CD,2026-06-12
PER,Perú,LATAM,2015-12-31,2015,A,pbi,189802976285.619,USD actuales,WB,World Bank,NY.GDP.MKTP.CD,2026-06-12
PER,Perú,LATAM,2016-12-31,2016,A,pbi,191898104390.379,USD actuales,WB,World Bank,NY.GDP.MKTP.CD,2026-06-12
PER,Perú,LATAM,2017-12-31,2017,A,pbi,211007984080.911,USD actuales,WB,World Bank,NY.GDP.MKTP.CD,2026-06-12
PER,Perú,LATAM,2018-12-31,2018,A,pbi,222597009739.235,USD actuales,WB,World Bank,NY.GDP.MKTP.CD,2026-06-12
PER,Perú,LATAM,2019-12-31,2019,A,pbi,228346006003.648,USD actuales,WB,World Bank,NY.GDP.MKTP.CD,2026-06-12
PER,Perú,LATAM,2020-12-31,2020,A,pbi,201409694755.934,USD actuales,WB,World Bank,NY.GDP.MKTP.CD,2026-06-12
PER,Perú,LATAM,2021-12-31,2021,A,pbi,226328766459.634,USD actuales,WB,World Bank,NY.GDP.MKTP.CD,2026-06-12
PER,Perú,LATAM,2022-12-31,2022,A,pbi,246065570308.155,USD actuales,WB,World Bank,NY.GDP.MKTP.CD,2026-06-12
PER,Perú,LATAM,2023-12-31,2023,A,pbi,266958720837.988,USD actuales,WB,World Bank,NY.GDP.MKTP.CD,2026-06-12
PER,Perú,LATAM,2024-12-31,2024,A,pbi,289221969062.941,USD actuales,WB,World Bank,NY.GDP.MKTP.CD,2026-06-12
PER,Perú,LATAM,2000-12-31,2000,A,pbi_per_capita,1945.41338451698,USD actuales,WB,World Bank,NY.GDP.PCAP.CD,2026-06-12
PER,Perú,LATAM,2001-12-31,2001,A,pbi_per_capita,1929.57273038846,USD actuales,WB,World Bank,NY.GDP.PCAP.CD,2026-06-12
PER,Perú,LATAM,2002-12-31,2002,A,pbi_per_capita,2007.37019626753,USD actuales,WB,World Bank,NY.GDP.PCAP.CD,2026-06-12
PER,Perú,LATAM,2003-12-31,2003,A,pbi_per_capita,2129.44114197634,USD actuales,WB,World Bank,NY.GDP.PCAP.CD,2026-06-12
PER,Perú,LATAM,2004-12-31,2004,A,pbi_per_capita,2397.25147277714,USD actuales,WB,World Bank,NY.GDP.PCAP.CD,2026-06-12
PER,Perú,LATAM,2005-12-31,2005,A,pbi_per_capita,2706.66947297608,USD actuales,WB,World Bank,NY.GDP.PCAP.CD,2026-06-12
PER,Perú,LATAM,2006-12-31,2006,A,pbi_per_capita,3129.55996496982,USD actuales,WB,World Bank,NY.GDP.PCAP.CD,2026-06-12
PER,Perú,LATAM,2007-12-31,2007,A,pbi_per_capita,3581.0893081917,USD actuales,WB,World Bank,NY.GDP.PCAP.CD,2026-06-12
PER,Perú,LATAM,2008-12-31,2008,A,pbi_per_capita,4197.58444634142,USD actuales,WB,World Bank,NY.GDP.PCAP.CD,2026-06-12
PER,Perú,LATAM,2009-12-31,2009,A,pbi_per_capita,4181.18755462253,USD actuales,WB,World Bank,NY.GDP.PCAP.CD,2026-06-12
PER,Perú,LATAM,2010-12-31,2010,A,pbi_per_capita,5072.11494019615,USD actuales,WB,World Bank,NY.GDP.PCAP.CD,2026-06-12
PER,Perú,LATAM,2011-12-31,2011,A,pbi_per_capita,5861.35793645245,USD actuales,WB,World Bank,NY.GDP.PCAP.CD,2026-06-12
PER,Perú,LATAM,2012-12-31,2012,A,pbi_per_capita,6519.37852981527,USD actuales,WB,World Bank,NY.GDP.PCAP.CD,2026-06-12
PER,Perú,LATAM,2013-12-31,2013,A,pbi_per_capita,6746.80025696601,USD actuales,WB,World Bank,NY.GDP.PCAP.CD,2026-06-12
PER,Perú,LATAM,2014-12-31,2014,A,pbi_per_capita,6667.13410360861,USD actuales,WB,World Bank,NY.GDP.PCAP.CD,2026-06-12
PER,Perú,LATAM,2015-12-31,2015,A,pbi_per_capita,6231.71150338894,USD actuales,WB,World Bank,NY.GDP.PCAP.CD,2026-06-12
PER,Perú,LATAM,2016-12-31,2016,A,pbi_per_capita,6217.03599995447,USD actuales,WB,World Bank,NY.GDP.PCAP.CD,2026-06-12
PER,Perú,LATAM,2017-12-31,2017,A,pbi_per_capita,6736.16693725487,USD actuales,WB,World Bank,NY.GDP.PCAP.CD,2026-06-12
PER,Perú,LATAM,2018-12-31,2018,A,pbi_per_capita,6978.49121548627,USD actuales,WB,World Bank,NY.GDP.PCAP.CD,2026-06-12
PER,Perú,LATAM,2019-12-31,2019,A,pbi_per_capita,7037.00803692604,USD actuales,WB,World Bank,NY.GDP.PCAP.CD,2026-06-12
PER,Perú,LATAM,2020-12-31,2020,A,pbi_per_capita,6133.32552410183,USD actuales,WB,World Bank,NY.GDP.PCAP.CD,2026-06-12
PER,Perú,LATAM,2021-12-31,2021,A,pbi_per_capita,6826.20255614477,USD actuales,WB,World Bank,NY.GDP.PCAP.CD,2026-06-12
PER,Perú,LATAM,2022-12-31,2022,A,pbi_per_capita,7350.63034300417,USD actuales,WB,World Bank,NY.GDP.PCAP.CD,2026-06-12
PER,Perú,LATAM,2023-12-31,2023,A,pbi_per_capita,7887.54185920108,USD actuales,WB,World Bank,NY.GDP.PCAP.CD,2026-06-12
PER,Perú,LATAM,2024-12-31,2024,A,pbi_per_capita,8452.37167056621,USD actuales,WB,World Bank,NY.GDP.PCAP.CD,2026-06-12
PER,Perú,LATAM,2000-12-31,2000,A,poblacion,26598331.0,personas,WB,World Bank,SP.POP.TOTL,2026-06-12
PER,Perú,LATAM,2001-12-31,2001,A,poblacion,26964601.0,personas,WB,World Bank,SP.POP.TOTL,2026-06-12
PER,Perú,LATAM,2002-12-31,2002,A,poblacion,27288217.0,personas,WB,World Bank,SP.POP.TOTL,2026-06-12
PER,Perú,LATAM,2003-12-31,2003,A,poblacion,27580490.0,personas,WB,World Bank,SP.POP.TOTL,2026-06-12
PER,Perú,LATAM,2004-12-31,2004,A,poblacion,27852190.0,personas,WB,World Bank,SP.POP.TOTL,2026-06-12
PER,Perú,LATAM,2005-12-31,2005,A,poblacion,28101180.0,personas,WB,World Bank,SP.POP.TOTL,2026-06-12
PER,Perú,LATAM,2006-12-31,2006,A,poblacion,28324491.0,personas,WB,World Bank,SP.POP.TOTL,2026-06-12
PER,Perú,LATAM,2007-12-31,2007,A,poblacion,28530699.0,personas,WB,World Bank,SP.POP.TOTL,2026-06-12
PER,Perú,LATAM,2008-12-31,2008,A,poblacion,28719041.0,personas,WB,World Bank,SP.POP.TOTL,2026-06-12
PER,Perú,LATAM,2009-12-31,2009,A,poblacion,28896811.0,personas,WB,World Bank,SP.POP.TOTL,2026-06-12
PER,Perú,LATAM,2010-12-31,2010,A,poblacion,29086019.0,personas,WB,World Bank,SP.POP.TOTL,2026-06-12
PER,Perú,LATAM,2011-12-31,2011,A,poblacion,29304086.0,personas,WB,World Bank,SP.POP.TOTL,2026-06-12
PER,Perú,LATAM,2012-12-31,2012,A,poblacion,29550366.0,personas,WB,World Bank,SP.POP.TOTL,2026-06-12
PER,Perú,LATAM,2013-12-31,2013,A,poblacion,29817919.0,personas,WB,World Bank,SP.POP.TOTL,2026-06-12
PER,Perú,LATAM,2014-12-31,2014,A,poblacion,30115826.0,personas,WB,World Bank,SP.POP.TOTL,2026-06-12
PER,Perú,LATAM,2015-12-31,2015,A,poblacion,30457600.0,personas,WB,World Bank,SP.POP.TOTL,2026-06-12
PER,Perú,LATAM,2016-12-31,2016,A,poblacion,30866494.0,personas,WB,World Bank,SP.POP.TOTL,2026-06-12
PER,Perú,LATAM,2017-12-31,2017,A,poblacion,31324637.0,personas,WB,World Bank,SP.POP.TOTL,2026-06-12
PER,Perú,LATAM,2018-12-31,2018,A,poblacion,31897584.0,personas,WB,World Bank,SP.POP.TOTL,2026-06-12
PER,Perú,LATAM,2019-12-31,2019,A,poblacion,32449303.0,personas,WB,World Bank,SP.POP.TOTL,2026-06-12
PER,Perú,LATAM,2020-12-31,2020,A,poblacion,32838579.0,personas,WB,World Bank,SP.POP.TOTL,2026-06-12
PER,Perú,LATAM,2021-12-31,2021,A,poblacion,33155882.0,personas,WB,World Bank,SP.POP.TOTL,2026-06-12
PER,Perú,LATAM,2022-12-31,2022,A,poblacion,33475438.0,personas,WB,World Bank,SP.POP.TOTL,2026-06-12
PER,Perú,LATAM,2023-12-31,2023,A,poblacion,33845617.0,personas,WB,World Bank,SP.POP.TOTL,2026-06-12
PER,Perú,LATAM,2024-12-31,2024,A,poblacion,34217848.0,personas,WB,World Bank,SP.POP.TOTL,2026-06-12
PER,Perú,LATAM,2000-12-31,2000,A,servicios_pbi,54.0274885925663,% PBI,WB,World Bank,NV.SRV.TOTL.ZS,2026-06-12
PER,Perú,LATAM,2001-12-31,2001,A,servicios_pbi,54.5157702696039,% PBI,WB,World Bank,NV.SRV.TOTL.ZS,2026-06-12
PER,Perú,LATAM,2002-12-31,2002,A,servicios_pbi,54.4908688003072,% PBI,WB,World Bank,NV.SRV.TOTL.ZS,2026-06-12
PER,Perú,LATAM,2003-12-31,2003,A,servicios_pbi,53.9598800021533,% PBI,WB,World Bank,NV.SRV.TOTL.ZS,2026-06-12
PER,Perú,LATAM,2004-12-31,2004,A,servicios_pbi,51.3878956720118,% PBI,WB,World Bank,NV.SRV.TOTL.ZS,2026-06-12
PER,Perú,LATAM,2005-12-31,2005,A,servicios_pbi,49.8362904737407,% PBI,WB,World Bank,NV.SRV.TOTL.ZS,2026-06-12
PER,Perú,LATAM,2006-12-31,2006,A,servicios_pbi,47.4170688770149,% PBI,WB,World Bank,NV.SRV.TOTL.ZS,2026-06-12
PER,Perú,LATAM,2007-12-31,2007,A,servicios_pbi,47.305070802301,% PBI,WB,World Bank,NV.SRV.TOTL.ZS,2026-06-12
PER,Perú,LATAM,2008-12-31,2008,A,servicios_pbi,48.3634281113294,% PBI,WB,World Bank,NV.SRV.TOTL.ZS,2026-06-12
PER,Perú,LATAM,2009-12-31,2009,A,servicios_pbi,50.7365164325183,% PBI,WB,World Bank,NV.SRV.TOTL.ZS,2026-06-12
PER,Perú,LATAM,2010-12-31,2010,A,servicios_pbi,48.9435774885792,% PBI,WB,World Bank,NV.SRV.TOTL.ZS,2026-06-12
PER,Perú,LATAM,2011-12-31,2011,A,servicios_pbi,47.7582660570047,% PBI,WB,World Bank,NV.SRV.TOTL.ZS,2026-06-12
PER,Perú,LATAM,2012-12-31,2012,A,servicios_pbi,49.129259974298,% PBI,WB,World Bank,NV.SRV.TOTL.ZS,2026-06-12
PER,Perú,LATAM,2013-12-31,2013,A,servicios_pbi,50.5158622110693,% PBI,WB,World Bank,NV.SRV.TOTL.ZS,2026-06-12
PER,Perú,LATAM,2014-12-31,2014,A,servicios_pbi,52.3928980547013,% PBI,WB,World Bank,NV.SRV.TOTL.ZS,2026-06-12
PER,Perú,LATAM,2015-12-31,2015,A,servicios_pbi,54.0425799449386,% PBI,WB,World Bank,NV.SRV.TOTL.ZS,2026-06-12
PER,Perú,LATAM,2016-12-31,2016,A,servicios_pbi,54.3063730182748,% PBI,WB,World Bank,NV.SRV.TOTL.ZS,2026-06-12
PER,Perú,LATAM,2017-12-31,2017,A,servicios_pbi,53.9283331564894,% PBI,WB,World Bank,NV.SRV.TOTL.ZS,2026-06-12
PER,Perú,LATAM,2018-12-31,2018,A,servicios_pbi,53.5381936281076,% PBI,WB,World Bank,NV.SRV.TOTL.ZS,2026-06-12
PER,Perú,LATAM,2019-12-31,2019,A,servicios_pbi,54.3915620275491,% PBI,WB,World Bank,NV.SRV.TOTL.ZS,2026-06-12
PER,Perú,LATAM,2020-12-31,2020,A,servicios_pbi,54.1910600001421,% PBI,WB,World Bank,NV.SRV.TOTL.ZS,2026-06-12
PER,Perú,LATAM,2021-12-31,2021,A,servicios_pbi,48.7058242179895,% PBI,WB,World Bank,NV.SRV.TOTL.ZS,2026-06-12
PER,Perú,LATAM,2022-12-31,2022,A,servicios_pbi,49.6995886430732,% PBI,WB,World Bank,NV.SRV.TOTL.ZS,2026-06-12
PER,Perú,LATAM,2023-12-31,2023,A,servicios_pbi,51.2061169826914,% PBI,WB,World Bank,NV.SRV.TOTL.ZS,2026-06-12
PER,Perú,LATAM,2024-12-31,2024,A,servicios_pbi,51.2936105507675,% PBI,WB,World Bank,NV.SRV.TOTL.ZS,2026-06-12
PRY,Paraguay,LATAM,2000-12-31,2000,A,agro_pbi,12.8566577643255,% PBI,WB,World Bank,NV.AGR.TOTL.ZS,2026-06-12
PRY,Paraguay,LATAM,2001-12-31,2001,A,agro_pbi,11.373317185727,% PBI,WB,World Bank,NV.AGR.TOTL.ZS,2026-06-12
PRY,Paraguay,LATAM,2002-12-31,2002,A,agro_pbi,11.0096432644682,% PBI,WB,World Bank,NV.AGR.TOTL.ZS,2026-06-12
PRY,Paraguay,LATAM,2003-12-31,2003,A,agro_pbi,13.0089432672836,% PBI,WB,World Bank,NV.AGR.TOTL.ZS,2026-06-12
PRY,Paraguay,LATAM,2004-12-31,2004,A,agro_pbi,13.9333504941588,% PBI,WB,World Bank,NV.AGR.TOTL.ZS,2026-06-12
PRY,Paraguay,LATAM,2005-12-31,2005,A,agro_pbi,12.7139528266327,% PBI,WB,World Bank,NV.AGR.TOTL.ZS,2026-06-12
PRY,Paraguay,LATAM,2006-12-31,2006,A,agro_pbi,11.7935958026272,% PBI,WB,World Bank,NV.AGR.TOTL.ZS,2026-06-12
PRY,Paraguay,LATAM,2007-12-31,2007,A,agro_pbi,12.7097347758464,% PBI,WB,World Bank,NV.AGR.TOTL.ZS,2026-06-12
PRY,Paraguay,LATAM,2008-12-31,2008,A,agro_pbi,13.4176454912293,% PBI,WB,World Bank,NV.AGR.TOTL.ZS,2026-06-12
PRY,Paraguay,LATAM,2009-12-31,2009,A,agro_pbi,9.94793815604534,% PBI,WB,World Bank,NV.AGR.TOTL.ZS,2026-06-12
PRY,Paraguay,LATAM,2010-12-31,2010,A,agro_pbi,13.0144797820583,% PBI,WB,World Bank,NV.AGR.TOTL.ZS,2026-06-12
PRY,Paraguay,LATAM,2011-12-31,2011,A,agro_pbi,13.7962263457992,% PBI,WB,World Bank,NV.AGR.TOTL.ZS,2026-06-12
PRY,Paraguay,LATAM,2012-12-31,2012,A,agro_pbi,10.0422288968025,% PBI,WB,World Bank,NV.AGR.TOTL.ZS,2026-06-12
PRY,Paraguay,LATAM,2013-12-31,2013,A,agro_pbi,12.8648395783488,% PBI,WB,World Bank,NV.AGR.TOTL.ZS,2026-06-12
PRY,Paraguay,LATAM,2014-12-31,2014,A,agro_pbi,11.7708565050102,% PBI,WB,World Bank,NV.AGR.TOTL.ZS,2026-06-12
PRY,Paraguay,LATAM,2015-12-31,2015,A,agro_pbi,9.44042072519386,% PBI,WB,World Bank,NV.AGR.TOTL.ZS,2026-06-12
PRY,Paraguay,LATAM,2016-12-31,2016,A,agro_pbi,10.6965134075446,% PBI,WB,World Bank,NV.AGR.TOTL.ZS,2026-06-12
PRY,Paraguay,LATAM,2017-12-31,2017,A,agro_pbi,10.1848244821627,% PBI,WB,World Bank,NV.AGR.TOTL.ZS,2026-06-12
PRY,Paraguay,LATAM,2018-12-31,2018,A,agro_pbi,9.9502033854755,% PBI,WB,World Bank,NV.AGR.TOTL.ZS,2026-06-12
PRY,Paraguay,LATAM,2019-12-31,2019,A,agro_pbi,9.667473664156,% PBI,WB,World Bank,NV.AGR.TOTL.ZS,2026-06-12
PRY,Paraguay,LATAM,2020-12-31,2020,A,agro_pbi,10.7279902822133,% PBI,WB,World Bank,NV.AGR.TOTL.ZS,2026-06-12
PRY,Paraguay,LATAM,2021-12-31,2021,A,agro_pbi,11.2789007802653,% PBI,WB,World Bank,NV.AGR.TOTL.ZS,2026-06-12
PRY,Paraguay,LATAM,2022-12-31,2022,A,agro_pbi,10.8974804512645,% PBI,WB,World Bank,NV.AGR.TOTL.ZS,2026-06-12
PRY,Paraguay,LATAM,2023-12-31,2023,A,agro_pbi,11.5900739623011,% PBI,WB,World Bank,NV.AGR.TOTL.ZS,2026-06-12
PRY,Paraguay,LATAM,2024-12-31,2024,A,agro_pbi,10.7149976827803,% PBI,WB,World Bank,NV.AGR.TOTL.ZS,2026-06-12
PRY,Paraguay,LATAM,2000-12-31,2000,A,crecimiento_pbi,-2.31414056819045,% anual,WB,World Bank,NY.GDP.MKTP.KD.ZG,2026-06-12
PRY,Paraguay,LATAM,2001-12-31,2001,A,crecimiento_pbi,-0.834054716746095,% anual,WB,World Bank,NY.GDP.MKTP.KD.ZG,2026-06-12
PRY,Paraguay,LATAM,2002-12-31,2002,A,crecimiento_pbi,-0.0214043949985694,% anual,WB,World Bank,NY.GDP.MKTP.KD.ZG,2026-06-12
PRY,Paraguay,LATAM,2003-12-31,2003,A,crecimiento_pbi,4.32074548551591,% anual,WB,World Bank,NY.GDP.MKTP.KD.ZG,2026-06-12
PRY,Paraguay,LATAM,2004-12-31,2004,A,crecimiento_pbi,4.05741836363771,% anual,WB,World Bank,NY.GDP.MKTP.KD.ZG,2026-06-12
PRY,Paraguay,LATAM,2005-12-31,2005,A,crecimiento_pbi,2.13349066459601,% anual,WB,World Bank,NY.GDP.MKTP.KD.ZG,2026-06-12
PRY,Paraguay,LATAM,2006-12-31,2006,A,crecimiento_pbi,4.80711719268376,% anual,WB,World Bank,NY.GDP.MKTP.KD.ZG,2026-06-12
PRY,Paraguay,LATAM,2007-12-31,2007,A,crecimiento_pbi,5.42162287218235,% anual,WB,World Bank,NY.GDP.MKTP.KD.ZG,2026-06-12
PRY,Paraguay,LATAM,2008-12-31,2008,A,crecimiento_pbi,6.49629211973152,% anual,WB,World Bank,NY.GDP.MKTP.KD.ZG,2026-06-12
PRY,Paraguay,LATAM,2009-12-31,2009,A,crecimiento_pbi,-0.261137328115808,% anual,WB,World Bank,NY.GDP.MKTP.KD.ZG,2026-06-12
PRY,Paraguay,LATAM,2010-12-31,2010,A,crecimiento_pbi,11.0952312685449,% anual,WB,World Bank,NY.GDP.MKTP.KD.ZG,2026-06-12
PRY,Paraguay,LATAM,2011-12-31,2011,A,crecimiento_pbi,4.28637120706239,% anual,WB,World Bank,NY.GDP.MKTP.KD.ZG,2026-06-12
PRY,Paraguay,LATAM,2012-12-31,2012,A,crecimiento_pbi,-0.708043112304196,% anual,WB,World Bank,NY.GDP.MKTP.KD.ZG,2026-06-12
PRY,Paraguay,LATAM,2013-12-31,2013,A,crecimiento_pbi,8.29307648937821,% anual,WB,World Bank,NY.GDP.MKTP.KD.ZG,2026-06-12
PRY,Paraguay,LATAM,2014-12-31,2014,A,crecimiento_pbi,5.30123864475758,% anual,WB,World Bank,NY.GDP.MKTP.KD.ZG,2026-06-12
PRY,Paraguay,LATAM,2015-12-31,2015,A,crecimiento_pbi,2.95715168364671,% anual,WB,World Bank,NY.GDP.MKTP.KD.ZG,2026-06-12
PRY,Paraguay,LATAM,2016-12-31,2016,A,crecimiento_pbi,4.26802583314358,% anual,WB,World Bank,NY.GDP.MKTP.KD.ZG,2026-06-12
PRY,Paraguay,LATAM,2017-12-31,2017,A,crecimiento_pbi,4.81007885552178,% anual,WB,World Bank,NY.GDP.MKTP.KD.ZG,2026-06-12
PRY,Paraguay,LATAM,2018-12-31,2018,A,crecimiento_pbi,3.20425034080199,% anual,WB,World Bank,NY.GDP.MKTP.KD.ZG,2026-06-12
PRY,Paraguay,LATAM,2019-12-31,2019,A,crecimiento_pbi,-0.401855100701937,% anual,WB,World Bank,NY.GDP.MKTP.KD.ZG,2026-06-12
PRY,Paraguay,LATAM,2020-12-31,2020,A,crecimiento_pbi,-0.819785390945569,% anual,WB,World Bank,NY.GDP.MKTP.KD.ZG,2026-06-12
PRY,Paraguay,LATAM,2021-12-31,2021,A,crecimiento_pbi,4.01673731776404,% anual,WB,World Bank,NY.GDP.MKTP.KD.ZG,2026-06-12
PRY,Paraguay,LATAM,2022-12-31,2022,A,crecimiento_pbi,0.176038366149214,% anual,WB,World Bank,NY.GDP.MKTP.KD.ZG,2026-06-12
PRY,Paraguay,LATAM,2023-12-31,2023,A,crecimiento_pbi,4.9992279112746,% anual,WB,World Bank,NY.GDP.MKTP.KD.ZG,2026-06-12
PRY,Paraguay,LATAM,2024-12-31,2024,A,crecimiento_pbi,4.24996010464072,% anual,WB,World Bank,NY.GDP.MKTP.KD.ZG,2026-06-12
PRY,Paraguay,LATAM,2000-12-31,2000,A,desempleo,7.61,% población activa,WB,World Bank,SL.UEM.TOTL.ZS,2026-06-12
PRY,Paraguay,LATAM,2001-12-31,2001,A,desempleo,6.206,% población activa,WB,World Bank,SL.UEM.TOTL.ZS,2026-06-12
PRY,Paraguay,LATAM,2002-12-31,2002,A,desempleo,9.393,% población activa,WB,World Bank,SL.UEM.TOTL.ZS,2026-06-12
PRY,Paraguay,LATAM,2003-12-31,2003,A,desempleo,6.814,% población activa,WB,World Bank,SL.UEM.TOTL.ZS,2026-06-12
PRY,Paraguay,LATAM,2004-12-31,2004,A,desempleo,6.513,% población activa,WB,World Bank,SL.UEM.TOTL.ZS,2026-06-12
PRY,Paraguay,LATAM,2005-12-31,2005,A,desempleo,4.825,% población activa,WB,World Bank,SL.UEM.TOTL.ZS,2026-06-12
PRY,Paraguay,LATAM,2006-12-31,2006,A,desempleo,5.277,% población activa,WB,World Bank,SL.UEM.TOTL.ZS,2026-06-12
PRY,Paraguay,LATAM,2007-12-31,2007,A,desempleo,4.713,% población activa,WB,World Bank,SL.UEM.TOTL.ZS,2026-06-12
PRY,Paraguay,LATAM,2008-12-31,2008,A,desempleo,4.415,% población activa,WB,World Bank,SL.UEM.TOTL.ZS,2026-06-12
PRY,Paraguay,LATAM,2009-12-31,2009,A,desempleo,5.46,% población activa,WB,World Bank,SL.UEM.TOTL.ZS,2026-06-12
PRY,Paraguay,LATAM,2010-12-31,2010,A,desempleo,4.569,% población activa,WB,World Bank,SL.UEM.TOTL.ZS,2026-06-12
PRY,Paraguay,LATAM,2011-12-31,2011,A,desempleo,4.67,% población activa,WB,World Bank,SL.UEM.TOTL.ZS,2026-06-12
PRY,Paraguay,LATAM,2012-12-31,2012,A,desempleo,4.085,% población activa,WB,World Bank,SL.UEM.TOTL.ZS,2026-06-12
PRY,Paraguay,LATAM,2013-12-31,2013,A,desempleo,4.385,% población activa,WB,World Bank,SL.UEM.TOTL.ZS,2026-06-12
PRY,Paraguay,LATAM,2014-12-31,2014,A,desempleo,5.034,% población activa,WB,World Bank,SL.UEM.TOTL.ZS,2026-06-12
PRY,Paraguay,LATAM,2015-12-31,2015,A,desempleo,4.556,% población activa,WB,World Bank,SL.UEM.TOTL.ZS,2026-06-12
PRY,Paraguay,LATAM,2016-12-31,2016,A,desempleo,5.255,% población activa,WB,World Bank,SL.UEM.TOTL.ZS,2026-06-12
PRY,Paraguay,LATAM,2017-12-31,2017,A,desempleo,6.138,% población activa,WB,World Bank,SL.UEM.TOTL.ZS,2026-06-12
PRY,Paraguay,LATAM,2018-12-31,2018,A,desempleo,6.217,% población activa,WB,World Bank,SL.UEM.TOTL.ZS,2026-06-12
PRY,Paraguay,LATAM,2019-12-31,2019,A,desempleo,6.595,% población activa,WB,World Bank,SL.UEM.TOTL.ZS,2026-06-12
PRY,Paraguay,LATAM,2020-12-31,2020,A,desempleo,7.548,% población activa,WB,World Bank,SL.UEM.TOTL.ZS,2026-06-12
PRY,Paraguay,LATAM,2021-12-31,2021,A,desempleo,7.311,% población activa,WB,World Bank,SL.UEM.TOTL.ZS,2026-06-12
PRY,Paraguay,LATAM,2022-12-31,2022,A,desempleo,6.755,% población activa,WB,World Bank,SL.UEM.TOTL.ZS,2026-06-12
PRY,Paraguay,LATAM,2023-12-31,2023,A,desempleo,5.794,% población activa,WB,World Bank,SL.UEM.TOTL.ZS,2026-06-12
PRY,Paraguay,LATAM,2024-12-31,2024,A,desempleo,5.686,% población activa,WB,World Bank,SL.UEM.TOTL.ZS,2026-06-12
PRY,Paraguay,LATAM,2025-12-31,2025,A,desempleo,4.803,% población activa,WB,World Bank,SL.UEM.TOTL.ZS,2026-06-12
PRY,Paraguay,LATAM,2000-12-31,2000,A,exportaciones_pbi,43.3309260294934,% PBI,WB,World Bank,NE.EXP.GNFS.ZS,2026-06-12
PRY,Paraguay,LATAM,2001-12-31,2001,A,exportaciones_pbi,40.6425889608269,% PBI,WB,World Bank,NE.EXP.GNFS.ZS,2026-06-12
PRY,Paraguay,LATAM,2002-12-31,2002,A,exportaciones_pbi,47.4750765387374,% PBI,WB,World Bank,NE.EXP.GNFS.ZS,2026-06-12
PRY,Paraguay,LATAM,2003-12-31,2003,A,exportaciones_pbi,47.1446575963153,% PBI,WB,World Bank,NE.EXP.GNFS.ZS,2026-06-12
PRY,Paraguay,LATAM,2004-12-31,2004,A,exportaciones_pbi,45.6878246718486,% PBI,WB,World Bank,NE.EXP.GNFS.ZS,2026-06-12
PRY,Paraguay,LATAM,2005-12-31,2005,A,exportaciones_pbi,47.5935921119847,% PBI,WB,World Bank,NE.EXP.GNFS.ZS,2026-06-12
PRY,Paraguay,LATAM,2006-12-31,2006,A,exportaciones_pbi,46.2930851780555,% PBI,WB,World Bank,NE.EXP.GNFS.ZS,2026-06-12
PRY,Paraguay,LATAM,2007-12-31,2007,A,exportaciones_pbi,43.374929155941,% PBI,WB,World Bank,NE.EXP.GNFS.ZS,2026-06-12
PRY,Paraguay,LATAM,2008-12-31,2008,A,exportaciones_pbi,42.4383687093999,% PBI,WB,World Bank,NE.EXP.GNFS.ZS,2026-06-12
PRY,Paraguay,LATAM,2009-12-31,2009,A,exportaciones_pbi,38.0972540491953,% PBI,WB,World Bank,NE.EXP.GNFS.ZS,2026-06-12
PRY,Paraguay,LATAM,2010-12-31,2010,A,exportaciones_pbi,42.1398416256109,% PBI,WB,World Bank,NE.EXP.GNFS.ZS,2026-06-12
PRY,Paraguay,LATAM,2011-12-31,2011,A,exportaciones_pbi,40.238859668657,% PBI,WB,World Bank,NE.EXP.GNFS.ZS,2026-06-12
PRY,Paraguay,LATAM,2012-12-31,2012,A,exportaciones_pbi,37.9955191982288,% PBI,WB,World Bank,NE.EXP.GNFS.ZS,2026-06-12
PRY,Paraguay,LATAM,2013-12-31,2013,A,exportaciones_pbi,38.7136655822392,% PBI,WB,World Bank,NE.EXP.GNFS.ZS,2026-06-12
PRY,Paraguay,LATAM,2014-12-31,2014,A,exportaciones_pbi,35.4644118987627,% PBI,WB,World Bank,NE.EXP.GNFS.ZS,2026-06-12
PRY,Paraguay,LATAM,2015-12-31,2015,A,exportaciones_pbi,34.7346586999493,% PBI,WB,World Bank,NE.EXP.GNFS.ZS,2026-06-12
PRY,Paraguay,LATAM,2016-12-31,2016,A,exportaciones_pbi,37.1432329052144,% PBI,WB,World Bank,NE.EXP.GNFS.ZS,2026-06-12
PRY,Paraguay,LATAM,2017-12-31,2017,A,exportaciones_pbi,38.1692845403901,% PBI,WB,World Bank,NE.EXP.GNFS.ZS,2026-06-12
PRY,Paraguay,LATAM,2018-12-31,2018,A,exportaciones_pbi,36.8532235364482,% PBI,WB,World Bank,NE.EXP.GNFS.ZS,2026-06-12
PRY,Paraguay,LATAM,2019-12-31,2019,A,exportaciones_pbi,36.0872909434413,% PBI,WB,World Bank,NE.EXP.GNFS.ZS,2026-06-12
PRY,Paraguay,LATAM,2020-12-31,2020,A,exportaciones_pbi,33.2706269850222,% PBI,WB,World Bank,NE.EXP.GNFS.ZS,2026-06-12
PRY,Paraguay,LATAM,2021-12-31,2021,A,exportaciones_pbi,35.4870925101426,% PBI,WB,World Bank,NE.EXP.GNFS.ZS,2026-06-12
PRY,Paraguay,LATAM,2022-12-31,2022,A,exportaciones_pbi,34.3693845850532,% PBI,WB,World Bank,NE.EXP.GNFS.ZS,2026-06-12
PRY,Paraguay,LATAM,2023-12-31,2023,A,exportaciones_pbi,42.0641902129227,% PBI,WB,World Bank,NE.EXP.GNFS.ZS,2026-06-12
PRY,Paraguay,LATAM,2024-12-31,2024,A,exportaciones_pbi,37.2016814689979,% PBI,WB,World Bank,NE.EXP.GNFS.ZS,2026-06-12
PRY,Paraguay,LATAM,2000-12-31,2000,A,importaciones_pbi,35.3138037316551,% PBI,WB,World Bank,NE.IMP.GNFS.ZS,2026-06-12
PRY,Paraguay,LATAM,2001-12-31,2001,A,importaciones_pbi,31.963110050997,% PBI,WB,World Bank,NE.IMP.GNFS.ZS,2026-06-12
PRY,Paraguay,LATAM,2002-12-31,2002,A,importaciones_pbi,31.9664891095553,% PBI,WB,World Bank,NE.IMP.GNFS.ZS,2026-06-12
PRY,Paraguay,LATAM,2003-12-31,2003,A,importaciones_pbi,33.982706173801,% PBI,WB,World Bank,NE.IMP.GNFS.ZS,2026-06-12
PRY,Paraguay,LATAM,2004-12-31,2004,A,importaciones_pbi,34.4166219437055,% PBI,WB,World Bank,NE.IMP.GNFS.ZS,2026-06-12
PRY,Paraguay,LATAM,2005-12-31,2005,A,importaciones_pbi,37.428371542061,% PBI,WB,World Bank,NE.IMP.GNFS.ZS,2026-06-12
PRY,Paraguay,LATAM,2006-12-31,2006,A,importaciones_pbi,38.4404461267571,% PBI,WB,World Bank,NE.IMP.GNFS.ZS,2026-06-12
PRY,Paraguay,LATAM,2007-12-31,2007,A,importaciones_pbi,35.6262082643558,% PBI,WB,World Bank,NE.IMP.GNFS.ZS,2026-06-12
PRY,Paraguay,LATAM,2008-12-31,2008,A,importaciones_pbi,38.3392059478592,% PBI,WB,World Bank,NE.IMP.GNFS.ZS,2026-06-12
PRY,Paraguay,LATAM,2009-12-31,2009,A,importaciones_pbi,32.7447278132381,% PBI,WB,World Bank,NE.IMP.GNFS.ZS,2026-06-12
PRY,Paraguay,LATAM,2010-12-31,2010,A,importaciones_pbi,39.117681749068,% PBI,WB,World Bank,NE.IMP.GNFS.ZS,2026-06-12
PRY,Paraguay,LATAM,2011-12-31,2011,A,importaciones_pbi,38.2532641803332,% PBI,WB,World Bank,NE.IMP.GNFS.ZS,2026-06-12
PRY,Paraguay,LATAM,2012-12-31,2012,A,importaciones_pbi,36.7694382578798,% PBI,WB,World Bank,NE.IMP.GNFS.ZS,2026-06-12
PRY,Paraguay,LATAM,2013-12-31,2013,A,importaciones_pbi,34.6562058018937,% PBI,WB,World Bank,NE.IMP.GNFS.ZS,2026-06-12
PRY,Paraguay,LATAM,2014-12-31,2014,A,importaciones_pbi,33.6193130643263,% PBI,WB,World Bank,NE.IMP.GNFS.ZS,2026-06-12
PRY,Paraguay,LATAM,2015-12-31,2015,A,importaciones_pbi,32.1804068259964,% PBI,WB,World Bank,NE.IMP.GNFS.ZS,2026-06-12
PRY,Paraguay,LATAM,2016-12-31,2016,A,importaciones_pbi,30.6160823269976,% PBI,WB,World Bank,NE.IMP.GNFS.ZS,2026-06-12
PRY,Paraguay,LATAM,2017-12-31,2017,A,importaciones_pbi,32.9108498634558,% PBI,WB,World Bank,NE.IMP.GNFS.ZS,2026-06-12
PRY,Paraguay,LATAM,2018-12-31,2018,A,importaciones_pbi,35.2160000895013,% PBI,WB,World Bank,NE.IMP.GNFS.ZS,2026-06-12
PRY,Paraguay,LATAM,2019-12-31,2019,A,importaciones_pbi,35.134870790802,% PBI,WB,World Bank,NE.IMP.GNFS.ZS,2026-06-12
PRY,Paraguay,LATAM,2020-12-31,2020,A,importaciones_pbi,29.4895904898352,% PBI,WB,World Bank,NE.IMP.GNFS.ZS,2026-06-12
PRY,Paraguay,LATAM,2021-12-31,2021,A,importaciones_pbi,34.2551805109774,% PBI,WB,World Bank,NE.IMP.GNFS.ZS,2026-06-12
PRY,Paraguay,LATAM,2022-12-31,2022,A,importaciones_pbi,39.3685204368034,% PBI,WB,World Bank,NE.IMP.GNFS.ZS,2026-06-12
PRY,Paraguay,LATAM,2023-12-31,2023,A,importaciones_pbi,40.3410205612346,% PBI,WB,World Bank,NE.IMP.GNFS.ZS,2026-06-12
PRY,Paraguay,LATAM,2024-12-31,2024,A,importaciones_pbi,39.6294750740646,% PBI,WB,World Bank,NE.IMP.GNFS.ZS,2026-06-12
PRY,Paraguay,LATAM,2000-12-31,2000,A,industria_pbi,35.5635329986887,% PBI,WB,World Bank,NV.IND.TOTL.ZS,2026-06-12
PRY,Paraguay,LATAM,2001-12-31,2001,A,industria_pbi,38.5619118460378,% PBI,WB,World Bank,NV.IND.TOTL.ZS,2026-06-12
PRY,Paraguay,LATAM,2002-12-31,2002,A,industria_pbi,42.1710275465435,% PBI,WB,World Bank,NV.IND.TOTL.ZS,2026-06-12
PRY,Paraguay,LATAM,2003-12-31,2003,A,industria_pbi,40.2733826715247,% PBI,WB,World Bank,NV.IND.TOTL.ZS,2026-06-12
PRY,Paraguay,LATAM,2004-12-31,2004,A,industria_pbi,38.4052880586144,% PBI,WB,World Bank,NV.IND.TOTL.ZS,2026-06-12
PRY,Paraguay,LATAM,2005-12-31,2005,A,industria_pbi,39.2893886541103,% PBI,WB,World Bank,NV.IND.TOTL.ZS,2026-06-12
PRY,Paraguay,LATAM,2006-12-31,2006,A,industria_pbi,38.3057903240628,% PBI,WB,World Bank,NV.IND.TOTL.ZS,2026-06-12
PRY,Paraguay,LATAM,2007-12-31,2007,A,industria_pbi,37.1011236408528,% PBI,WB,World Bank,NV.IND.TOTL.ZS,2026-06-12
PRY,Paraguay,LATAM,2008-12-31,2008,A,industria_pbi,36.7688484491586,% PBI,WB,World Bank,NV.IND.TOTL.ZS,2026-06-12
PRY,Paraguay,LATAM,2009-12-31,2009,A,industria_pbi,37.38083932116,% PBI,WB,World Bank,NV.IND.TOTL.ZS,2026-06-12
PRY,Paraguay,LATAM,2010-12-31,2010,A,industria_pbi,34.6039155110683,% PBI,WB,World Bank,NV.IND.TOTL.ZS,2026-06-12
PRY,Paraguay,LATAM,2011-12-31,2011,A,industria_pbi,34.0345623930043,% PBI,WB,World Bank,NV.IND.TOTL.ZS,2026-06-12
PRY,Paraguay,LATAM,2012-12-31,2012,A,industria_pbi,34.5140981436728,% PBI,WB,World Bank,NV.IND.TOTL.ZS,2026-06-12
PRY,Paraguay,LATAM,2013-12-31,2013,A,industria_pbi,33.232924993924,% PBI,WB,World Bank,NV.IND.TOTL.ZS,2026-06-12
PRY,Paraguay,LATAM,2014-12-31,2014,A,industria_pbi,33.6080758464952,% PBI,WB,World Bank,NV.IND.TOTL.ZS,2026-06-12
PRY,Paraguay,LATAM,2015-12-31,2015,A,industria_pbi,34.582253753407,% PBI,WB,World Bank,NV.IND.TOTL.ZS,2026-06-12
PRY,Paraguay,LATAM,2016-12-31,2016,A,industria_pbi,34.4967803217785,% PBI,WB,World Bank,NV.IND.TOTL.ZS,2026-06-12
PRY,Paraguay,LATAM,2017-12-31,2017,A,industria_pbi,34.3937589134318,% PBI,WB,World Bank,NV.IND.TOTL.ZS,2026-06-12
PRY,Paraguay,LATAM,2018-12-31,2018,A,industria_pbi,33.556175213621,% PBI,WB,World Bank,NV.IND.TOTL.ZS,2026-06-12
PRY,Paraguay,LATAM,2019-12-31,2019,A,industria_pbi,33.4893114330734,% PBI,WB,World Bank,NV.IND.TOTL.ZS,2026-06-12
PRY,Paraguay,LATAM,2020-12-31,2020,A,industria_pbi,34.2042992219391,% PBI,WB,World Bank,NV.IND.TOTL.ZS,2026-06-12
PRY,Paraguay,LATAM,2021-12-31,2021,A,industria_pbi,34.6796897271552,% PBI,WB,World Bank,NV.IND.TOTL.ZS,2026-06-12
PRY,Paraguay,LATAM,2022-12-31,2022,A,industria_pbi,34.2539657600776,% PBI,WB,World Bank,NV.IND.TOTL.ZS,2026-06-12
PRY,Paraguay,LATAM,2023-12-31,2023,A,industria_pbi,32.8917641916625,% PBI,WB,World Bank,NV.IND.TOTL.ZS,2026-06-12
PRY,Paraguay,LATAM,2024-12-31,2024,A,industria_pbi,32.4816951610773,% PBI,WB,World Bank,NV.IND.TOTL.ZS,2026-06-12
PRY,Paraguay,LATAM,2000-12-31,2000,A,inflacion,8.98215976750022,% anual,WB,World Bank,FP.CPI.TOTL.ZG,2026-06-12
PRY,Paraguay,LATAM,2001-12-31,2001,A,inflacion,7.26806028584825,% anual,WB,World Bank,FP.CPI.TOTL.ZG,2026-06-12
PRY,Paraguay,LATAM,2002-12-31,2002,A,inflacion,10.5102420856612,% anual,WB,World Bank,FP.CPI.TOTL.ZG,2026-06-12
PRY,Paraguay,LATAM,2003-12-31,2003,A,inflacion,14.2367970499143,% anual,WB,World Bank,FP.CPI.TOTL.ZG,2026-06-12
PRY,Paraguay,LATAM,2004-12-31,2004,A,inflacion,4.32326492967491,% anual,WB,World Bank,FP.CPI.TOTL.ZG,2026-06-12
PRY,Paraguay,LATAM,2005-12-31,2005,A,inflacion,6.80738203116377,% anual,WB,World Bank,FP.CPI.TOTL.ZG,2026-06-12
PRY,Paraguay,LATAM,2006-12-31,2006,A,inflacion,9.58934941129229,% anual,WB,World Bank,FP.CPI.TOTL.ZG,2026-06-12
PRY,Paraguay,LATAM,2007-12-31,2007,A,inflacion,8.13047417698577,% anual,WB,World Bank,FP.CPI.TOTL.ZG,2026-06-12
PRY,Paraguay,LATAM,2008-12-31,2008,A,inflacion,10.1547846489023,% anual,WB,World Bank,FP.CPI.TOTL.ZG,2026-06-12
PRY,Paraguay,LATAM,2009-12-31,2009,A,inflacion,2.59194673430567,% anual,WB,World Bank,FP.CPI.TOTL.ZG,2026-06-12
PRY,Paraguay,LATAM,2010-12-31,2010,A,inflacion,4.65116279069765,% anual,WB,World Bank,FP.CPI.TOTL.ZG,2026-06-12
PRY,Paraguay,LATAM,2011-12-31,2011,A,inflacion,8.2539682539683,% anual,WB,World Bank,FP.CPI.TOTL.ZG,2026-06-12
PRY,Paraguay,LATAM,2012-12-31,2012,A,inflacion,3.67591897974496,% anual,WB,World Bank,FP.CPI.TOTL.ZG,2026-06-12
PRY,Paraguay,LATAM,2013-12-31,2013,A,inflacion,2.68385738718582,% anual,WB,World Bank,FP.CPI.TOTL.ZG,2026-06-12
PRY,Paraguay,LATAM,2014-12-31,2014,A,inflacion,5.02882767456766,% anual,WB,World Bank,FP.CPI.TOTL.ZG,2026-06-12
PRY,Paraguay,LATAM,2015-12-31,2015,A,inflacion,3.12900274473925,% anual,WB,World Bank,FP.CPI.TOTL.ZG,2026-06-12
PRY,Paraguay,LATAM,2016-12-31,2016,A,inflacion,4.08682280577241,% anual,WB,World Bank,FP.CPI.TOTL.ZG,2026-06-12
PRY,Paraguay,LATAM,2017-12-31,2017,A,inflacion,3.60247741348943,% anual,WB,World Bank,FP.CPI.TOTL.ZG,2026-06-12
PRY,Paraguay,LATAM,2018-12-31,2018,A,inflacion,3.97561015740694,% anual,WB,World Bank,FP.CPI.TOTL.ZG,2026-06-12
PRY,Paraguay,LATAM,2019-12-31,2019,A,inflacion,2.75709727562775,% anual,WB,World Bank,FP.CPI.TOTL.ZG,2026-06-12
PRY,Paraguay,LATAM,2020-12-31,2020,A,inflacion,1.76751592356698,% anual,WB,World Bank,FP.CPI.TOTL.ZG,2026-06-12
PRY,Paraguay,LATAM,2021-12-31,2021,A,inflacion,4.787983101236,% anual,WB,World Bank,FP.CPI.TOTL.ZG,2026-06-12
PRY,Paraguay,LATAM,2022-12-31,2022,A,inflacion,9.76556667164402,% anual,WB,World Bank,FP.CPI.TOTL.ZG,2026-06-12
PRY,Paraguay,LATAM,2023-12-31,2023,A,inflacion,4.63202285403356,% anual,WB,World Bank,FP.CPI.TOTL.ZG,2026-06-12
PRY,Paraguay,LATAM,2024-12-31,2024,A,inflacion,3.83540271728533,% anual,WB,World Bank,FP.CPI.TOTL.ZG,2026-06-12
PRY,Paraguay,LATAM,2000-12-31,2000,A,inversion_pbi,17.3392448147808,% PBI,WB,World Bank,NE.GDI.TOTL.ZS,2026-06-12
PRY,Paraguay,LATAM,2001-12-31,2001,A,inversion_pbi,17.9677838077187,% PBI,WB,World Bank,NE.GDI.TOTL.ZS,2026-06-12
PRY,Paraguay,LATAM,2002-12-31,2002,A,inversion_pbi,18.0997007043384,% PBI,WB,World Bank,NE.GDI.TOTL.ZS,2026-06-12
PRY,Paraguay,LATAM,2003-12-31,2003,A,inversion_pbi,20.6270244034487,% PBI,WB,World Bank,NE.GDI.TOTL.ZS,2026-06-12
PRY,Paraguay,LATAM,2004-12-31,2004,A,inversion_pbi,20.0681902485099,% PBI,WB,World Bank,NE.GDI.TOTL.ZS,2026-06-12
PRY,Paraguay,LATAM,2005-12-31,2005,A,inversion_pbi,20.9031844113431,% PBI,WB,World Bank,NE.GDI.TOTL.ZS,2026-06-12
PRY,Paraguay,LATAM,2006-12-31,2006,A,inversion_pbi,21.9503842549058,% PBI,WB,World Bank,NE.GDI.TOTL.ZS,2026-06-12
PRY,Paraguay,LATAM,2007-12-31,2007,A,inversion_pbi,21.3245681130039,% PBI,WB,World Bank,NE.GDI.TOTL.ZS,2026-06-12
PRY,Paraguay,LATAM,2008-12-31,2008,A,inversion_pbi,22.2482943437117,% PBI,WB,World Bank,NE.GDI.TOTL.ZS,2026-06-12
PRY,Paraguay,LATAM,2009-12-31,2009,A,inversion_pbi,18.9159699698811,% PBI,WB,World Bank,NE.GDI.TOTL.ZS,2026-06-12
PRY,Paraguay,LATAM,2010-12-31,2010,A,inversion_pbi,23.834958440668,% PBI,WB,World Bank,NE.GDI.TOTL.ZS,2026-06-12
PRY,Paraguay,LATAM,2011-12-31,2011,A,inversion_pbi,24.6615700086338,% PBI,WB,World Bank,NE.GDI.TOTL.ZS,2026-06-12
PRY,Paraguay,LATAM,2012-12-31,2012,A,inversion_pbi,21.2642113310265,% PBI,WB,World Bank,NE.GDI.TOTL.ZS,2026-06-12
PRY,Paraguay,LATAM,2013-12-31,2013,A,inversion_pbi,22.0169832494221,% PBI,WB,World Bank,NE.GDI.TOTL.ZS,2026-06-12
PRY,Paraguay,LATAM,2014-12-31,2014,A,inversion_pbi,22.6588064100141,% PBI,WB,World Bank,NE.GDI.TOTL.ZS,2026-06-12
PRY,Paraguay,LATAM,2015-12-31,2015,A,inversion_pbi,21.878682412934,% PBI,WB,World Bank,NE.GDI.TOTL.ZS,2026-06-12
PRY,Paraguay,LATAM,2016-12-31,2016,A,inversion_pbi,19.806173956137,% PBI,WB,World Bank,NE.GDI.TOTL.ZS,2026-06-12
PRY,Paraguay,LATAM,2017-12-31,2017,A,inversion_pbi,20.6000429017992,% PBI,WB,World Bank,NE.GDI.TOTL.ZS,2026-06-12
PRY,Paraguay,LATAM,2018-12-31,2018,A,inversion_pbi,22.7820847953359,% PBI,WB,World Bank,NE.GDI.TOTL.ZS,2026-06-12
PRY,Paraguay,LATAM,2019-12-31,2019,A,inversion_pbi,21.6853116218499,% PBI,WB,World Bank,NE.GDI.TOTL.ZS,2026-06-12
PRY,Paraguay,LATAM,2020-12-31,2020,A,inversion_pbi,20.0414603496263,% PBI,WB,World Bank,NE.GDI.TOTL.ZS,2026-06-12
PRY,Paraguay,LATAM,2021-12-31,2021,A,inversion_pbi,23.9981273744216,% PBI,WB,World Bank,NE.GDI.TOTL.ZS,2026-06-12
PRY,Paraguay,LATAM,2022-12-31,2022,A,inversion_pbi,27.6864351426555,% PBI,WB,World Bank,NE.GDI.TOTL.ZS,2026-06-12
PRY,Paraguay,LATAM,2023-12-31,2023,A,inversion_pbi,20.1583849669205,% PBI,WB,World Bank,NE.GDI.TOTL.ZS,2026-06-12
PRY,Paraguay,LATAM,2024-12-31,2024,A,inversion_pbi,22.8357199630034,% PBI,WB,World Bank,NE.GDI.TOTL.ZS,2026-06-12
PRY,Paraguay,LATAM,2000-12-31,2000,A,manufactura_pbi,15.6778275044955,% PBI,WB,World Bank,NV.IND.MANF.ZS,2026-06-12
PRY,Paraguay,LATAM,2001-12-31,2001,A,manufactura_pbi,16.2068181252178,% PBI,WB,World Bank,NV.IND.MANF.ZS,2026-06-12
PRY,Paraguay,LATAM,2002-12-31,2002,A,manufactura_pbi,16.3934935668139,% PBI,WB,World Bank,NV.IND.MANF.ZS,2026-06-12
PRY,Paraguay,LATAM,2003-12-31,2003,A,manufactura_pbi,17.5145642129531,% PBI,WB,World Bank,NV.IND.MANF.ZS,2026-06-12
PRY,Paraguay,LATAM,2004-12-31,2004,A,manufactura_pbi,17.9348637783179,% PBI,WB,World Bank,NV.IND.MANF.ZS,2026-06-12
PRY,Paraguay,LATAM,2005-12-31,2005,A,manufactura_pbi,17.9590523871282,% PBI,WB,World Bank,NV.IND.MANF.ZS,2026-06-12
PRY,Paraguay,LATAM,2006-12-31,2006,A,manufactura_pbi,18.3216271525742,% PBI,WB,World Bank,NV.IND.MANF.ZS,2026-06-12
PRY,Paraguay,LATAM,2007-12-31,2007,A,manufactura_pbi,18.1933950444455,% PBI,WB,World Bank,NV.IND.MANF.ZS,2026-06-12
PRY,Paraguay,LATAM,2008-12-31,2008,A,manufactura_pbi,20.3352911426379,% PBI,WB,World Bank,NV.IND.MANF.ZS,2026-06-12
PRY,Paraguay,LATAM,2009-12-31,2009,A,manufactura_pbi,19.793011135178,% PBI,WB,World Bank,NV.IND.MANF.ZS,2026-06-12
PRY,Paraguay,LATAM,2010-12-31,2010,A,manufactura_pbi,18.5516039083083,% PBI,WB,World Bank,NV.IND.MANF.ZS,2026-06-12
PRY,Paraguay,LATAM,2011-12-31,2011,A,manufactura_pbi,18.3938123118914,% PBI,WB,World Bank,NV.IND.MANF.ZS,2026-06-12
PRY,Paraguay,LATAM,2012-12-31,2012,A,manufactura_pbi,18.521618713155,% PBI,WB,World Bank,NV.IND.MANF.ZS,2026-06-12
PRY,Paraguay,LATAM,2013-12-31,2013,A,manufactura_pbi,18.3165913482194,% PBI,WB,World Bank,NV.IND.MANF.ZS,2026-06-12
PRY,Paraguay,LATAM,2014-12-31,2014,A,manufactura_pbi,18.7675100760318,% PBI,WB,World Bank,NV.IND.MANF.ZS,2026-06-12
PRY,Paraguay,LATAM,2015-12-31,2015,A,manufactura_pbi,19.4164870545623,% PBI,WB,World Bank,NV.IND.MANF.ZS,2026-06-12
PRY,Paraguay,LATAM,2016-12-31,2016,A,manufactura_pbi,19.0612407979699,% PBI,WB,World Bank,NV.IND.MANF.ZS,2026-06-12
PRY,Paraguay,LATAM,2017-12-31,2017,A,manufactura_pbi,19.4527698175758,% PBI,WB,World Bank,NV.IND.MANF.ZS,2026-06-12
PRY,Paraguay,LATAM,2018-12-31,2018,A,manufactura_pbi,18.9927483082463,% PBI,WB,World Bank,NV.IND.MANF.ZS,2026-06-12
PRY,Paraguay,LATAM,2019-12-31,2019,A,manufactura_pbi,18.7951682400793,% PBI,WB,World Bank,NV.IND.MANF.ZS,2026-06-12
PRY,Paraguay,LATAM,2020-12-31,2020,A,manufactura_pbi,18.7044275348358,% PBI,WB,World Bank,NV.IND.MANF.ZS,2026-06-12
PRY,Paraguay,LATAM,2021-12-31,2021,A,manufactura_pbi,19.1898113036205,% PBI,WB,World Bank,NV.IND.MANF.ZS,2026-06-12
PRY,Paraguay,LATAM,2022-12-31,2022,A,manufactura_pbi,19.5025386108392,% PBI,WB,World Bank,NV.IND.MANF.ZS,2026-06-12
PRY,Paraguay,LATAM,2023-12-31,2023,A,manufactura_pbi,19.407103405112,% PBI,WB,World Bank,NV.IND.MANF.ZS,2026-06-12
PRY,Paraguay,LATAM,2024-12-31,2024,A,manufactura_pbi,19.0225604692616,% PBI,WB,World Bank,NV.IND.MANF.ZS,2026-06-12
PRY,Paraguay,LATAM,2000-12-31,2000,A,pbi,8855705139.55857,USD actuales,WB,World Bank,NY.GDP.MKTP.CD,2026-06-12
PRY,Paraguay,LATAM,2001-12-31,2001,A,pbi,8495806432.18467,USD actuales,WB,World Bank,NY.GDP.MKTP.CD,2026-06-12
PRY,Paraguay,LATAM,2002-12-31,2002,A,pbi,7196260656.84556,USD actuales,WB,World Bank,NY.GDP.MKTP.CD,2026-06-12
PRY,Paraguay,LATAM,2003-12-31,2003,A,pbi,7691367471.17992,USD actuales,WB,World Bank,NY.GDP.MKTP.CD,2026-06-12
PRY,Paraguay,LATAM,2004-12-31,2004,A,pbi,9624440836.29309,USD actuales,WB,World Bank,NY.GDP.MKTP.CD,2026-06-12
PRY,Paraguay,LATAM,2005-12-31,2005,A,pbi,10737500188.1123,USD actuales,WB,World Bank,NY.GDP.MKTP.CD,2026-06-12
PRY,Paraguay,LATAM,2006-12-31,2006,A,pbi,13429430050.261,USD actuales,WB,World Bank,NY.GDP.MKTP.CD,2026-06-12
PRY,Paraguay,LATAM,2007-12-31,2007,A,pbi,17856393235.4338,USD actuales,WB,World Bank,NY.GDP.MKTP.CD,2026-06-12
PRY,Paraguay,LATAM,2008-12-31,2008,A,pbi,24615267663.5385,USD actuales,WB,World Bank,NY.GDP.MKTP.CD,2026-06-12
PRY,Paraguay,LATAM,2009-12-31,2009,A,pbi,22355151162.0031,USD actuales,WB,World Bank,NY.GDP.MKTP.CD,2026-06-12
PRY,Paraguay,LATAM,2010-12-31,2010,A,pbi,27260886405.2341,USD actuales,WB,World Bank,NY.GDP.MKTP.CD,2026-06-12
PRY,Paraguay,LATAM,2011-12-31,2011,A,pbi,33756238766.4931,USD actuales,WB,World Bank,NY.GDP.MKTP.CD,2026-06-12
PRY,Paraguay,LATAM,2012-12-31,2012,A,pbi,33271921136.3071,USD actuales,WB,World Bank,NY.GDP.MKTP.CD,2026-06-12
PRY,Paraguay,LATAM,2013-12-31,2013,A,pbi,38501122141.4135,USD actuales,WB,World Bank,NY.GDP.MKTP.CD,2026-06-12
PRY,Paraguay,LATAM,2014-12-31,2014,A,pbi,40377929295.6522,USD actuales,WB,World Bank,NY.GDP.MKTP.CD,2026-06-12
PRY,Paraguay,LATAM,2015-12-31,2015,A,pbi,36211447840.1027,USD actuales,WB,World Bank,NY.GDP.MKTP.CD,2026-06-12
PRY,Paraguay,LATAM,2016-12-31,2016,A,pbi,36089700222.9546,USD actuales,WB,World Bank,NY.GDP.MKTP.CD,2026-06-12
PRY,Paraguay,LATAM,2017-12-31,2017,A,pbi,38997129473.5613,USD actuales,WB,World Bank,NY.GDP.MKTP.CD,2026-06-12
PRY,Paraguay,LATAM,2018-12-31,2018,A,pbi,40225448340.6341,USD actuales,WB,World Bank,NY.GDP.MKTP.CD,2026-06-12
PRY,Paraguay,LATAM,2019-12-31,2019,A,pbi,37925338329.156,USD actuales,WB,World Bank,NY.GDP.MKTP.CD,2026-06-12
PRY,Paraguay,LATAM,2020-12-31,2020,A,pbi,35432178068.1756,USD actuales,WB,World Bank,NY.GDP.MKTP.CD,2026-06-12
PRY,Paraguay,LATAM,2021-12-31,2021,A,pbi,39950899938.7474,USD actuales,WB,World Bank,NY.GDP.MKTP.CD,2026-06-12
PRY,Paraguay,LATAM,2022-12-31,2022,A,pbi,41952910858.0846,USD actuales,WB,World Bank,NY.GDP.MKTP.CD,2026-06-12
PRY,Paraguay,LATAM,2023-12-31,2023,A,pbi,43118053174.5461,USD actuales,WB,World Bank,NY.GDP.MKTP.CD,2026-06-12
PRY,Paraguay,LATAM,2024-12-31,2024,A,pbi,44458118397.4445,USD actuales,WB,World Bank,NY.GDP.MKTP.CD,2026-06-12
PRY,Paraguay,LATAM,2000-12-31,2000,A,pbi_per_capita,1736.11729210765,USD actuales,WB,World Bank,NY.GDP.PCAP.CD,2026-06-12
PRY,Paraguay,LATAM,2001-12-31,2001,A,pbi_per_capita,1637.68615122932,USD actuales,WB,World Bank,NY.GDP.PCAP.CD,2026-06-12
PRY,Paraguay,LATAM,2002-12-31,2002,A,pbi_per_capita,1367.76506935997,USD actuales,WB,World Bank,NY.GDP.PCAP.CD,2026-06-12
PRY,Paraguay,LATAM,2003-12-31,2003,A,pbi_per_capita,1443.99885236205,USD actuales,WB,World Bank,NY.GDP.PCAP.CD,2026-06-12
PRY,Paraguay,LATAM,2004-12-31,2004,A,pbi_per_capita,1786.21533938543,USD actuales,WB,World Bank,NY.GDP.PCAP.CD,2026-06-12
PRY,Paraguay,LATAM,2005-12-31,2005,A,pbi_per_capita,1970.87169852378,USD actuales,WB,World Bank,NY.GDP.PCAP.CD,2026-06-12
PRY,Paraguay,LATAM,2006-12-31,2006,A,pbi_per_capita,2439.43124694576,USD actuales,WB,World Bank,NY.GDP.PCAP.CD,2026-06-12
PRY,Paraguay,LATAM,2007-12-31,2007,A,pbi_per_capita,3211.93621659546,USD actuales,WB,World Bank,NY.GDP.PCAP.CD,2026-06-12
PRY,Paraguay,LATAM,2008-12-31,2008,A,pbi_per_capita,4384.95469437803,USD actuales,WB,World Bank,NY.GDP.PCAP.CD,2026-06-12
PRY,Paraguay,LATAM,2009-12-31,2009,A,pbi_per_capita,3941.84815479431,USD actuales,WB,World Bank,NY.GDP.PCAP.CD,2026-06-12
PRY,Paraguay,LATAM,2010-12-31,2010,A,pbi_per_capita,4750.96273669458,USD actuales,WB,World Bank,NY.GDP.PCAP.CD,2026-06-12
PRY,Paraguay,LATAM,2011-12-31,2011,A,pbi_per_capita,5805.40154542925,USD actuales,WB,World Bank,NY.GDP.PCAP.CD,2026-06-12
PRY,Paraguay,LATAM,2012-12-31,2012,A,pbi_per_capita,5642.16991672846,USD actuales,WB,World Bank,NY.GDP.PCAP.CD,2026-06-12
PRY,Paraguay,LATAM,2013-12-31,2013,A,pbi_per_capita,6435.68342733004,USD actuales,WB,World Bank,NY.GDP.PCAP.CD,2026-06-12
PRY,Paraguay,LATAM,2014-12-31,2014,A,pbi_per_capita,6652.25478942461,USD actuales,WB,World Bank,NY.GDP.PCAP.CD,2026-06-12
PRY,Paraguay,LATAM,2015-12-31,2015,A,pbi_per_capita,5879.33792308762,USD actuales,WB,World Bank,NY.GDP.PCAP.CD,2026-06-12
PRY,Paraguay,LATAM,2016-12-31,2016,A,pbi_per_capita,5775.15963399596,USD actuales,WB,World Bank,NY.GDP.PCAP.CD,2026-06-12
PRY,Paraguay,LATAM,2017-12-31,2017,A,pbi_per_capita,6152.2671153779,USD actuales,WB,World Bank,NY.GDP.PCAP.CD,2026-06-12
PRY,Paraguay,LATAM,2018-12-31,2018,A,pbi_per_capita,6258.44991640984,USD actuales,WB,World Bank,NY.GDP.PCAP.CD,2026-06-12
PRY,Paraguay,LATAM,2019-12-31,2019,A,pbi_per_capita,5821.18199548738,USD actuales,WB,World Bank,NY.GDP.PCAP.CD,2026-06-12
PRY,Paraguay,LATAM,2020-12-31,2020,A,pbi_per_capita,5365.47220721104,USD actuales,WB,World Bank,NY.GDP.PCAP.CD,2026-06-12
PRY,Paraguay,LATAM,2021-12-31,2021,A,pbi_per_capita,5976.93179789949,USD actuales,WB,World Bank,NY.GDP.PCAP.CD,2026-06-12
PRY,Paraguay,LATAM,2022-12-31,2022,A,pbi_per_capita,6205.62595379319,USD actuales,WB,World Bank,NY.GDP.PCAP.CD,2026-06-12
PRY,Paraguay,LATAM,2023-12-31,2023,A,pbi_per_capita,6299.99026533713,USD actuales,WB,World Bank,NY.GDP.PCAP.CD,2026-06-12
PRY,Paraguay,LATAM,2024-12-31,2024,A,pbi_per_capita,6416.09708970845,USD actuales,WB,World Bank,NY.GDP.PCAP.CD,2026-06-12
PRY,Paraguay,LATAM,2000-12-31,2000,A,poblacion,5100868.0,personas,WB,World Bank,SP.POP.TOTL,2026-06-12
PRY,Paraguay,LATAM,2001-12-31,2001,A,poblacion,5187689.0,personas,WB,World Bank,SP.POP.TOTL,2026-06-12
PRY,Paraguay,LATAM,2002-12-31,2002,A,poblacion,5261328.0,personas,WB,World Bank,SP.POP.TOTL,2026-06-12
PRY,Paraguay,LATAM,2003-12-31,2003,A,poblacion,5326436.0,personas,WB,World Bank,SP.POP.TOTL,2026-06-12
PRY,Paraguay,LATAM,2004-12-31,2004,A,poblacion,5388175.0,personas,WB,World Bank,SP.POP.TOTL,2026-06-12
PRY,Paraguay,LATAM,2005-12-31,2005,A,poblacion,5448097.0,personas,WB,World Bank,SP.POP.TOTL,2026-06-12
PRY,Paraguay,LATAM,2006-12-31,2006,A,poblacion,5505148.0,personas,WB,World Bank,SP.POP.TOTL,2026-06-12
PRY,Paraguay,LATAM,2007-12-31,2007,A,poblacion,5559386.0,personas,WB,World Bank,SP.POP.TOTL,2026-06-12
PRY,Paraguay,LATAM,2008-12-31,2008,A,poblacion,5613574.0,personas,WB,World Bank,SP.POP.TOTL,2026-06-12
PRY,Paraguay,LATAM,2009-12-31,2009,A,poblacion,5671236.0,personas,WB,World Bank,SP.POP.TOTL,2026-06-12
PRY,Paraguay,LATAM,2010-12-31,2010,A,poblacion,5737971.0,personas,WB,World Bank,SP.POP.TOTL,2026-06-12
PRY,Paraguay,LATAM,2011-12-31,2011,A,poblacion,5814626.0,personas,WB,World Bank,SP.POP.TOTL,2026-06-12
PRY,Paraguay,LATAM,2012-12-31,2012,A,poblacion,5897008.0,personas,WB,World Bank,SP.POP.TOTL,2026-06-12
PRY,Paraguay,LATAM,2013-12-31,2013,A,poblacion,5982445.0,personas,WB,World Bank,SP.POP.TOTL,2026-06-12
PRY,Paraguay,LATAM,2014-12-31,2014,A,poblacion,6069811.0,personas,WB,World Bank,SP.POP.TOTL,2026-06-12
PRY,Paraguay,LATAM,2015-12-31,2015,A,poblacion,6159103.0,personas,WB,World Bank,SP.POP.TOTL,2026-06-12
PRY,Paraguay,LATAM,2016-12-31,2016,A,poblacion,6249126.0,personas,WB,World Bank,SP.POP.TOTL,2026-06-12
PRY,Paraguay,LATAM,2017-12-31,2017,A,poblacion,6338660.0,personas,WB,World Bank,SP.POP.TOTL,2026-06-12
PRY,Paraguay,LATAM,2018-12-31,2018,A,poblacion,6427382.0,personas,WB,World Bank,SP.POP.TOTL,2026-06-12
PRY,Paraguay,LATAM,2019-12-31,2019,A,poblacion,6515058.0,personas,WB,World Bank,SP.POP.TOTL,2026-06-12
PRY,Paraguay,LATAM,2020-12-31,2020,A,poblacion,6603739.0,personas,WB,World Bank,SP.POP.TOTL,2026-06-12
PRY,Paraguay,LATAM,2021-12-31,2021,A,poblacion,6684182.0,personas,WB,World Bank,SP.POP.TOTL,2026-06-12
PRY,Paraguay,LATAM,2022-12-31,2022,A,poblacion,6760464.0,personas,WB,World Bank,SP.POP.TOTL,2026-06-12
PRY,Paraguay,LATAM,2023-12-31,2023,A,poblacion,6844146.0,personas,WB,World Bank,SP.POP.TOTL,2026-06-12
PRY,Paraguay,LATAM,2024-12-31,2024,A,poblacion,6929153.0,personas,WB,World Bank,SP.POP.TOTL,2026-06-12
PRY,Paraguay,LATAM,2000-12-31,2000,A,servicios_pbi,44.9075131170105,% PBI,WB,World Bank,NV.SRV.TOTL.ZS,2026-06-12
PRY,Paraguay,LATAM,2001-12-31,2001,A,servicios_pbi,43.6198607650467,% PBI,WB,World Bank,NV.SRV.TOTL.ZS,2026-06-12
PRY,Paraguay,LATAM,2002-12-31,2002,A,servicios_pbi,41.3656707962624,% PBI,WB,World Bank,NV.SRV.TOTL.ZS,2026-06-12
PRY,Paraguay,LATAM,2003-12-31,2003,A,servicios_pbi,40.7916144048049,% PBI,WB,World Bank,NV.SRV.TOTL.ZS,2026-06-12
PRY,Paraguay,LATAM,2004-12-31,2004,A,servicios_pbi,41.0107690235008,% PBI,WB,World Bank,NV.SRV.TOTL.ZS,2026-06-12
PRY,Paraguay,LATAM,2005-12-31,2005,A,servicios_pbi,41.7986259493051,% PBI,WB,World Bank,NV.SRV.TOTL.ZS,2026-06-12
PRY,Paraguay,LATAM,2006-12-31,2006,A,servicios_pbi,43.635121064116,% PBI,WB,World Bank,NV.SRV.TOTL.ZS,2026-06-12
PRY,Paraguay,LATAM,2007-12-31,2007,A,servicios_pbi,43.7732722238521,% PBI,WB,World Bank,NV.SRV.TOTL.ZS,2026-06-12
PRY,Paraguay,LATAM,2008-12-31,2008,A,servicios_pbi,43.3334831236237,% PBI,WB,World Bank,NV.SRV.TOTL.ZS,2026-06-12
PRY,Paraguay,LATAM,2009-12-31,2009,A,servicios_pbi,46.4438315436931,% PBI,WB,World Bank,NV.SRV.TOTL.ZS,2026-06-12
PRY,Paraguay,LATAM,2010-12-31,2010,A,servicios_pbi,45.3490217664919,% PBI,WB,World Bank,NV.SRV.TOTL.ZS,2026-06-12
PRY,Paraguay,LATAM,2011-12-31,2011,A,servicios_pbi,44.8644751127154,% PBI,WB,World Bank,NV.SRV.TOTL.ZS,2026-06-12
PRY,Paraguay,LATAM,2012-12-31,2012,A,servicios_pbi,48.1424560989953,% PBI,WB,World Bank,NV.SRV.TOTL.ZS,2026-06-12
PRY,Paraguay,LATAM,2013-12-31,2013,A,servicios_pbi,46.9815144205427,% PBI,WB,World Bank,NV.SRV.TOTL.ZS,2026-06-12
PRY,Paraguay,LATAM,2014-12-31,2014,A,servicios_pbi,47.115446711112,% PBI,WB,World Bank,NV.SRV.TOTL.ZS,2026-06-12
PRY,Paraguay,LATAM,2015-12-31,2015,A,servicios_pbi,48.642300967187,% PBI,WB,World Bank,NV.SRV.TOTL.ZS,2026-06-12
PRY,Paraguay,LATAM,2016-12-31,2016,A,servicios_pbi,47.6296883780607,% PBI,WB,World Bank,NV.SRV.TOTL.ZS,2026-06-12
PRY,Paraguay,LATAM,2017-12-31,2017,A,servicios_pbi,47.9606996049648,% PBI,WB,World Bank,NV.SRV.TOTL.ZS,2026-06-12
PRY,Paraguay,LATAM,2018-12-31,2018,A,servicios_pbi,48.8792744653751,% PBI,WB,World Bank,NV.SRV.TOTL.ZS,2026-06-12
PRY,Paraguay,LATAM,2019-12-31,2019,A,servicios_pbi,49.5586095739776,% PBI,WB,World Bank,NV.SRV.TOTL.ZS,2026-06-12
PRY,Paraguay,LATAM,2020-12-31,2020,A,servicios_pbi,48.1546300468662,% PBI,WB,World Bank,NV.SRV.TOTL.ZS,2026-06-12
PRY,Paraguay,LATAM,2021-12-31,2021,A,servicios_pbi,46.9922462915553,% PBI,WB,World Bank,NV.SRV.TOTL.ZS,2026-06-12
PRY,Paraguay,LATAM,2022-12-31,2022,A,servicios_pbi,47.7418134980514,% PBI,WB,World Bank,NV.SRV.TOTL.ZS,2026-06-12
PRY,Paraguay,LATAM,2023-12-31,2023,A,servicios_pbi,48.1394663805307,% PBI,WB,World Bank,NV.SRV.TOTL.ZS,2026-06-12
PRY,Paraguay,LATAM,2024-12-31,2024,A,servicios_pbi,48.7451301791156,% PBI,WB,World Bank,NV.SRV.TOTL.ZS,2026-06-12
URY,Uruguay,LATAM,2000-12-31,2000,A,agro_pbi,5.99419379958816,% PBI,WB,World Bank,NV.AGR.TOTL.ZS,2026-06-12
URY,Uruguay,LATAM,2001-12-31,2001,A,agro_pbi,5.5867032330245,% PBI,WB,World Bank,NV.AGR.TOTL.ZS,2026-06-12
URY,Uruguay,LATAM,2002-12-31,2002,A,agro_pbi,7.52965904535852,% PBI,WB,World Bank,NV.AGR.TOTL.ZS,2026-06-12
URY,Uruguay,LATAM,2003-12-31,2003,A,agro_pbi,9.63878300629108,% PBI,WB,World Bank,NV.AGR.TOTL.ZS,2026-06-12
URY,Uruguay,LATAM,2004-12-31,2004,A,agro_pbi,10.9967908719866,% PBI,WB,World Bank,NV.AGR.TOTL.ZS,2026-06-12
URY,Uruguay,LATAM,2005-12-31,2005,A,agro_pbi,8.74583674336276,% PBI,WB,World Bank,NV.AGR.TOTL.ZS,2026-06-12
URY,Uruguay,LATAM,2006-12-31,2006,A,agro_pbi,8.91384522998833,% PBI,WB,World Bank,NV.AGR.TOTL.ZS,2026-06-12
URY,Uruguay,LATAM,2007-12-31,2007,A,agro_pbi,8.49936418864264,% PBI,WB,World Bank,NV.AGR.TOTL.ZS,2026-06-12
URY,Uruguay,LATAM,2008-12-31,2008,A,agro_pbi,9.16892403649034,% PBI,WB,World Bank,NV.AGR.TOTL.ZS,2026-06-12
URY,Uruguay,LATAM,2009-12-31,2009,A,agro_pbi,7.88699609562802,% PBI,WB,World Bank,NV.AGR.TOTL.ZS,2026-06-12
URY,Uruguay,LATAM,2010-12-31,2010,A,agro_pbi,7.20206450749149,% PBI,WB,World Bank,NV.AGR.TOTL.ZS,2026-06-12
URY,Uruguay,LATAM,2011-12-31,2011,A,agro_pbi,8.82916199856249,% PBI,WB,World Bank,NV.AGR.TOTL.ZS,2026-06-12
URY,Uruguay,LATAM,2012-12-31,2012,A,agro_pbi,8.12177248512393,% PBI,WB,World Bank,NV.AGR.TOTL.ZS,2026-06-12
URY,Uruguay,LATAM,2013-12-31,2013,A,agro_pbi,7.61620062705491,% PBI,WB,World Bank,NV.AGR.TOTL.ZS,2026-06-12
URY,Uruguay,LATAM,2014-12-31,2014,A,agro_pbi,6.73546217242537,% PBI,WB,World Bank,NV.AGR.TOTL.ZS,2026-06-12
URY,Uruguay,LATAM,2015-12-31,2015,A,agro_pbi,6.13144194290358,% PBI,WB,World Bank,NV.AGR.TOTL.ZS,2026-06-12
URY,Uruguay,LATAM,2016-12-31,2016,A,agro_pbi,6.67871966293107,% PBI,WB,World Bank,NV.AGR.TOTL.ZS,2026-06-12
URY,Uruguay,LATAM,2017-12-31,2017,A,agro_pbi,5.40639904878287,% PBI,WB,World Bank,NV.AGR.TOTL.ZS,2026-06-12
URY,Uruguay,LATAM,2018-12-31,2018,A,agro_pbi,5.823866393323,% PBI,WB,World Bank,NV.AGR.TOTL.ZS,2026-06-12
URY,Uruguay,LATAM,2019-12-31,2019,A,agro_pbi,6.50279559696965,% PBI,WB,World Bank,NV.AGR.TOTL.ZS,2026-06-12
URY,Uruguay,LATAM,2020-12-31,2020,A,agro_pbi,7.20670291373453,% PBI,WB,World Bank,NV.AGR.TOTL.ZS,2026-06-12
URY,Uruguay,LATAM,2021-12-31,2021,A,agro_pbi,7.73426774499001,% PBI,WB,World Bank,NV.AGR.TOTL.ZS,2026-06-12
URY,Uruguay,LATAM,2022-12-31,2022,A,agro_pbi,6.91840277577074,% PBI,WB,World Bank,NV.AGR.TOTL.ZS,2026-06-12
URY,Uruguay,LATAM,2023-12-31,2023,A,agro_pbi,6.09100939846272,% PBI,WB,World Bank,NV.AGR.TOTL.ZS,2026-06-12
URY,Uruguay,LATAM,2024-12-31,2024,A,agro_pbi,6.42188821840422,% PBI,WB,World Bank,NV.AGR.TOTL.ZS,2026-06-12
URY,Uruguay,LATAM,2000-12-31,2000,A,crecimiento_pbi,-1.92993063549235,% anual,WB,World Bank,NY.GDP.MKTP.KD.ZG,2026-06-12
URY,Uruguay,LATAM,2001-12-31,2001,A,crecimiento_pbi,-3.84412995940374,% anual,WB,World Bank,NY.GDP.MKTP.KD.ZG,2026-06-12
URY,Uruguay,LATAM,2002-12-31,2002,A,crecimiento_pbi,-7.73200721540044,% anual,WB,World Bank,NY.GDP.MKTP.KD.ZG,2026-06-12
URY,Uruguay,LATAM,2003-12-31,2003,A,crecimiento_pbi,0.805283915893824,% anual,WB,World Bank,NY.GDP.MKTP.KD.ZG,2026-06-12
URY,Uruguay,LATAM,2004-12-31,2004,A,crecimiento_pbi,5.00416035564457,% anual,WB,World Bank,NY.GDP.MKTP.KD.ZG,2026-06-12
URY,Uruguay,LATAM,2005-12-31,2005,A,crecimiento_pbi,7.4601321302473,% anual,WB,World Bank,NY.GDP.MKTP.KD.ZG,2026-06-12
URY,Uruguay,LATAM,2006-12-31,2006,A,crecimiento_pbi,4.09857735445401,% anual,WB,World Bank,NY.GDP.MKTP.KD.ZG,2026-06-12
URY,Uruguay,LATAM,2007-12-31,2007,A,crecimiento_pbi,6.54151084504817,% anual,WB,World Bank,NY.GDP.MKTP.KD.ZG,2026-06-12
URY,Uruguay,LATAM,2008-12-31,2008,A,crecimiento_pbi,7.17614466455107,% anual,WB,World Bank,NY.GDP.MKTP.KD.ZG,2026-06-12
URY,Uruguay,LATAM,2009-12-31,2009,A,crecimiento_pbi,4.24349419462426,% anual,WB,World Bank,NY.GDP.MKTP.KD.ZG,2026-06-12
URY,Uruguay,LATAM,2010-12-31,2010,A,crecimiento_pbi,7.8034096507169,% anual,WB,World Bank,NY.GDP.MKTP.KD.ZG,2026-06-12
URY,Uruguay,LATAM,2011-12-31,2011,A,crecimiento_pbi,5.16213302463606,% anual,WB,World Bank,NY.GDP.MKTP.KD.ZG,2026-06-12
URY,Uruguay,LATAM,2012-12-31,2012,A,crecimiento_pbi,3.53817872056869,% anual,WB,World Bank,NY.GDP.MKTP.KD.ZG,2026-06-12
URY,Uruguay,LATAM,2013-12-31,2013,A,crecimiento_pbi,4.63753862902416,% anual,WB,World Bank,NY.GDP.MKTP.KD.ZG,2026-06-12
URY,Uruguay,LATAM,2014-12-31,2014,A,crecimiento_pbi,3.23879122952364,% anual,WB,World Bank,NY.GDP.MKTP.KD.ZG,2026-06-12
URY,Uruguay,LATAM,2015-12-31,2015,A,crecimiento_pbi,0.370741257681345,% anual,WB,World Bank,NY.GDP.MKTP.KD.ZG,2026-06-12
URY,Uruguay,LATAM,2016-12-31,2016,A,crecimiento_pbi,1.68979822971775,% anual,WB,World Bank,NY.GDP.MKTP.KD.ZG,2026-06-12
URY,Uruguay,LATAM,2017-12-31,2017,A,crecimiento_pbi,1.74037643374211,% anual,WB,World Bank,NY.GDP.MKTP.KD.ZG,2026-06-12
URY,Uruguay,LATAM,2018-12-31,2018,A,crecimiento_pbi,0.164777608940113,% anual,WB,World Bank,NY.GDP.MKTP.KD.ZG,2026-06-12
URY,Uruguay,LATAM,2019-12-31,2019,A,crecimiento_pbi,0.928351141267498,% anual,WB,World Bank,NY.GDP.MKTP.KD.ZG,2026-06-12
URY,Uruguay,LATAM,2020-12-31,2020,A,crecimiento_pbi,-7.35732706484723,% anual,WB,World Bank,NY.GDP.MKTP.KD.ZG,2026-06-12
URY,Uruguay,LATAM,2021-12-31,2021,A,crecimiento_pbi,5.84427312558179,% anual,WB,World Bank,NY.GDP.MKTP.KD.ZG,2026-06-12
URY,Uruguay,LATAM,2022-12-31,2022,A,crecimiento_pbi,4.48622703072073,% anual,WB,World Bank,NY.GDP.MKTP.KD.ZG,2026-06-12
URY,Uruguay,LATAM,2023-12-31,2023,A,crecimiento_pbi,0.742128785315927,% anual,WB,World Bank,NY.GDP.MKTP.KD.ZG,2026-06-12
URY,Uruguay,LATAM,2024-12-31,2024,A,crecimiento_pbi,3.10825478066172,% anual,WB,World Bank,NY.GDP.MKTP.KD.ZG,2026-06-12
URY,Uruguay,LATAM,2000-12-31,2000,A,desempleo,12.627,% población activa,WB,World Bank,SL.UEM.TOTL.ZS,2026-06-12
URY,Uruguay,LATAM,2001-12-31,2001,A,desempleo,15.052,% población activa,WB,World Bank,SL.UEM.TOTL.ZS,2026-06-12
URY,Uruguay,LATAM,2002-12-31,2002,A,desempleo,16.648,% población activa,WB,World Bank,SL.UEM.TOTL.ZS,2026-06-12
URY,Uruguay,LATAM,2003-12-31,2003,A,desempleo,16.661,% población activa,WB,World Bank,SL.UEM.TOTL.ZS,2026-06-12
URY,Uruguay,LATAM,2004-12-31,2004,A,desempleo,12.98,% población activa,WB,World Bank,SL.UEM.TOTL.ZS,2026-06-12
URY,Uruguay,LATAM,2005-12-31,2005,A,desempleo,12.009,% población activa,WB,World Bank,SL.UEM.TOTL.ZS,2026-06-12
URY,Uruguay,LATAM,2006-12-31,2006,A,desempleo,10.844,% población activa,WB,World Bank,SL.UEM.TOTL.ZS,2026-06-12
URY,Uruguay,LATAM,2007-12-31,2007,A,desempleo,9.403,% población activa,WB,World Bank,SL.UEM.TOTL.ZS,2026-06-12
URY,Uruguay,LATAM,2008-12-31,2008,A,desempleo,8.025,% población activa,WB,World Bank,SL.UEM.TOTL.ZS,2026-06-12
URY,Uruguay,LATAM,2009-12-31,2009,A,desempleo,7.74,% población activa,WB,World Bank,SL.UEM.TOTL.ZS,2026-06-12
URY,Uruguay,LATAM,2010-12-31,2010,A,desempleo,7.158,% población activa,WB,World Bank,SL.UEM.TOTL.ZS,2026-06-12
URY,Uruguay,LATAM,2011-12-31,2011,A,desempleo,6.307,% población activa,WB,World Bank,SL.UEM.TOTL.ZS,2026-06-12
URY,Uruguay,LATAM,2012-12-31,2012,A,desempleo,6.451,% población activa,WB,World Bank,SL.UEM.TOTL.ZS,2026-06-12
URY,Uruguay,LATAM,2013-12-31,2013,A,desempleo,6.444,% población activa,WB,World Bank,SL.UEM.TOTL.ZS,2026-06-12
URY,Uruguay,LATAM,2014-12-31,2014,A,desempleo,6.547,% población activa,WB,World Bank,SL.UEM.TOTL.ZS,2026-06-12
URY,Uruguay,LATAM,2015-12-31,2015,A,desempleo,7.488,% población activa,WB,World Bank,SL.UEM.TOTL.ZS,2026-06-12
URY,Uruguay,LATAM,2016-12-31,2016,A,desempleo,7.841,% población activa,WB,World Bank,SL.UEM.TOTL.ZS,2026-06-12
URY,Uruguay,LATAM,2017-12-31,2017,A,desempleo,7.89,% población activa,WB,World Bank,SL.UEM.TOTL.ZS,2026-06-12
URY,Uruguay,LATAM,2018-12-31,2018,A,desempleo,8.336,% población activa,WB,World Bank,SL.UEM.TOTL.ZS,2026-06-12
URY,Uruguay,LATAM,2019-12-31,2019,A,desempleo,8.836,% población activa,WB,World Bank,SL.UEM.TOTL.ZS,2026-06-12
URY,Uruguay,LATAM,2020-12-31,2020,A,desempleo,10.413,% población activa,WB,World Bank,SL.UEM.TOTL.ZS,2026-06-12
URY,Uruguay,LATAM,2021-12-31,2021,A,desempleo,9.328,% población activa,WB,World Bank,SL.UEM.TOTL.ZS,2026-06-12
URY,Uruguay,LATAM,2022-12-31,2022,A,desempleo,7.877,% población activa,WB,World Bank,SL.UEM.TOTL.ZS,2026-06-12
URY,Uruguay,LATAM,2023-12-31,2023,A,desempleo,8.355,% población activa,WB,World Bank,SL.UEM.TOTL.ZS,2026-06-12
URY,Uruguay,LATAM,2024-12-31,2024,A,desempleo,8.209,% población activa,WB,World Bank,SL.UEM.TOTL.ZS,2026-06-12
URY,Uruguay,LATAM,2025-12-31,2025,A,desempleo,7.516,% población activa,WB,World Bank,SL.UEM.TOTL.ZS,2026-06-12
URY,Uruguay,LATAM,2000-12-31,2000,A,exportaciones_pbi,16.6980989454195,% PBI,WB,World Bank,NE.EXP.GNFS.ZS,2026-06-12
URY,Uruguay,LATAM,2001-12-31,2001,A,exportaciones_pbi,16.8046592733471,% PBI,WB,World Bank,NE.EXP.GNFS.ZS,2026-06-12
URY,Uruguay,LATAM,2002-12-31,2002,A,exportaciones_pbi,20.6216724821799,% PBI,WB,World Bank,NE.EXP.GNFS.ZS,2026-06-12
URY,Uruguay,LATAM,2003-12-31,2003,A,exportaciones_pbi,27.4324201365808,% PBI,WB,World Bank,NE.EXP.GNFS.ZS,2026-06-12
URY,Uruguay,LATAM,2004-12-31,2004,A,exportaciones_pbi,32.1122956028892,% PBI,WB,World Bank,NE.EXP.GNFS.ZS,2026-06-12
URY,Uruguay,LATAM,2005-12-31,2005,A,exportaciones_pbi,30.4040198202399,% PBI,WB,World Bank,NE.EXP.GNFS.ZS,2026-06-12
URY,Uruguay,LATAM,2006-12-31,2006,A,exportaciones_pbi,30.2975044020751,% PBI,WB,World Bank,NE.EXP.GNFS.ZS,2026-06-12
URY,Uruguay,LATAM,2007-12-31,2007,A,exportaciones_pbi,29.0904872479399,% PBI,WB,World Bank,NE.EXP.GNFS.ZS,2026-06-12
URY,Uruguay,LATAM,2008-12-31,2008,A,exportaciones_pbi,30.2030239718046,% PBI,WB,World Bank,NE.EXP.GNFS.ZS,2026-06-12
URY,Uruguay,LATAM,2009-12-31,2009,A,exportaciones_pbi,27.0992157546178,% PBI,WB,World Bank,NE.EXP.GNFS.ZS,2026-06-12
URY,Uruguay,LATAM,2010-12-31,2010,A,exportaciones_pbi,26.3429945409681,% PBI,WB,World Bank,NE.EXP.GNFS.ZS,2026-06-12
URY,Uruguay,LATAM,2011-12-31,2011,A,exportaciones_pbi,26.4221494211811,% PBI,WB,World Bank,NE.EXP.GNFS.ZS,2026-06-12
URY,Uruguay,LATAM,2012-12-31,2012,A,exportaciones_pbi,25.9196294244279,% PBI,WB,World Bank,NE.EXP.GNFS.ZS,2026-06-12
URY,Uruguay,LATAM,2013-12-31,2013,A,exportaciones_pbi,23.3531364247538,% PBI,WB,World Bank,NE.EXP.GNFS.ZS,2026-06-12
URY,Uruguay,LATAM,2014-12-31,2014,A,exportaciones_pbi,23.5426616139817,% PBI,WB,World Bank,NE.EXP.GNFS.ZS,2026-06-12
URY,Uruguay,LATAM,2015-12-31,2015,A,exportaciones_pbi,22.4778512515741,% PBI,WB,World Bank,NE.EXP.GNFS.ZS,2026-06-12
URY,Uruguay,LATAM,2016-12-31,2016,A,exportaciones_pbi,26.9316576016427,% PBI,WB,World Bank,NE.EXP.GNFS.ZS,2026-06-12
URY,Uruguay,LATAM,2017-12-31,2017,A,exportaciones_pbi,25.9311810606296,% PBI,WB,World Bank,NE.EXP.GNFS.ZS,2026-06-12
URY,Uruguay,LATAM,2018-12-31,2018,A,exportaciones_pbi,26.4215439434306,% PBI,WB,World Bank,NE.EXP.GNFS.ZS,2026-06-12
URY,Uruguay,LATAM,2019-12-31,2019,A,exportaciones_pbi,27.9053695836796,% PBI,WB,World Bank,NE.EXP.GNFS.ZS,2026-06-12
URY,Uruguay,LATAM,2020-12-31,2020,A,exportaciones_pbi,26.188280623321,% PBI,WB,World Bank,NE.EXP.GNFS.ZS,2026-06-12
URY,Uruguay,LATAM,2021-12-31,2021,A,exportaciones_pbi,32.944605201732,% PBI,WB,World Bank,NE.EXP.GNFS.ZS,2026-06-12
URY,Uruguay,LATAM,2022-12-31,2022,A,exportaciones_pbi,33.3316130133263,% PBI,WB,World Bank,NE.EXP.GNFS.ZS,2026-06-12
URY,Uruguay,LATAM,2023-12-31,2023,A,exportaciones_pbi,28.1403012343037,% PBI,WB,World Bank,NE.EXP.GNFS.ZS,2026-06-12
URY,Uruguay,LATAM,2024-12-31,2024,A,exportaciones_pbi,28.7607719167193,% PBI,WB,World Bank,NE.EXP.GNFS.ZS,2026-06-12
URY,Uruguay,LATAM,2000-12-31,2000,A,importaciones_pbi,20.0156392053707,% PBI,WB,World Bank,NE.IMP.GNFS.ZS,2026-06-12
URY,Uruguay,LATAM,2001-12-31,2001,A,importaciones_pbi,19.5048533701585,% PBI,WB,World Bank,NE.IMP.GNFS.ZS,2026-06-12
URY,Uruguay,LATAM,2002-12-31,2002,A,importaciones_pbi,19.40739482538,% PBI,WB,World Bank,NE.IMP.GNFS.ZS,2026-06-12
URY,Uruguay,LATAM,2003-12-31,2003,A,importaciones_pbi,24.3267794460664,% PBI,WB,World Bank,NE.IMP.GNFS.ZS,2026-06-12
URY,Uruguay,LATAM,2004-12-31,2004,A,importaciones_pbi,29.364392483135,% PBI,WB,World Bank,NE.IMP.GNFS.ZS,2026-06-12
URY,Uruguay,LATAM,2005-12-31,2005,A,importaciones_pbi,28.4736765053376,% PBI,WB,World Bank,NE.IMP.GNFS.ZS,2026-06-12
URY,Uruguay,LATAM,2006-12-31,2006,A,importaciones_pbi,31.6740701145125,% PBI,WB,World Bank,NE.IMP.GNFS.ZS,2026-06-12
URY,Uruguay,LATAM,2007-12-31,2007,A,importaciones_pbi,30.1199605894696,% PBI,WB,World Bank,NE.IMP.GNFS.ZS,2026-06-12
URY,Uruguay,LATAM,2008-12-31,2008,A,importaciones_pbi,35.0050710353775,% PBI,WB,World Bank,NE.IMP.GNFS.ZS,2026-06-12
URY,Uruguay,LATAM,2009-12-31,2009,A,importaciones_pbi,26.2952035137558,% PBI,WB,World Bank,NE.IMP.GNFS.ZS,2026-06-12
URY,Uruguay,LATAM,2010-12-31,2010,A,importaciones_pbi,25.3560426602576,% PBI,WB,World Bank,NE.IMP.GNFS.ZS,2026-06-12
URY,Uruguay,LATAM,2011-12-31,2011,A,importaciones_pbi,26.8248845897207,% PBI,WB,World Bank,NE.IMP.GNFS.ZS,2026-06-12
URY,Uruguay,LATAM,2012-12-31,2012,A,importaciones_pbi,29.1415247389489,% PBI,WB,World Bank,NE.IMP.GNFS.ZS,2026-06-12
URY,Uruguay,LATAM,2013-12-31,2013,A,importaciones_pbi,26.3647100498695,% PBI,WB,World Bank,NE.IMP.GNFS.ZS,2026-06-12
URY,Uruguay,LATAM,2014-12-31,2014,A,importaciones_pbi,25.5449624492357,% PBI,WB,World Bank,NE.IMP.GNFS.ZS,2026-06-12
URY,Uruguay,LATAM,2015-12-31,2015,A,importaciones_pbi,22.8503895571793,% PBI,WB,World Bank,NE.IMP.GNFS.ZS,2026-06-12
URY,Uruguay,LATAM,2016-12-31,2016,A,importaciones_pbi,21.5389007769197,% PBI,WB,World Bank,NE.IMP.GNFS.ZS,2026-06-12
URY,Uruguay,LATAM,2017-12-31,2017,A,importaciones_pbi,20.4468231429218,% PBI,WB,World Bank,NE.IMP.GNFS.ZS,2026-06-12
URY,Uruguay,LATAM,2018-12-31,2018,A,importaciones_pbi,21.3697665372169,% PBI,WB,World Bank,NE.IMP.GNFS.ZS,2026-06-12
URY,Uruguay,LATAM,2019-12-31,2019,A,importaciones_pbi,21.839464532284,% PBI,WB,World Bank,NE.IMP.GNFS.ZS,2026-06-12
URY,Uruguay,LATAM,2020-12-31,2020,A,importaciones_pbi,21.5435926948878,% PBI,WB,World Bank,NE.IMP.GNFS.ZS,2026-06-12
URY,Uruguay,LATAM,2021-12-31,2021,A,importaciones_pbi,25.3704358213017,% PBI,WB,World Bank,NE.IMP.GNFS.ZS,2026-06-12
URY,Uruguay,LATAM,2022-12-31,2022,A,importaciones_pbi,27.6991820910559,% PBI,WB,World Bank,NE.IMP.GNFS.ZS,2026-06-12
URY,Uruguay,LATAM,2023-12-31,2023,A,importaciones_pbi,24.7706858321593,% PBI,WB,World Bank,NE.IMP.GNFS.ZS,2026-06-12
URY,Uruguay,LATAM,2024-12-31,2024,A,importaciones_pbi,23.7041448689186,% PBI,WB,World Bank,NE.IMP.GNFS.ZS,2026-06-12
URY,Uruguay,LATAM,2000-12-31,2000,A,industria_pbi,22.0452037217921,% PBI,WB,World Bank,NV.IND.TOTL.ZS,2026-06-12
URY,Uruguay,LATAM,2001-12-31,2001,A,industria_pbi,21.9351337396218,% PBI,WB,World Bank,NV.IND.TOTL.ZS,2026-06-12
URY,Uruguay,LATAM,2002-12-31,2002,A,industria_pbi,21.8623288483766,% PBI,WB,World Bank,NV.IND.TOTL.ZS,2026-06-12
URY,Uruguay,LATAM,2003-12-31,2003,A,industria_pbi,23.0937944115791,% PBI,WB,World Bank,NV.IND.TOTL.ZS,2026-06-12
URY,Uruguay,LATAM,2004-12-31,2004,A,industria_pbi,22.4348058065943,% PBI,WB,World Bank,NV.IND.TOTL.ZS,2026-06-12
URY,Uruguay,LATAM,2005-12-31,2005,A,industria_pbi,23.7753368710773,% PBI,WB,World Bank,NV.IND.TOTL.ZS,2026-06-12
URY,Uruguay,LATAM,2006-12-31,2006,A,industria_pbi,22.8965222038345,% PBI,WB,World Bank,NV.IND.TOTL.ZS,2026-06-12
URY,Uruguay,LATAM,2007-12-31,2007,A,industria_pbi,23.644048640083,% PBI,WB,World Bank,NV.IND.TOTL.ZS,2026-06-12
URY,Uruguay,LATAM,2008-12-31,2008,A,industria_pbi,22.7673513144942,% PBI,WB,World Bank,NV.IND.TOTL.ZS,2026-06-12
URY,Uruguay,LATAM,2009-12-31,2009,A,industria_pbi,24.0794070442123,% PBI,WB,World Bank,NV.IND.TOTL.ZS,2026-06-12
URY,Uruguay,LATAM,2010-12-31,2010,A,industria_pbi,24.5288557176886,% PBI,WB,World Bank,NV.IND.TOTL.ZS,2026-06-12
URY,Uruguay,LATAM,2011-12-31,2011,A,industria_pbi,22.7051202439987,% PBI,WB,World Bank,NV.IND.TOTL.ZS,2026-06-12
URY,Uruguay,LATAM,2012-12-31,2012,A,industria_pbi,22.8622289256151,% PBI,WB,World Bank,NV.IND.TOTL.ZS,2026-06-12
URY,Uruguay,LATAM,2013-12-31,2013,A,industria_pbi,23.6692403427945,% PBI,WB,World Bank,NV.IND.TOTL.ZS,2026-06-12
URY,Uruguay,LATAM,2014-12-31,2014,A,industria_pbi,24.7006411459084,% PBI,WB,World Bank,NV.IND.TOTL.ZS,2026-06-12
URY,Uruguay,LATAM,2015-12-31,2015,A,industria_pbi,25.4417580545225,% PBI,WB,World Bank,NV.IND.TOTL.ZS,2026-06-12
URY,Uruguay,LATAM,2016-12-31,2016,A,industria_pbi,18.8673144534742,% PBI,WB,World Bank,NV.IND.TOTL.ZS,2026-06-12
URY,Uruguay,LATAM,2017-12-31,2017,A,industria_pbi,18.0319037217202,% PBI,WB,World Bank,NV.IND.TOTL.ZS,2026-06-12
URY,Uruguay,LATAM,2018-12-31,2018,A,industria_pbi,18.3333886744675,% PBI,WB,World Bank,NV.IND.TOTL.ZS,2026-06-12
URY,Uruguay,LATAM,2019-12-31,2019,A,industria_pbi,17.5601694192064,% PBI,WB,World Bank,NV.IND.TOTL.ZS,2026-06-12
URY,Uruguay,LATAM,2020-12-31,2020,A,industria_pbi,16.9555909661564,% PBI,WB,World Bank,NV.IND.TOTL.ZS,2026-06-12
URY,Uruguay,LATAM,2021-12-31,2021,A,industria_pbi,17.7321588983411,% PBI,WB,World Bank,NV.IND.TOTL.ZS,2026-06-12
URY,Uruguay,LATAM,2022-12-31,2022,A,industria_pbi,17.7086542108617,% PBI,WB,World Bank,NV.IND.TOTL.ZS,2026-06-12
URY,Uruguay,LATAM,2023-12-31,2023,A,industria_pbi,16.7520259965349,% PBI,WB,World Bank,NV.IND.TOTL.ZS,2026-06-12
URY,Uruguay,LATAM,2024-12-31,2024,A,industria_pbi,16.7572573016825,% PBI,WB,World Bank,NV.IND.TOTL.ZS,2026-06-12
URY,Uruguay,LATAM,2000-12-31,2000,A,inflacion,4.76382472733251,% anual,WB,World Bank,FP.CPI.TOTL.ZG,2026-06-12
URY,Uruguay,LATAM,2001-12-31,2001,A,inflacion,4.3593406521727,% anual,WB,World Bank,FP.CPI.TOTL.ZG,2026-06-12
URY,Uruguay,LATAM,2002-12-31,2002,A,inflacion,13.9724725913515,% anual,WB,World Bank,FP.CPI.TOTL.ZG,2026-06-12
URY,Uruguay,LATAM,2003-12-31,2003,A,inflacion,19.3797301743995,% anual,WB,World Bank,FP.CPI.TOTL.ZG,2026-06-12
URY,Uruguay,LATAM,2004-12-31,2004,A,inflacion,9.15760507540997,% anual,WB,World Bank,FP.CPI.TOTL.ZG,2026-06-12
URY,Uruguay,LATAM,2005-12-31,2005,A,inflacion,4.6992773903564,% anual,WB,World Bank,FP.CPI.TOTL.ZG,2026-06-12
URY,Uruguay,LATAM,2006-12-31,2006,A,inflacion,6.39764974385131,% anual,WB,World Bank,FP.CPI.TOTL.ZG,2026-06-12
URY,Uruguay,LATAM,2007-12-31,2007,A,inflacion,8.11464561179313,% anual,WB,World Bank,FP.CPI.TOTL.ZG,2026-06-12
URY,Uruguay,LATAM,2008-12-31,2008,A,inflacion,7.87707374730888,% anual,WB,World Bank,FP.CPI.TOTL.ZG,2026-06-12
URY,Uruguay,LATAM,2009-12-31,2009,A,inflacion,7.06221874388574,% anual,WB,World Bank,FP.CPI.TOTL.ZG,2026-06-12
URY,Uruguay,LATAM,2010-12-31,2010,A,inflacion,6.69870886978132,% anual,WB,World Bank,FP.CPI.TOTL.ZG,2026-06-12
URY,Uruguay,LATAM,2011-12-31,2011,A,inflacion,8.0928320630299,% anual,WB,World Bank,FP.CPI.TOTL.ZG,2026-06-12
URY,Uruguay,LATAM,2012-12-31,2012,A,inflacion,8.09776580573602,% anual,WB,World Bank,FP.CPI.TOTL.ZG,2026-06-12
URY,Uruguay,LATAM,2013-12-31,2013,A,inflacion,8.57513504005397,% anual,WB,World Bank,FP.CPI.TOTL.ZG,2026-06-12
URY,Uruguay,LATAM,2014-12-31,2014,A,inflacion,8.87735333229828,% anual,WB,World Bank,FP.CPI.TOTL.ZG,2026-06-12
URY,Uruguay,LATAM,2015-12-31,2015,A,inflacion,8.66626987079328,% anual,WB,World Bank,FP.CPI.TOTL.ZG,2026-06-12
URY,Uruguay,LATAM,2016-12-31,2016,A,inflacion,9.6394134763508,% anual,WB,World Bank,FP.CPI.TOTL.ZG,2026-06-12
URY,Uruguay,LATAM,2017-12-31,2017,A,inflacion,6.2180938256186,% anual,WB,World Bank,FP.CPI.TOTL.ZG,2026-06-12
URY,Uruguay,LATAM,2018-12-31,2018,A,inflacion,7.60653360377047,% anual,WB,World Bank,FP.CPI.TOTL.ZG,2026-06-12
URY,Uruguay,LATAM,2019-12-31,2019,A,inflacion,7.88198870879619,% anual,WB,World Bank,FP.CPI.TOTL.ZG,2026-06-12
URY,Uruguay,LATAM,2020-12-31,2020,A,inflacion,9.75640636078194,% anual,WB,World Bank,FP.CPI.TOTL.ZG,2026-06-12
URY,Uruguay,LATAM,2021-12-31,2021,A,inflacion,7.74791402314762,% anual,WB,World Bank,FP.CPI.TOTL.ZG,2026-06-12
URY,Uruguay,LATAM,2022-12-31,2022,A,inflacion,9.10437983075437,% anual,WB,World Bank,FP.CPI.TOTL.ZG,2026-06-12
URY,Uruguay,LATAM,2023-12-31,2023,A,inflacion,5.86910359896119,% anual,WB,World Bank,FP.CPI.TOTL.ZG,2026-06-12
URY,Uruguay,LATAM,2024-12-31,2024,A,inflacion,4.84914366613156,% anual,WB,World Bank,FP.CPI.TOTL.ZG,2026-06-12
URY,Uruguay,LATAM,2000-12-31,2000,A,inversion_pbi,14.4570209010912,% PBI,WB,World Bank,NE.GDI.TOTL.ZS,2026-06-12
URY,Uruguay,LATAM,2001-12-31,2001,A,inversion_pbi,14.3279397868346,% PBI,WB,World Bank,NE.GDI.TOTL.ZS,2026-06-12
URY,Uruguay,LATAM,2002-12-31,2002,A,inversion_pbi,13.0729059521491,% PBI,WB,World Bank,NE.GDI.TOTL.ZS,2026-06-12
URY,Uruguay,LATAM,2003-12-31,2003,A,inversion_pbi,15.2063088501279,% PBI,WB,World Bank,NE.GDI.TOTL.ZS,2026-06-12
URY,Uruguay,LATAM,2004-12-31,2004,A,inversion_pbi,17.468462801397,% PBI,WB,World Bank,NE.GDI.TOTL.ZS,2026-06-12
URY,Uruguay,LATAM,2005-12-31,2005,A,inversion_pbi,17.6988581639875,% PBI,WB,World Bank,NE.GDI.TOTL.ZS,2026-06-12
URY,Uruguay,LATAM,2006-12-31,2006,A,inversion_pbi,19.4605734296218,% PBI,WB,World Bank,NE.GDI.TOTL.ZS,2026-06-12
URY,Uruguay,LATAM,2007-12-31,2007,A,inversion_pbi,19.5260552843706,% PBI,WB,World Bank,NE.GDI.TOTL.ZS,2026-06-12
URY,Uruguay,LATAM,2008-12-31,2008,A,inversion_pbi,23.2080945884283,% PBI,WB,World Bank,NE.GDI.TOTL.ZS,2026-06-12
URY,Uruguay,LATAM,2009-12-31,2009,A,inversion_pbi,19.6247745177406,% PBI,WB,World Bank,NE.GDI.TOTL.ZS,2026-06-12
URY,Uruguay,LATAM,2010-12-31,2010,A,inversion_pbi,19.4076054759968,% PBI,WB,World Bank,NE.GDI.TOTL.ZS,2026-06-12
URY,Uruguay,LATAM,2011-12-31,2011,A,inversion_pbi,20.8823110125109,% PBI,WB,World Bank,NE.GDI.TOTL.ZS,2026-06-12
URY,Uruguay,LATAM,2012-12-31,2012,A,inversion_pbi,22.9153797295437,% PBI,WB,World Bank,NE.GDI.TOTL.ZS,2026-06-12
URY,Uruguay,LATAM,2013-12-31,2013,A,inversion_pbi,22.4844120119644,% PBI,WB,World Bank,NE.GDI.TOTL.ZS,2026-06-12
URY,Uruguay,LATAM,2014-12-31,2014,A,inversion_pbi,21.2028122395297,% PBI,WB,World Bank,NE.GDI.TOTL.ZS,2026-06-12
URY,Uruguay,LATAM,2015-12-31,2015,A,inversion_pbi,19.7053903958941,% PBI,WB,World Bank,NE.GDI.TOTL.ZS,2026-06-12
URY,Uruguay,LATAM,2016-12-31,2016,A,inversion_pbi,17.3891577314177,% PBI,WB,World Bank,NE.GDI.TOTL.ZS,2026-06-12
URY,Uruguay,LATAM,2017-12-31,2017,A,inversion_pbi,15.9240356668873,% PBI,WB,World Bank,NE.GDI.TOTL.ZS,2026-06-12
URY,Uruguay,LATAM,2018-12-31,2018,A,inversion_pbi,14.8534986544499,% PBI,WB,World Bank,NE.GDI.TOTL.ZS,2026-06-12
URY,Uruguay,LATAM,2019-12-31,2019,A,inversion_pbi,14.1208503918774,% PBI,WB,World Bank,NE.GDI.TOTL.ZS,2026-06-12
URY,Uruguay,LATAM,2020-12-31,2020,A,inversion_pbi,16.2336764872534,% PBI,WB,World Bank,NE.GDI.TOTL.ZS,2026-06-12
URY,Uruguay,LATAM,2021-12-31,2021,A,inversion_pbi,18.1967631399395,% PBI,WB,World Bank,NE.GDI.TOTL.ZS,2026-06-12
URY,Uruguay,LATAM,2022-12-31,2022,A,inversion_pbi,18.6551845628116,% PBI,WB,World Bank,NE.GDI.TOTL.ZS,2026-06-12
URY,Uruguay,LATAM,2023-12-31,2023,A,inversion_pbi,17.5353424867451,% PBI,WB,World Bank,NE.GDI.TOTL.ZS,2026-06-12
URY,Uruguay,LATAM,2024-12-31,2024,A,inversion_pbi,15.5966726541364,% PBI,WB,World Bank,NE.GDI.TOTL.ZS,2026-06-12
URY,Uruguay,LATAM,2000-12-31,2000,A,manufactura_pbi,12.5186630960032,% PBI,WB,World Bank,NV.IND.MANF.ZS,2026-06-12
URY,Uruguay,LATAM,2001-12-31,2001,A,manufactura_pbi,12.674394351029,% PBI,WB,World Bank,NV.IND.MANF.ZS,2026-06-12
URY,Uruguay,LATAM,2002-12-31,2002,A,manufactura_pbi,13.0801299139821,% PBI,WB,World Bank,NV.IND.MANF.ZS,2026-06-12
URY,Uruguay,LATAM,2003-12-31,2003,A,manufactura_pbi,14.8709094403736,% PBI,WB,World Bank,NV.IND.MANF.ZS,2026-06-12
URY,Uruguay,LATAM,2004-12-31,2004,A,manufactura_pbi,14.9026084254433,% PBI,WB,World Bank,NV.IND.MANF.ZS,2026-06-12
URY,Uruguay,LATAM,2005-12-31,2005,A,manufactura_pbi,14.8524671063566,% PBI,WB,World Bank,NV.IND.MANF.ZS,2026-06-12
URY,Uruguay,LATAM,2006-12-31,2006,A,manufactura_pbi,14.5433907533728,% PBI,WB,World Bank,NV.IND.MANF.ZS,2026-06-12
URY,Uruguay,LATAM,2007-12-31,2007,A,manufactura_pbi,13.7351440761137,% PBI,WB,World Bank,NV.IND.MANF.ZS,2026-06-12
URY,Uruguay,LATAM,2008-12-31,2008,A,manufactura_pbi,14.9468828512235,% PBI,WB,World Bank,NV.IND.MANF.ZS,2026-06-12
URY,Uruguay,LATAM,2009-12-31,2009,A,manufactura_pbi,14.8186007093393,% PBI,WB,World Bank,NV.IND.MANF.ZS,2026-06-12
URY,Uruguay,LATAM,2010-12-31,2010,A,manufactura_pbi,13.5283236174128,% PBI,WB,World Bank,NV.IND.MANF.ZS,2026-06-12
URY,Uruguay,LATAM,2011-12-31,2011,A,manufactura_pbi,12.7334043123017,% PBI,WB,World Bank,NV.IND.MANF.ZS,2026-06-12
URY,Uruguay,LATAM,2012-12-31,2012,A,manufactura_pbi,12.1731568219705,% PBI,WB,World Bank,NV.IND.MANF.ZS,2026-06-12
URY,Uruguay,LATAM,2013-12-31,2013,A,manufactura_pbi,11.2662277882598,% PBI,WB,World Bank,NV.IND.MANF.ZS,2026-06-12
URY,Uruguay,LATAM,2014-12-31,2014,A,manufactura_pbi,12.143302174234,% PBI,WB,World Bank,NV.IND.MANF.ZS,2026-06-12
URY,Uruguay,LATAM,2015-12-31,2015,A,manufactura_pbi,13.2426613311807,% PBI,WB,World Bank,NV.IND.MANF.ZS,2026-06-12
URY,Uruguay,LATAM,2016-12-31,2016,A,manufactura_pbi,10.9867750624362,% PBI,WB,World Bank,NV.IND.MANF.ZS,2026-06-12
URY,Uruguay,LATAM,2017-12-31,2017,A,manufactura_pbi,10.2732605633274,% PBI,WB,World Bank,NV.IND.MANF.ZS,2026-06-12
URY,Uruguay,LATAM,2018-12-31,2018,A,manufactura_pbi,11.0796998499299,% PBI,WB,World Bank,NV.IND.MANF.ZS,2026-06-12
URY,Uruguay,LATAM,2019-12-31,2019,A,manufactura_pbi,10.5787118487686,% PBI,WB,World Bank,NV.IND.MANF.ZS,2026-06-12
URY,Uruguay,LATAM,2020-12-31,2020,A,manufactura_pbi,9.71291913403445,% PBI,WB,World Bank,NV.IND.MANF.ZS,2026-06-12
URY,Uruguay,LATAM,2021-12-31,2021,A,manufactura_pbi,10.4720490348578,% PBI,WB,World Bank,NV.IND.MANF.ZS,2026-06-12
URY,Uruguay,LATAM,2022-12-31,2022,A,manufactura_pbi,10.4606623369653,% PBI,WB,World Bank,NV.IND.MANF.ZS,2026-06-12
URY,Uruguay,LATAM,2023-12-31,2023,A,manufactura_pbi,9.74425484371894,% PBI,WB,World Bank,NV.IND.MANF.ZS,2026-06-12
URY,Uruguay,LATAM,2024-12-31,2024,A,manufactura_pbi,9.69126071048577,% PBI,WB,World Bank,NV.IND.MANF.ZS,2026-06-12
URY,Uruguay,LATAM,2000-12-31,2000,A,pbi,22823270892.1094,USD actuales,WB,World Bank,NY.GDP.MKTP.CD,2026-06-12
URY,Uruguay,LATAM,2001-12-31,2001,A,pbi,20898761742.2386,USD actuales,WB,World Bank,NY.GDP.MKTP.CD,2026-06-12
URY,Uruguay,LATAM,2002-12-31,2002,A,pbi,13606515722.5864,USD actuales,WB,World Bank,NY.GDP.MKTP.CD,2026-06-12
URY,Uruguay,LATAM,2003-12-31,2003,A,pbi,12045638351.8507,USD actuales,WB,World Bank,NY.GDP.MKTP.CD,2026-06-12
URY,Uruguay,LATAM,2004-12-31,2004,A,pbi,13686329890.1191,USD actuales,WB,World Bank,NY.GDP.MKTP.CD,2026-06-12
URY,Uruguay,LATAM,2005-12-31,2005,A,pbi,17362857683.8545,USD actuales,WB,World Bank,NY.GDP.MKTP.CD,2026-06-12
URY,Uruguay,LATAM,2006-12-31,2006,A,pbi,19741420739.8901,USD actuales,WB,World Bank,NY.GDP.MKTP.CD,2026-06-12
URY,Uruguay,LATAM,2007-12-31,2007,A,pbi,23797773024.3992,USD actuales,WB,World Bank,NY.GDP.MKTP.CD,2026-06-12
URY,Uruguay,LATAM,2008-12-31,2008,A,pbi,31119602538.8322,USD actuales,WB,World Bank,NY.GDP.MKTP.CD,2026-06-12
URY,Uruguay,LATAM,2009-12-31,2009,A,pbi,32708319077.5179,USD actuales,WB,World Bank,NY.GDP.MKTP.CD,2026-06-12
URY,Uruguay,LATAM,2010-12-31,2010,A,pbi,41950361211.9581,USD actuales,WB,World Bank,NY.GDP.MKTP.CD,2026-06-12
URY,Uruguay,LATAM,2011-12-31,2011,A,pbi,50342406067.0777,USD actuales,WB,World Bank,NY.GDP.MKTP.CD,2026-06-12
URY,Uruguay,LATAM,2012-12-31,2012,A,pbi,54232266358.7811,USD actuales,WB,World Bank,NY.GDP.MKTP.CD,2026-06-12
URY,Uruguay,LATAM,2013-12-31,2013,A,pbi,61337621933.7857,USD actuales,WB,World Bank,NY.GDP.MKTP.CD,2026-06-12
URY,Uruguay,LATAM,2014-12-31,2014,A,pbi,61496186973.902,USD actuales,WB,World Bank,NY.GDP.MKTP.CD,2026-06-12
URY,Uruguay,LATAM,2015-12-31,2015,A,pbi,57680327998.6689,USD actuales,WB,World Bank,NY.GDP.MKTP.CD,2026-06-12
URY,Uruguay,LATAM,2016-12-31,2016,A,pbi,57480787465.2716,USD actuales,WB,World Bank,NY.GDP.MKTP.CD,2026-06-12
URY,Uruguay,LATAM,2017-12-31,2017,A,pbi,65005997963.4822,USD actuales,WB,World Bank,NY.GDP.MKTP.CD,2026-06-12
URY,Uruguay,LATAM,2018-12-31,2018,A,pbi,65344577415.7535,USD actuales,WB,World Bank,NY.GDP.MKTP.CD,2026-06-12
URY,Uruguay,LATAM,2019-12-31,2019,A,pbi,62222313618.8454,USD actuales,WB,World Bank,NY.GDP.MKTP.CD,2026-06-12
URY,Uruguay,LATAM,2020-12-31,2020,A,pbi,53559359261.826,USD actuales,WB,World Bank,NY.GDP.MKTP.CD,2026-06-12
URY,Uruguay,LATAM,2021-12-31,2021,A,pbi,60739084240.8633,USD actuales,WB,World Bank,NY.GDP.MKTP.CD,2026-06-12
URY,Uruguay,LATAM,2022-12-31,2022,A,pbi,70594110920.0358,USD actuales,WB,World Bank,NY.GDP.MKTP.CD,2026-06-12
URY,Uruguay,LATAM,2023-12-31,2023,A,pbi,77991666837.7382,USD actuales,WB,World Bank,NY.GDP.MKTP.CD,2026-06-12
URY,Uruguay,LATAM,2024-12-31,2024,A,pbi,80961511073.5797,USD actuales,WB,World Bank,NY.GDP.MKTP.CD,2026-06-12
URY,Uruguay,LATAM,2000-12-31,2000,A,pbi_per_capita,6987.70098766257,USD actuales,WB,World Bank,NY.GDP.PCAP.CD,2026-06-12
URY,Uruguay,LATAM,2001-12-31,2001,A,pbi_per_capita,6382.76104740859,USD actuales,WB,World Bank,NY.GDP.PCAP.CD,2026-06-12
URY,Uruguay,LATAM,2002-12-31,2002,A,pbi_per_capita,4149.76140312687,USD actuales,WB,World Bank,NY.GDP.PCAP.CD,2026-06-12
URY,Uruguay,LATAM,2003-12-31,2003,A,pbi_per_capita,3671.12329256883,USD actuales,WB,World Bank,NY.GDP.PCAP.CD,2026-06-12
URY,Uruguay,LATAM,2004-12-31,2004,A,pbi_per_capita,4168.66065438387,USD actuales,WB,World Bank,NY.GDP.PCAP.CD,2026-06-12
URY,Uruguay,LATAM,2005-12-31,2005,A,pbi_per_capita,5284.25677987129,USD actuales,WB,World Bank,NY.GDP.PCAP.CD,2026-06-12
URY,Uruguay,LATAM,2006-12-31,2006,A,pbi_per_capita,6001.33294783172,USD actuales,WB,World Bank,NY.GDP.PCAP.CD,2026-06-12
URY,Uruguay,LATAM,2007-12-31,2007,A,pbi_per_capita,7222.05403645877,USD actuales,WB,World Bank,NY.GDP.PCAP.CD,2026-06-12
URY,Uruguay,LATAM,2008-12-31,2008,A,pbi_per_capita,9423.96562595893,USD actuales,WB,World Bank,NY.GDP.PCAP.CD,2026-06-12
URY,Uruguay,LATAM,2009-12-31,2009,A,pbi_per_capita,9881.39573127081,USD actuales,WB,World Bank,NY.GDP.PCAP.CD,2026-06-12
URY,Uruguay,LATAM,2010-12-31,2010,A,pbi_per_capita,12641.0576849008,USD actuales,WB,World Bank,NY.GDP.PCAP.CD,2026-06-12
URY,Uruguay,LATAM,2011-12-31,2011,A,pbi_per_capita,15132.2675725587,USD actuales,WB,World Bank,NY.GDP.PCAP.CD,2026-06-12
URY,Uruguay,LATAM,2012-12-31,2012,A,pbi_per_capita,16259.5940814256,USD actuales,WB,World Bank,NY.GDP.PCAP.CD,2026-06-12
URY,Uruguay,LATAM,2013-12-31,2013,A,pbi_per_capita,18335.2594772322,USD actuales,WB,World Bank,NY.GDP.PCAP.CD,2026-06-12
URY,Uruguay,LATAM,2014-12-31,2014,A,pbi_per_capita,18322.4276767157,USD actuales,WB,World Bank,NY.GDP.PCAP.CD,2026-06-12
URY,Uruguay,LATAM,2015-12-31,2015,A,pbi_per_capita,17125.9016800298,USD actuales,WB,World Bank,NY.GDP.PCAP.CD,2026-06-12
URY,Uruguay,LATAM,2016-12-31,2016,A,pbi_per_capita,17009.7584207276,USD actuales,WB,World Bank,NY.GDP.PCAP.CD,2026-06-12
URY,Uruguay,LATAM,2017-12-31,2017,A,pbi_per_capita,19184.6502617082,USD actuales,WB,World Bank,NY.GDP.PCAP.CD,2026-06-12
URY,Uruguay,LATAM,2018-12-31,2018,A,pbi_per_capita,19249.9404677501,USD actuales,WB,World Bank,NY.GDP.PCAP.CD,2026-06-12
URY,Uruguay,LATAM,2019-12-31,2019,A,pbi_per_capita,18315.7316980028,USD actuales,WB,World Bank,NY.GDP.PCAP.CD,2026-06-12
URY,Uruguay,LATAM,2020-12-31,2020,A,pbi_per_capita,15757.5355995779,USD actuales,WB,World Bank,NY.GDP.PCAP.CD,2026-06-12
URY,Uruguay,LATAM,2021-12-31,2021,A,pbi_per_capita,17881.818721099,USD actuales,WB,World Bank,NY.GDP.PCAP.CD,2026-06-12
URY,Uruguay,LATAM,2022-12-31,2022,A,pbi_per_capita,20818.6146091144,USD actuales,WB,World Bank,NY.GDP.PCAP.CD,2026-06-12
URY,Uruguay,LATAM,2023-12-31,2023,A,pbi_per_capita,23019.4221560046,USD actuales,WB,World Bank,NY.GDP.PCAP.CD,2026-06-12
URY,Uruguay,LATAM,2024-12-31,2024,A,pbi_per_capita,23906.5133029408,USD actuales,WB,World Bank,NY.GDP.PCAP.CD,2026-06-12
URY,Uruguay,LATAM,2000-12-31,2000,A,poblacion,3266206.0,personas,WB,World Bank,SP.POP.TOTL,2026-06-12
URY,Uruguay,LATAM,2001-12-31,2001,A,poblacion,3274251.0,personas,WB,World Bank,SP.POP.TOTL,2026-06-12
URY,Uruguay,LATAM,2002-12-31,2002,A,poblacion,3278867.0,personas,WB,World Bank,SP.POP.TOTL,2026-06-12
URY,Uruguay,LATAM,2003-12-31,2003,A,poblacion,3281186.0,personas,WB,World Bank,SP.POP.TOTL,2026-06-12
URY,Uruguay,LATAM,2004-12-31,2004,A,poblacion,3283148.0,personas,WB,World Bank,SP.POP.TOTL,2026-06-12
URY,Uruguay,LATAM,2005-12-31,2005,A,poblacion,3285771.0,personas,WB,World Bank,SP.POP.TOTL,2026-06-12
URY,Uruguay,LATAM,2006-12-31,2006,A,poblacion,3289506.0,personas,WB,World Bank,SP.POP.TOTL,2026-06-12
URY,Uruguay,LATAM,2007-12-31,2007,A,poblacion,3295153.0,personas,WB,World Bank,SP.POP.TOTL,2026-06-12
URY,Uruguay,LATAM,2008-12-31,2008,A,poblacion,3302177.0,personas,WB,World Bank,SP.POP.TOTL,2026-06-12
URY,Uruguay,LATAM,2009-12-31,2009,A,poblacion,3310091.0,personas,WB,World Bank,SP.POP.TOTL,2026-06-12
URY,Uruguay,LATAM,2010-12-31,2010,A,poblacion,3318580.0,personas,WB,World Bank,SP.POP.TOTL,2026-06-12
URY,Uruguay,LATAM,2011-12-31,2011,A,poblacion,3326825.0,personas,WB,World Bank,SP.POP.TOTL,2026-06-12
URY,Uruguay,LATAM,2012-12-31,2012,A,poblacion,3335401.0,personas,WB,World Bank,SP.POP.TOTL,2026-06-12
URY,Uruguay,LATAM,2013-12-31,2013,A,poblacion,3345337.0,personas,WB,World Bank,SP.POP.TOTL,2026-06-12
URY,Uruguay,LATAM,2014-12-31,2014,A,poblacion,3356334.0,personas,WB,World Bank,SP.POP.TOTL,2026-06-12
URY,Uruguay,LATAM,2015-12-31,2015,A,poblacion,3368017.0,personas,WB,World Bank,SP.POP.TOTL,2026-06-12
URY,Uruguay,LATAM,2016-12-31,2016,A,poblacion,3379283.0,personas,WB,World Bank,SP.POP.TOTL,2026-06-12
URY,Uruguay,LATAM,2017-12-31,2017,A,poblacion,3388438.0,personas,WB,World Bank,SP.POP.TOTL,2026-06-12
URY,Uruguay,LATAM,2018-12-31,2018,A,poblacion,3394534.0,personas,WB,World Bank,SP.POP.TOTL,2026-06-12
URY,Uruguay,LATAM,2019-12-31,2019,A,poblacion,3397206.0,personas,WB,World Bank,SP.POP.TOTL,2026-06-12
URY,Uruguay,LATAM,2020-12-31,2020,A,poblacion,3398968.0,personas,WB,World Bank,SP.POP.TOTL,2026-06-12
URY,Uruguay,LATAM,2021-12-31,2021,A,poblacion,3396695.0,personas,WB,World Bank,SP.POP.TOTL,2026-06-12
URY,Uruguay,LATAM,2022-12-31,2022,A,poblacion,3390913.0,personas,WB,World Bank,SP.POP.TOTL,2026-06-12
URY,Uruguay,LATAM,2023-12-31,2023,A,poblacion,3388081.0,personas,WB,World Bank,SP.POP.TOTL,2026-06-12
URY,Uruguay,LATAM,2024-12-31,2024,A,poblacion,3386588.0,personas,WB,World Bank,SP.POP.TOTL,2026-06-12
URY,Uruguay,LATAM,2000-12-31,2000,A,servicios_pbi,65.3222562241522,% PBI,WB,World Bank,NV.SRV.TOTL.ZS,2026-06-12
URY,Uruguay,LATAM,2001-12-31,2001,A,servicios_pbi,65.9101028907415,% PBI,WB,World Bank,NV.SRV.TOTL.ZS,2026-06-12
URY,Uruguay,LATAM,2002-12-31,2002,A,servicios_pbi,63.9198443320638,% PBI,WB,World Bank,NV.SRV.TOTL.ZS,2026-06-12
URY,Uruguay,LATAM,2003-12-31,2003,A,servicios_pbi,59.0093214071737,% PBI,WB,World Bank,NV.SRV.TOTL.ZS,2026-06-12
URY,Uruguay,LATAM,2004-12-31,2004,A,servicios_pbi,56.273519277708,% PBI,WB,World Bank,NV.SRV.TOTL.ZS,2026-06-12
URY,Uruguay,LATAM,2005-12-31,2005,A,servicios_pbi,56.7126964200122,% PBI,WB,World Bank,NV.SRV.TOTL.ZS,2026-06-12
URY,Uruguay,LATAM,2006-12-31,2006,A,servicios_pbi,56.7931196789588,% PBI,WB,World Bank,NV.SRV.TOTL.ZS,2026-06-12
URY,Uruguay,LATAM,2007-12-31,2007,A,servicios_pbi,56.8756501677862,% PBI,WB,World Bank,NV.SRV.TOTL.ZS,2026-06-12
URY,Uruguay,LATAM,2008-12-31,2008,A,servicios_pbi,57.6398268194825,% PBI,WB,World Bank,NV.SRV.TOTL.ZS,2026-06-12
URY,Uruguay,LATAM,2009-12-31,2009,A,servicios_pbi,58.374156373453,% PBI,WB,World Bank,NV.SRV.TOTL.ZS,2026-06-12
URY,Uruguay,LATAM,2010-12-31,2010,A,servicios_pbi,58.2442690748379,% PBI,WB,World Bank,NV.SRV.TOTL.ZS,2026-06-12
URY,Uruguay,LATAM,2011-12-31,2011,A,servicios_pbi,58.2909901542234,% PBI,WB,World Bank,NV.SRV.TOTL.ZS,2026-06-12
URY,Uruguay,LATAM,2012-12-31,2012,A,servicios_pbi,59.3390519472429,% PBI,WB,World Bank,NV.SRV.TOTL.ZS,2026-06-12
URY,Uruguay,LATAM,2013-12-31,2013,A,servicios_pbi,59.1028562755059,% PBI,WB,World Bank,NV.SRV.TOTL.ZS,2026-06-12
URY,Uruguay,LATAM,2014-12-31,2014,A,servicios_pbi,59.0956557074816,% PBI,WB,World Bank,NV.SRV.TOTL.ZS,2026-06-12
URY,Uruguay,LATAM,2015-12-31,2015,A,servicios_pbi,59.3254707453324,% PBI,WB,World Bank,NV.SRV.TOTL.ZS,2026-06-12
URY,Uruguay,LATAM,2016-12-31,2016,A,servicios_pbi,63.5189622671981,% PBI,WB,World Bank,NV.SRV.TOTL.ZS,2026-06-12
URY,Uruguay,LATAM,2017-12-31,2017,A,servicios_pbi,65.35917582282,% PBI,WB,World Bank,NV.SRV.TOTL.ZS,2026-06-12
URY,Uruguay,LATAM,2018-12-31,2018,A,servicios_pbi,64.7307517847279,% PBI,WB,World Bank,NV.SRV.TOTL.ZS,2026-06-12
URY,Uruguay,LATAM,2019-12-31,2019,A,servicios_pbi,64.883275928797,% PBI,WB,World Bank,NV.SRV.TOTL.ZS,2026-06-12
URY,Uruguay,LATAM,2020-12-31,2020,A,servicios_pbi,64.6189887676901,% PBI,WB,World Bank,NV.SRV.TOTL.ZS,2026-06-12
URY,Uruguay,LATAM,2021-12-31,2021,A,servicios_pbi,63.3790070063297,% PBI,WB,World Bank,NV.SRV.TOTL.ZS,2026-06-12
URY,Uruguay,LATAM,2022-12-31,2022,A,servicios_pbi,63.767241941677,% PBI,WB,World Bank,NV.SRV.TOTL.ZS,2026-06-12
URY,Uruguay,LATAM,2023-12-31,2023,A,servicios_pbi,65.6523687606962,% PBI,WB,World Bank,NV.SRV.TOTL.ZS,2026-06-12
URY,Uruguay,LATAM,2024-12-31,2024,A,servicios_pbi,65.2627436197817,% PBI,WB,World Bank,NV.SRV.TOTL.ZS,2026-06-12
