fecha,valor
1997-01-01,86.34800114428
1997-01-02,86.333101925685
1997-01-03,86.056124641528
1997-01-04,86.06220422379
1997-01-05,86.068284235555
1997-01-06,85.940686140607
1997-01-07,86.024575970431
1997-01-08,85.859390127441
1997-01-09,85.810748979239
1997-01-10,85.694452648213
1997-01-11,85.700506679538
1997-01-12,85.70656113856
1997-01-13,85.594436171399
1997-01-14,85.516892610735
1997-01-15,85.577901452141
1997-01-16,85.539703457506
1997-01-17,85.222714363366
1997-01-18,85.228735067932
1997-01-19,85.234756197841
1997-01-20,85.022334768479
1997-01-21,85.060931837962
1997-01-22,84.772000674672
1997-01-23,84.707008356199
1997-01-24,84.922355594671
1997-01-25,84.928355079877
1997-01-26,84.934354988928
1997-01-27,84.775332312538
1997-01-28,84.468294432566
1997-01-29,84.547930691564
1997-01-30,84.61684151916
1997-01-31,84.618094425704
1997-02-01,84.621342541365
1997-02-02,84.624590781706
1997-02-03,84.535937732374
1997-02-04,84.5399007547
1997-02-05,84.445037407443
1997-02-06,84.44019596373
1997-02-07,84.099872935525
1997-02-08,84.103101158947
1997-02-09,84.106329506287
1997-02-10,84.365880707807
1997-02-11,84.166071100574
1997-02-12,83.977421757081
1997-02-13,83.838125491731
1997-02-14,83.832543064377
1997-02-15,83.835761026184
1997-02-16,83.838979111514
1997-02-17,83.642925398703
1997-02-18,83.692157949293
1997-02-19,83.640552431003
1997-02-20,83.776026898966
1997-02-21,83.865881773094
1997-02-22,83.869101014627
1997-02-23,83.872320379732
1997-02-24,84.11721447795
1997-02-25,84.007962016233
1997-02-26,83.790777671621
1997-02-27,83.789894246823
1997-02-28,83.733024929238
1997-03-01,83.754476277233
1997-03-02,83.775933120794
1997-03-03,83.674688735149
1997-03-04,83.469484084083
1997-03-05,83.424842412987
1997-03-06,83.367607896815
1997-03-07,83.371914519598
1997-03-08,83.39333853613
1997-03-09,83.414768057975
1997-03-10,83.652004349328
1997-03-11,83.615529616382
1997-03-12,83.661127324823
1997-03-13,83.666147220018
1997-03-14,83.697958009876
1997-03-15,83.719465809552
1997-03-16,83.74097913607
1997-03-17,83.737150601495
1997-03-18,83.912472576002
1997-03-19,83.92411551637
1997-03-20,83.830703627829
1997-03-21,83.904184987053
1997-03-22,83.925745780716
1997-03-23,83.94731211484
1997-03-24,83.911016186123
1997-03-25,83.890059118622
1997-03-26,83.929402064722
1997-03-27,84.237075069441
1997-03-28,84.274847373734
1997-03-29,84.296503416225
1997-03-30,84.318165023652
1997-03-31,84.413729830719
1997-04-01,84.468887251086
1997-04-02,84.490746766193
1997-04-03,84.572417812536
1997-04-04,84.452325705352
1997-04-05,84.472703784416
1997-04-06,84.493086780646
1997-04-07,83.987593778376
1997-04-08,83.971704919119
1997-04-09,83.845052486224
1997-04-10,83.879278317594
1997-04-11,83.810563854743
1997-04-12,83.830787078703
1997-04-13,83.851015182462
1997-04-14,83.885945465097
1997-04-15,83.751765415516
1997-04-16,83.820588542677
1997-04-17,83.87724005708
1997-04-18,84.019763540758
1997-04-19,84.04003724394
1997-04-20,84.060315839102
1997-04-21,84.227679516955
1997-04-22,84.084780570058
1997-04-23,84.075571355545
1997-04-24,84.049885496616
1997-04-25,83.945897042027
1997-04-26,83.966152921456
1997-04-27,83.986413688566
1997-04-28,83.951500736359
1997-04-29,83.994957507097
1997-04-30,83.895820973739
1997-05-01,84.086105371478
1997-05-02,83.954262091159
1997-05-03,83.964134671758
1997-05-04,83.974008413321
1997-05-05,83.93947849584
1997-05-06,84.111062449414
1997-05-07,84.177035959262
1997-05-08,84.34762298115
1997-05-09,84.56766491829
1997-05-10,84.577609631843
1997-05-11,84.587555514842
1997-05-12,84.533327787421
1997-05-13,84.594132960966
1997-05-14,84.594687670168
1997-05-15,84.672772152919
1997-05-16,84.781706487882
1997-05-17,84.7916763716
1997-05-18,84.801647427723
1997-05-19,84.632065293056
1997-05-20,84.845987993476
1997-05-21,84.833398842217
1997-05-22,84.794689033919
1997-05-23,84.800636255564
1997-05-24,84.810608365323
1997-05-25,84.82058164775
1997-05-26,84.783136663641
1997-05-27,84.581001918457
1997-05-28,84.642563331064
1997-05-29,84.607744123788
1997-05-30,84.548033500708
1997-05-31,84.557975905709
1997-06-01,84.56037200106
1997-06-02,84.323925656978
1997-06-03,84.330658094694
1997-06-04,84.24292426121
1997-06-05,84.243674730515
1997-06-06,84.216842516487
1997-06-07,84.219228945238
1997-06-08,84.221615441613
1997-06-09,84.549226445842
1997-06-10,84.438384717262
1997-06-11,84.511072123471
1997-06-12,84.346020508975
1997-06-13,84.138120355966
1997-06-14,84.14050455399
1997-06-15,84.142888819574
1997-06-16,84.316233502575
1997-06-17,84.251599550994
1997-06-18,84.33284991725
1997-06-19,84.360692609978
1997-06-20,84.185007284137
1997-06-21,84.187392810783
1997-06-22,84.189778405026
1997-06-23,84.345883697877
1997-06-24,84.355116245441
1997-06-25,84.388065982814
1997-06-26,84.32482200558
1997-06-27,84.244105372351
1997-06-28,84.246492573642
1997-06-29,84.248879842578
1997-06-30,84.128602675671
1997-07-01,84.15505195833
1997-07-02,83.992198489117
1997-07-03,84.071095042332
1997-07-04,83.988256239823
1997-07-05,83.987727712383
1997-07-06,83.987199188269
1997-07-07,84.140811431849
1997-07-08,83.931044710413
1997-07-09,83.833659886538
1997-07-10,83.979460375172
1997-07-11,83.762136229772
1997-07-12,83.761609125277
1997-07-13,83.761082024098
1997-07-14,83.442424258227
1997-07-15,83.250382893626
1997-07-16,83.246516460965
1997-07-17,83.324342009275
1997-07-18,83.325899883169
1997-07-19,83.325375523854
1997-07-20,83.324851167838
1997-07-21,83.26672218968
1997-07-22,83.068973256596
1997-07-23,82.856408966895
1997-07-24,82.799303214313
1997-07-25,82.679062352694
1997-07-26,82.678542063845
1997-07-27,82.678021778271
1997-07-28,82.515231148187
1997-07-29,82.669941420965
1997-07-30,82.573724135641
1997-07-31,82.559059689555
1997-08-01,82.296282136307
1997-08-02,82.297285924294
1997-08-03,82.298289724524
1997-08-04,82.184039821383
1997-08-05,81.960236329186
1997-08-06,81.985560081099
1997-08-07,81.986339095941
1997-08-08,82.287901942095
1997-08-09,82.288905627867
1997-08-10,82.28990932588
1997-08-11,82.296026685244
1997-08-12,82.15830022971
1997-08-13,82.554214877196
1997-08-14,82.325378922244
1997-08-15,82.70590588015
1997-08-16,82.706914664418
1997-08-17,82.707923460991
1997-08-18,82.617754896798
1997-08-19,82.402313352933
1997-08-20,82.14502711013
1997-08-21,82.324969429047
1997-08-22,82.581299468965
1997-08-23,82.582306733378
1997-08-24,82.583314010077
1997-08-25,82.523738922513
1997-08-26,82.781942516172
1997-08-27,82.663008253202
1997-08-28,82.879555635904
1997-08-29,82.778475990183
1997-08-30,82.779485659607
1997-08-31,82.780495341346
1997-09-01,82.6398707906
1997-09-02,82.329013057394
1997-09-03,82.497939627707
1997-09-04,82.515407958651
1997-09-05,82.64038976751
1997-09-06,82.646543541539
1997-09-07,82.652697773807
1997-09-08,82.663832583416
1997-09-09,82.734382806624
1997-09-10,82.827705343081
1997-09-11,82.943883489864
1997-09-12,83.224153391031
1997-09-13,83.230350634717
1997-09-14,83.236548339879
1997-09-15,83.354516102165
1997-09-16,83.262512710566
1997-09-17,83.264515423232
1997-09-18,83.221693719676
1997-09-19,83.226183864267
1997-09-20,83.232381259152
1997-09-21,83.238579115523
1997-09-22,82.922166292944
1997-09-23,82.911649489364
1997-09-24,83.238873266041
1997-09-25,83.311136753901
1997-09-26,83.303146992719
1997-09-27,83.309350118624
1997-09-28,83.315553706441
1997-09-29,83.398079047843
1997-09-30,83.340419714387
1997-10-01,83.190343771327
1997-10-02,83.309505658503
1997-10-03,83.351588606325
1997-10-04,83.359855135811
1997-10-05,83.368122485144
1997-10-06,83.368730521786
1997-10-07,83.486475274788
1997-10-08,83.521551102998
1997-10-09,83.699264204023
1997-10-10,83.562684425579
1997-10-11,83.570971890836
1997-10-12,83.579260178016
1997-10-13,83.58437873817
1997-10-14,83.525796252014
1997-10-15,83.593697339067
1997-10-16,83.709284216758
1997-10-17,83.387404683982
1997-10-18,83.395674765586
1997-10-19,83.403945667388
1997-10-20,83.376040126911
1997-10-21,83.241795311074
1997-10-22,83.266624419763
1997-10-23,83.323921745325
1997-10-24,83.277427564091
1997-10-25,83.285686738535
1997-10-26,83.293946732095
1997-10-27,83.403237666814
1997-10-28,83.807397779066
1997-10-29,83.742307292038
1997-10-30,83.796776639822
1997-10-31,83.889715618857
1997-11-01,83.899515933907
1997-11-02,83.909317393867
1997-11-03,83.783113741485
1997-11-04,83.937815071453
1997-11-05,83.919741928529
1997-11-06,83.826046246145
1997-11-07,83.98328004244
1997-11-08,83.993091288041
1997-11-09,84.002903679829
1997-11-10,84.009562171614
1997-11-11,84.029116901787
1997-11-12,83.78367950445
1997-11-13,83.749582199434
1997-11-14,83.610798104282
1997-11-15,83.620565835129
1997-11-16,83.63033470708
1997-11-17,83.700772128108
1997-11-18,83.782673138085
1997-11-19,83.608579561339
1997-11-20,83.657504311922
1997-11-21,83.421457069451
1997-11-22,83.431202680759
1997-11-23,83.440949430587
1997-11-24,83.61062645303
1997-11-25,83.487421909315
1997-11-26,83.276353160363
1997-11-27,83.229785786571
1997-11-28,83.247998635998
1997-11-29,83.257723983233
1997-11-30,83.267450466621
1997-12-01,82.978130831845
1997-12-02,83.028491149166
1997-12-03,83.11168677864
1997-12-04,83.057550011188
1997-12-05,82.884039526638
1997-12-06,82.887365292619
1997-12-07,82.890691192048
1997-12-08,82.89401722493
1997-12-09,82.682913153615
1997-12-10,82.839424603983
1997-12-11,82.941755249602
1997-12-12,82.930203607274
1997-12-13,82.933531225613
1997-12-14,82.936858977474
1997-12-15,82.929444082516
1997-12-16,82.724623743261
1997-12-17,82.982524160345
1997-12-18,82.99705212596
1997-12-19,82.99883385339
1997-12-20,83.002164225554
1997-12-21,83.005494731351
1997-12-22,82.842611645801
1997-12-23,82.905288161355
1997-12-24,82.910826907978
1997-12-25,82.914153748816
1997-12-26,82.917868894885
1997-12-27,82.921196018287
1997-12-28,82.924523275192
1997-12-29,82.783460886381
1997-12-30,82.67144578286
1997-12-31,82.674763018405
1998-01-01,82.669953004423
1998-01-02,82.451049912099
1998-01-03,82.446252913736
1998-01-04,82.441456194461
1998-01-05,82.158708171383
1998-01-06,82.086454555563
1998-01-07,82.074601788925
1998-01-08,82.143443135911
1998-01-09,82.122238198495
1998-01-10,82.117460330382
1998-01-11,82.112682740246
1998-01-12,81.76039678476
1998-01-13,81.749291483656
1998-01-14,81.726529530099
1998-01-15,81.64575662608
1998-01-16,81.707737523909
1998-01-17,81.702983771427
1998-01-18,81.698230295517
1998-01-19,81.607098961071
1998-01-20,81.602351063736
1998-01-21,81.597603442633
1998-01-22,81.592856097746
1998-01-23,81.58810902906
1998-01-24,81.583362236558
1998-01-25,81.578615720225
1998-01-26,81.573869480043
1998-01-27,82.157950814859
1998-01-28,82.153170868988
1998-01-29,82.148391201214
1998-01-30,82.14361181152
1998-01-31,82.138832699892
1998-02-01,82.229206719755
1998-02-02,81.803757452501
1998-02-03,81.820300525975
1998-02-04,82.016040288105
1998-02-05,82.255710082704
1998-02-06,82.177284603136
1998-02-07,82.178456355653
1998-02-08,82.179628124879
1998-02-09,81.908644766397
1998-02-10,81.945580306668
1998-02-11,81.821330544984
1998-02-12,81.945669125457
1998-02-13,81.744772018107
1998-02-14,81.745937603498
1998-02-15,81.747103205509
1998-02-16,81.802269231481
1998-02-17,81.676647747636
1998-02-18,81.771970741719
1998-02-19,81.722100397545
1998-02-20,81.726218625435
1998-02-21,81.727383946276
1998-02-22,81.728549283734
1998-02-23,81.840584646527
1998-02-24,81.807734446204
1998-02-25,81.690087879657
1998-02-26,81.688748892839
1998-02-27,81.683091076169
1998-02-28,81.684255782062
1998-03-01,81.693429104395
1998-03-02,80.609931135135
1998-03-03,80.642047000102
1998-03-04,80.516115708304
1998-03-05,80.388219026122
1998-03-06,80.348418249652
1998-03-07,80.35746431914
1998-03-08,80.366511407084
1998-03-09,80.434885803567
1998-03-10,81.484234897545
1998-03-11,81.411881993111
1998-03-12,81.534242060488
1998-03-13,81.710848398732
1998-03-14,81.720047858145
1998-03-15,81.729248353283
1998-03-16,81.659692114418
1998-03-17,81.766674224782
1998-03-18,81.608120703171
1998-03-19,81.594769916743
1998-03-20,81.534893876481
1998-03-21,81.54407352596
1998-03-22,81.553254208934
1998-03-23,81.633551659937
1998-03-24,81.602077263474
1998-03-25,81.663779399231
1998-03-26,81.734525493707
1998-03-27,81.64793929016
1998-03-28,81.657131666917
1998-03-29,81.666325078603
1998-03-30,81.434220661337
1998-03-31,81.292590804758
1998-04-01,81.282403526981
1998-04-02,81.298354779026
1998-04-03,81.290237462593
1998-04-04,81.298075049826
1998-04-05,81.305913392719
1998-04-06,81.364146496941
1998-04-07,81.400512974743
1998-04-08,81.593345856794
1998-04-09,81.601212668182
1998-04-10,81.609080238047
1998-04-11,81.616948566463
1998-04-12,81.624817653503
1998-04-13,81.673658900378
1998-04-14,81.920688933188
1998-04-15,81.996137809125
1998-04-16,81.855703290094
1998-04-17,81.859265553681
1998-04-18,81.86715800368
1998-04-19,81.875051214629
1998-04-20,81.919405351434
1998-04-21,82.088354628879
1998-04-22,82.065496782318
1998-04-23,81.983822916897
1998-04-24,82.020001179765
1998-04-25,82.027909127068
1998-04-26,82.035817836815
1998-04-27,82.10099472384
1998-04-28,81.944319045038
1998-04-29,81.971165997348
1998-04-30,81.963189563563
1998-05-01,81.975794842886
1998-05-02,81.988481882885
1998-05-03,82.001170886403
1998-05-04,82.150865254544
1998-05-05,82.29958973998
1998-05-06,82.378202313458
1998-05-07,82.386492463108
1998-05-08,82.330060343743
1998-05-09,82.342802211885
1998-05-10,82.355546052031
1998-05-11,82.278934577556
1998-05-12,82.259547065776
1998-05-13,82.22578738553
1998-05-14,82.222180119868
1998-05-15,82.183821051385
1998-05-16,82.196540286703
1998-05-17,82.209261490522
1998-05-18,82.078041560137
1998-05-19,82.093705715505
1998-05-20,82.297291370276
1998-05-21,82.468257791003
1998-05-22,82.48089249892
1998-05-23,82.493657710704
1998-05-24,82.506424898104
1998-05-25,82.519194061427
1998-05-26,82.311159381839
1998-05-27,82.213676618561
1998-05-28,82.085340419786
1998-05-29,82.028001991981
1998-05-30,82.040697111855
1998-05-31,82.053394196499
1998-06-01,82.024560446432
1998-06-02,82.022152398198
1998-06-03,82.137632362444
1998-06-04,82.243769356867
1998-06-05,82.123263452707
1998-06-06,82.121093652745
1998-06-07,82.118923910112
1998-06-08,82.116754224806
1998-06-09,81.991323833757
1998-06-10,81.514738417182
1998-06-11,81.390222808202
1998-06-12,81.373460952039
1998-06-13,81.371310962803
1998-06-14,81.369161030371
1998-06-15,81.367011154744
1998-06-16,81.635172018349
1998-06-17,81.862500735278
1998-06-18,81.846997392765
1998-06-19,82.007267620884
1998-06-20,82.005100885678
1998-06-21,82.002934207719
1998-06-22,81.780597535241
1998-06-23,81.676808063104
1998-06-24,81.634286827888
1998-06-25,81.693364868502
1998-06-26,81.499569644684
1998-06-27,81.497416323497
1998-06-28,81.495263059203
1998-06-29,81.4713879764
1998-06-30,81.650900898814
1998-07-01,81.325412392647
1998-07-02,81.206010559002
1998-07-03,81.269701582596
1998-07-04,81.248122688913
1998-07-05,81.243408093835
1998-07-06,81.238693772332
1998-07-07,81.32039395272
1998-07-08,81.211307080882
1998-07-09,81.206594622108
1998-07-10,81.155067739185
1998-07-11,81.150358543819
1998-07-12,81.145649621714
1998-07-13,81.266036155877
1998-07-14,81.317785394553
1998-07-15,81.251421153652
1998-07-16,81.394384067697
1998-07-17,81.448350129173
1998-07-18,81.443623915473
1998-07-19,81.438897976021
1998-07-20,81.557615754812
1998-07-21,81.473108199341
1998-07-22,81.41256348968
1998-07-23,81.391408261093
1998-07-24,81.56478075613
1998-07-25,81.560047786295
1998-07-26,81.5553150911
1998-07-27,81.299674808108
1998-07-28,81.383435341832
1998-07-29,81.375909628074
1998-07-30,81.332277084753
1998-07-31,81.248009670133
1998-08-01,81.248181786087
1998-08-02,81.248353902405
1998-08-03,81.153485571995
1998-08-04,81.191716495376
1998-08-05,81.341804224237
1998-08-06,81.363265142537
1998-08-07,81.2731783628
1998-08-08,81.273350532072
1998-08-09,81.273522701708
1998-08-10,81.197115305422
1998-08-11,80.999632270512
1998-08-12,81.10160796452
1998-08-13,80.997061501306
1998-08-14,80.815957646245
1998-08-15,80.816128846939
1998-08-16,80.816300047996
1998-08-17,80.816471249415
1998-08-18,80.698036674537
1998-08-19,80.67758295054
1998-08-20,80.73488063933
1998-08-21,80.666344323741
1998-08-22,80.666515207493
1998-08-23,80.666686091608
1998-08-24,80.633205359453
1998-08-25,80.576118228013
1998-08-26,80.480361441036
1998-08-27,80.520901137345
1998-08-28,80.923231415698
1998-08-29,80.923402843641
1998-08-30,80.923574271947
1998-08-31,81.03645581683
1998-09-01,81.305120093096
1998-09-02,81.259348282162
1998-09-03,81.650416226025
1998-09-04,81.553144117073
1998-09-05,81.555042298539
1998-09-06,81.556940524186
1998-09-07,81.680069418295
1998-09-08,81.646453861822
1998-09-09,81.626040086305
1998-09-10,82.115612225389
1998-09-11,82.209932438829
1998-09-12,82.211845907301
1998-09-13,82.21375942031
1998-09-14,81.999490286844
1998-09-15,82.213635614426
1998-09-16,82.005624548194
1998-09-17,82.1827940324
1998-09-18,82.064464366976
1998-09-19,82.066374449622
1998-09-20,82.068284576726
1998-09-21,82.101718020207
1998-09-22,82.021981382817
1998-09-23,81.970139791076
1998-09-24,82.141554887538
1998-09-25,82.220264667974
1998-09-26,82.222178376933
1998-09-27,82.224092130434
1998-09-28,82.048918634947
1998-09-29,82.122613015896
1998-09-30,82.129362084454
1998-10-01,82.435114078824
1998-10-02,82.632497628973
1998-10-03,82.646004909977
1998-10-04,82.65951439891
1998-10-05,82.702008722438
1998-10-06,82.732624240026
1998-10-07,83.274626793927
1998-10-08,83.435550984262
1998-10-09,83.137130867227
1998-10-10,83.150720636637
1998-10-11,83.164312627459
1998-10-12,83.177906840056
1998-10-13,83.093792734114
1998-10-14,83.032110634665
1998-10-15,83.329723298273
1998-10-16,83.436777009369
1998-10-17,83.450415759565
1998-10-18,83.464056739179
1998-10-19,83.365649108261
1998-10-20,83.149148055473
1998-10-21,83.066899476912
1998-10-22,83.187505083163
1998-10-23,83.237558872187
1998-10-24,83.251165057769
1998-10-25,83.264773467446
1998-10-26,83.126846462867
1998-10-27,82.920134544331
1998-10-28,82.970177860154
1998-10-29,83.073664785639
1998-10-30,83.026976998771
1998-10-31,83.040548762199
1998-11-01,83.047786993743
1998-11-02,83.17750652995
1998-11-03,83.035319208607
1998-11-04,82.886993343097
1998-11-05,83.033036882064
1998-11-06,82.942750913746
1998-11-07,82.949980620738
1998-11-08,82.957210957907
1998-11-09,82.624349717867
1998-11-10,82.645114228211
1998-11-11,82.753841771381
1998-11-12,82.558406510933
1998-11-13,82.614233795546
1998-11-14,82.621434867334
1998-11-15,82.628636566805
1998-11-16,82.999104983126
1998-11-17,82.940256901787
1998-11-18,82.95196904229
1998-11-19,82.826254793794
1998-11-20,82.69518140589
1998-11-21,82.702389533479
1998-11-22,82.709598289365
1998-11-23,82.303434572151
1998-11-24,82.321303064156
1998-11-25,82.317146151776
1998-11-26,82.337727078261
1998-11-27,82.24318440211
1998-11-28,82.250353131369
1998-11-29,82.257522485491
1998-11-30,82.383458786611
1998-12-01,82.58817906889
1998-12-02,82.714947793362
1998-12-03,82.749355222753
1998-12-04,82.713829751809
1998-12-05,82.720155540639
1998-12-06,82.726481813252
1998-12-07,82.732808569686
1998-12-08,82.739135809978
1998-12-09,82.772936278861
1998-12-10,82.934922276298
1998-12-11,83.040118343084
1998-12-12,83.046469085814
1998-12-13,83.052820314237
1998-12-14,83.069961189883
1998-12-15,82.936386246659
1998-12-16,82.860935510128
1998-12-17,82.876139366761
1998-12-18,82.911175715691
1998-12-19,82.917516597147
1998-12-20,82.92385796354
1998-12-21,82.792371562797
1998-12-22,82.748079882876
1998-12-23,82.795905662255
1998-12-24,82.707403836281
1998-12-25,82.713729133669
1998-12-26,82.720054914803
1998-12-27,82.726381179721
1998-12-28,82.669176768354
1998-12-29,82.802210829023
1998-12-30,82.785431544003
1998-12-31,82.791762808795
1999-01-01,82.787511232537
1999-01-02,82.783259874609
1999-01-03,82.779008734999
1999-01-04,83.048981163414
1999-01-05,82.979042127011
1999-01-06,82.670993149409
1999-01-07,82.809605492942
1999-01-08,82.562002484877
1999-01-09,82.55776270742
1999-01-10,82.553523147687
1999-01-11,82.608535908316
1999-01-12,82.495476765696
1999-01-13,82.785353117873
1999-01-14,82.767463583457
1999-01-15,77.764460326637
1999-01-16,77.760466915675
1999-01-17,77.756473709784
1999-01-18,77.74956164819
1999-01-19,77.769775489637
1999-01-20,75.454916339254
1999-01-21,74.046796883586
1999-01-22,74.03514263106
1999-01-23,74.031340730436
1999-01-24,74.02753902505
1999-01-25,74.023737514892
1999-01-26,74.019936199951
1999-01-27,74.016135080218
1999-01-28,71.3244545417
1999-01-29,71.320791842088
1999-01-30,71.317129330565
1999-01-31,71.313467007122
1999-02-01,70.685157985568
1999-02-02,70.179152808947
1999-02-03,71.869877544414
1999-02-04,70.197619117951
1999-02-05,70.18283827127
1999-02-06,70.198869362527
1999-02-07,70.214904115588
1999-02-08,71.237195719047
1999-02-09,70.696052812993
1999-02-10,70.712201132183
1999-02-11,70.728353139956
1999-02-12,70.784944704808
1999-02-13,70.801113328593
1999-02-14,70.817285645597
1999-02-15,70.833461656666
1999-02-16,70.834127924714
1999-02-17,70.444133782907
1999-02-18,70.684947305963
1999-02-19,70.053585021174
1999-02-20,70.069586588537
1999-02-21,70.085591810961
1999-02-22,70.261258419691
1999-02-23,70.114826140303
1999-02-24,70.130841696299
1999-02-25,70.146860910551
1999-02-26,68.525898108888
1999-02-27,68.541550723588
1999-02-28,68.557206913642
1999-03-01,68.908778374906
1999-03-02,68.834720296864
1999-03-03,67.451259944628
1999-03-04,67.971257275699
1999-03-05,69.272127774565
1999-03-06,69.299440344152
1999-03-07,69.326763682522
1999-03-08,69.647747345285
1999-03-09,69.688725105271
1999-03-10,69.889414585029
1999-03-11,71.111715526745
1999-03-12,71.191665916326
1999-03-13,71.219735320167
1999-03-14,71.247815791193
1999-03-15,70.859807281592
1999-03-16,71.115581825972
1999-03-17,71.344683481265
1999-03-18,71.339343224331
1999-03-19,71.367470854284
1999-03-20,71.395609574382
1999-03-21,71.423759388995
1999-03-22,71.584086979101
1999-03-23,71.520231520412
1999-03-24,71.816442599126
1999-03-25,72.096379856757
1999-03-26,72.35650930674
1999-03-27,72.385037984276
1999-03-28,72.413577910081
1999-03-29,72.487812550562
1999-03-30,72.966521163183
1999-03-31,73.3532725356
1999-04-01,73.367549926723
1999-04-02,73.38183009678
1999-04-03,73.396113046312
1999-04-04,73.41039877586
1999-04-05,73.216649361591
1999-04-06,73.417191324992
1999-04-07,73.377374765009
1999-04-08,73.747147549539
1999-04-09,73.541833156584
1999-04-10,73.556147248916
1999-04-11,73.570464127325
1999-04-12,73.69598170079
1999-04-13,74.256725909556
1999-04-14,74.355929331779
1999-04-15,74.222093601484
1999-04-16,74.041217185677
1999-04-17,74.055628477505
1999-04-18,74.070042574328
1999-04-19,74.04168084415
1999-04-20,73.393587282395
1999-04-21,73.07498380761
1999-04-22,73.089207032956
1999-04-23,73.834004645716
1999-04-24,73.848375605948
1999-04-25,73.862749363327
1999-04-26,73.506846470621
1999-04-27,73.754643991937
1999-04-28,73.768999505509
1999-04-29,73.78335781322
1999-04-30,74.144310906669
1999-05-01,74.159446345563
1999-05-02,74.174619692011
1999-05-03,74.022153574702
1999-05-04,73.84922649972
1999-05-05,74.237298221211
1999-05-06,74.455606896529
1999-05-07,74.533428868475
1999-05-08,74.548678733379
1999-05-09,74.563931718472
1999-05-10,74.575711748271
1999-05-11,74.747082782748
1999-05-12,74.6057799615
1999-05-13,74.621044629754
1999-05-14,74.636226439179
1999-05-15,74.651497336915
1999-05-16,74.666771359144
1999-05-17,74.587146675836
1999-05-18,74.697485806518
1999-05-19,74.712769238188
1999-05-20,74.139620037384
1999-05-21,74.154789327282
1999-05-22,74.169961720884
1999-05-23,74.185137218823
1999-05-24,74.200315821736
1999-05-25,74.215497530257
1999-05-26,74.230682345022
1999-05-27,74.245870266666
1999-05-28,74.846069779809
1999-05-29,74.861383612409
1999-05-30,74.876700578285
1999-05-31,74.893765640346
1999-06-01,73.146620445896
1999-06-02,72.863750185294
1999-06-03,74.896755077937
1999-06-04,74.898401950664
1999-06-05,74.900138584438
1999-06-06,74.901875258479
1999-06-07,74.902591882518
1999-06-08,74.904328613442
1999-06-09,74.906065384635
1999-06-10,73.123400112514
1999-06-11,72.783740414003
1999-06-12,72.785428016122
1999-06-13,72.78711565737
1999-06-14,72.788803337749
1999-06-15,72.539494833247
1999-06-16,72.541176772159
1999-06-17,72.723709328425
1999-06-18,72.820631630164
1999-06-19,72.822320087662
1999-06-20,72.824008584309
1999-06-21,72.825697120106
1999-06-22,72.476577067231
1999-06-23,72.266570711212
1999-06-24,72.435519219023
1999-06-25,72.40496137231
1999-06-26,72.406640191859
1999-06-27,72.408319050333
1999-06-28,72.454930928521
1999-06-29,72.58228034831
1999-06-30,72.463039664745
1999-07-01,72.42404427033
1999-07-02,72.269719105404
1999-07-03,72.279224804167
1999-07-04,72.288731753224
1999-07-05,72.274837400503
1999-07-06,72.24650214761
1999-07-07,72.10111708456
1999-07-08,72.110600606954
1999-07-09,72.120085376724
1999-07-10,72.129571394034
1999-07-11,72.139058659047
1999-07-12,71.768903513201
1999-07-13,71.834231549257
1999-07-14,71.843679967965
1999-07-15,71.853129629432
1999-07-16,71.862580533821
1999-07-17,71.872032681296
1999-07-18,71.88148607202
1999-07-19,72.198994030656
1999-07-20,72.469564960937
1999-07-21,72.474257997742
1999-07-22,72.480514236862
1999-07-23,72.3634522252
1999-07-24,72.372970252762
1999-07-25,72.382489532239
1999-07-26,72.728725535568
1999-07-27,72.627902568767
1999-07-28,73.217213904303
1999-07-29,73.214459121934
1999-07-30,73.289432536853
1999-07-31,73.299072359408
1999-08-01,73.316314628045
1999-08-02,72.993105220767
1999-08-03,72.975970534663
1999-08-04,73.124674930128
1999-08-05,72.909051554487
1999-08-06,72.715916771996
1999-08-07,72.733021863928
1999-08-08,72.750130979519
1999-08-09,72.69731126493
1999-08-10,72.476457447577
1999-08-11,72.46980608916
1999-08-12,72.575860026658
1999-08-13,72.225238000258
1999-08-14,72.242227668966
1999-08-15,72.259221334183
1999-08-16,72.27621899685
1999-08-17,72.087308895211
1999-08-18,72.082580573547
1999-08-19,72.041753722931
1999-08-20,71.975474951888
1999-08-21,71.992405868398
1999-08-22,72.009340767598
1999-08-23,72.353208416615
1999-08-24,72.419223457065
1999-08-25,71.821121020019
1999-08-26,71.798650635652
1999-08-27,71.560909442935
1999-08-28,71.577742840478
1999-08-29,71.59458019777
1999-08-30,71.619288758478
1999-08-31,72.176814727248
1999-09-01,72.187451485275
1999-09-02,72.392876860581
1999-09-03,72.391926482394
1999-09-04,72.402594941623
1999-09-05,72.413264973071
1999-09-06,72.278363659418
1999-09-07,72.263819106512
1999-09-08,72.310847115414
1999-09-09,72.696075868802
1999-09-10,72.601305549838
1999-09-11,72.612004865436
1999-09-12,72.622705757801
1999-09-13,72.520347891436
1999-09-14,72.289982026235
1999-09-15,72.44073198695
1999-09-16,72.45718577194
1999-09-17,72.427964360651
1999-09-18,72.438638130812
1999-09-19,72.449313473975
1999-09-20,72.454066205134
1999-09-21,72.695132431309
1999-09-22,72.726370983511
1999-09-23,72.737088730108
1999-09-24,72.643406269626
1999-09-25,72.654111789643
1999-09-26,72.664818887341
1999-09-27,72.675527562953
1999-09-28,72.92559882482
1999-09-29,73.070874497763
1999-09-30,73.120656323761
1999-10-01,73.324031760707
1999-10-02,73.334478148759
1999-10-03,73.344926025096
1999-10-04,72.44861643642
1999-10-05,72.400298741811
1999-10-06,72.681957211176
1999-10-07,72.497768371796
1999-10-08,72.293221275091
1999-10-09,72.303520804792
1999-10-10,72.313821801856
1999-10-11,72.32412426649
1999-10-12,72.582065472029
1999-10-13,72.58930019481
1999-10-14,72.677074138562
1999-10-15,72.687428355327
1999-10-16,72.697784047245
1999-10-17,72.708141214526
1999-10-18,72.718499857381
1999-10-19,72.855820066709
1999-10-20,72.663581910877
1999-10-21,72.362878389182
1999-10-22,72.288836812208
1999-10-23,72.299135717261
1999-10-24,72.309436089586
1999-10-25,72.262157767979
1999-10-26,72.029079737519
1999-10-27,71.955747997114
1999-10-28,71.915662298007
1999-10-29,71.925908037328
1999-10-30,71.936155236348
1999-10-31,71.946403895273
1999-11-01,72.183007558094
1999-11-02,72.268796926242
1999-11-03,72.214605299136
1999-11-04,72.251231703573
1999-11-05,72.291768793318
1999-11-06,72.308165560134
1999-11-07,72.324566045962
1999-11-08,72.298668645522
1999-11-09,72.403544495048
1999-11-10,72.451507520198
1999-11-11,72.426055149011
1999-11-12,72.24387334284
1999-11-13,72.26025924631
1999-11-14,72.276648866327
1999-11-15,72.297444534982
1999-11-16,72.279937204261
1999-11-17,72.531408594495
1999-11-18,72.477417305539
1999-11-19,72.379002925204
1999-11-20,72.39541947792
1999-11-21,72.411839754135
1999-11-22,72.481950176714
1999-11-23,72.442284024979
1999-11-24,72.171660858724
1999-11-25,72.250550168327
1999-11-26,72.184281662391
1999-11-27,72.200654049648
1999-11-28,72.217030150387
1999-11-29,72.140526518467
1999-11-30,72.073892557168
1999-12-01,72.110464053907
1999-12-02,72.012934495554
1999-12-03,72.018721781402
1999-12-04,72.029367643863
1999-12-05,72.040015080002
1999-12-06,72.525899035872
1999-12-07,72.533639985123
1999-12-08,72.544361963185
1999-12-09,72.460663735626
1999-12-10,72.387313163333
1999-12-11,72.398013511253
1999-12-12,72.408715440906
1999-12-13,72.32890813321
1999-12-14,72.218223191022
1999-12-15,72.227517601207
1999-12-16,72.446524812799
1999-12-17,72.287348373337
1999-12-18,72.298033944385
1999-12-19,72.308721094983
1999-12-20,72.327333744216
1999-12-21,73.577333220732
1999-12-22,73.515327988187
1999-12-23,73.723969855726
1999-12-24,73.734867789259
1999-12-25,73.745767333733
1999-12-26,73.756668489385
1999-12-27,73.767571256455
1999-12-28,73.778475635181
1999-12-29,73.789381625799
1999-12-30,73.80028922855
1999-12-31,73.811198443671
2000-01-01,73.800022658691
2000-01-02,73.788848565841
2000-01-03,73.847516237118
2000-01-04,74.032691012185
2000-01-05,74.106813575661
2000-01-06,74.010283155494
2000-01-07,73.986983306833
2000-01-08,73.975780906191
2000-01-09,73.96458020171
2000-01-10,73.953381193133
2000-01-11,73.942183880202
2000-01-12,73.905588607406
2000-01-13,73.820005292533
2000-01-14,73.619017722784
2000-01-15,73.607871035969
2000-01-16,73.596726036878
2000-01-17,73.430113292897
2000-01-18,73.457341043349
2000-01-19,73.446218836068
2000-01-20,73.485789425606
2000-01-21,73.355011676322
2000-01-22,73.343904962774
2000-01-23,73.332799930899
2000-01-24,73.199402157862
2000-01-25,73.204669569391
2000-01-26,73.131697082756
2000-01-27,72.911285203781
2000-01-28,72.607909332113
2000-01-29,73.108566466613
2000-01-30,73.09749706744
2000-01-31,73.086429344288
2000-02-01,73.057547732907
2000-02-02,73.05736026897
2000-02-03,73.472576537288
2000-02-04,73.169515951943
2000-02-05,73.179327375407
2000-02-06,73.189140114501
2000-02-07,73.164685239201
2000-02-08,73.410654248853
2000-02-09,73.174673736282
2000-02-10,73.407281016015
2000-02-11,73.324656575565
2000-02-12,73.334488802096
2000-02-13,73.344322347047
2000-02-14,73.237948433233
2000-02-15,73.376981721842
2000-02-16,73.386328713657
2000-02-17,73.446240186691
2000-02-18,73.412738900757
2000-02-19,73.422582938395
2000-02-20,73.432428296037
2000-02-21,73.424446915136
2000-02-22,73.892366011744
2000-02-23,73.832290203912
2000-02-24,73.598259855841
2000-02-25,73.216551518204
2000-02-26,73.226369248747
2000-02-27,73.236188295765
2000-02-28,73.150990810209
2000-02-29,73.07436578424
2000-03-01,73.09655327905
2000-03-02,73.117972169884
2000-03-03,73.125778998041
2000-03-04,73.147081006991
2000-03-05,73.168389221353
2000-03-06,73.110742030773
2000-03-07,73.120692265687
2000-03-08,73.095101291486
2000-03-09,73.35878742742
2000-03-10,73.332066387158
2000-03-11,73.353428488948
2000-03-12,73.374796813657
2000-03-13,73.353021467508
2000-03-14,73.862311579609
2000-03-15,73.987343979216
2000-03-16,74.024024118189
2000-03-17,74.033931040749
2000-03-18,74.05549760022
2000-03-19,74.077070442168
2000-03-20,74.095652734147
2000-03-21,74.302928594611
2000-03-22,74.090607002227
2000-03-23,74.298561732591
2000-03-24,74.410013298384
2000-03-25,74.431689413032
2000-03-26,74.45337184207
2000-03-27,73.764417081437
2000-03-28,73.707477305596
2000-03-29,73.561394229197
2000-03-30,73.635432898352
2000-03-31,73.661587358329
2000-04-01,73.669575028268
2000-04-02,73.677563564368
2000-04-03,73.625004026316
2000-04-04,74.004913621448
2000-04-05,73.865761853379
2000-04-06,73.718407791388
2000-04-07,73.658916930872
2000-04-08,73.666904311236
2000-04-09,73.674892557731
2000-04-10,73.756674298925
2000-04-11,73.755431133122
2000-04-12,73.668289347524
2000-04-13,73.622148435899
2000-04-14,73.65067114618
2000-04-15,73.658657632393
2000-04-16,73.66664498464
2000-04-17,73.667532716248
2000-04-18,73.93831457626
2000-04-19,73.844481314481
2000-04-20,73.852488816961
2000-04-21,73.860497187755
2000-04-22,73.868506426955
2000-04-23,73.876516534657
2000-04-24,73.744362808135
2000-04-25,73.461614989377
2000-04-26,73.356854798581
2000-04-27,73.111728974105
2000-04-28,73.03429225113
2000-04-29,73.042211898827
2000-04-30,73.050132405311
2000-05-01,73.062417823325
2000-05-02,72.940837727829
2000-05-03,72.75571817811
2000-05-04,72.686068236264
2000-05-05,72.750789754851
2000-05-06,72.763023129987
2000-05-07,72.775258562221
2000-05-08,72.820798239506
2000-05-09,72.833043386886
2000-05-10,72.845290593343
2000-05-11,72.857539859224
2000-05-12,72.869791184874
2000-05-13,72.88204457064
2000-05-14,72.894300016868
2000-05-15,72.906557523906
2000-05-16,72.241579002922
2000-05-17,71.946867444082
2000-05-18,72.039002807965
2000-05-19,72.162452808994
2000-05-20,72.174587252606
2000-05-21,72.186723736679
2000-05-22,72.35097528339
2000-05-23,72.316091746144
2000-05-24,72.493332302388
2000-05-25,72.505522384886
2000-05-26,73.014738565504
2000-05-27,73.02701632483
2000-05-28,73.039296148716
2000-05-29,72.891335762434
2000-05-30,73.158278196777
2000-05-31,73.071687440836
2000-06-01,72.987981359366
2000-06-02,73.295406073374
2000-06-03,73.308031843781
2000-06-04,73.320659789087
2000-06-05,73.70727244869
2000-06-06,73.928599394771
2000-06-07,74.104050448365
2000-06-08,73.99791005604
2000-06-09,73.881580770623
2000-06-10,73.894307514714
2000-06-11,73.907036451097
2000-06-12,74.015754488171
2000-06-13,74.183434669175
2000-06-14,74.144105534607
2000-06-15,74.073161347354
2000-06-16,74.277289102078
2000-06-17,74.290084010367
2000-06-18,74.302881122689
2000-06-19,74.315680439426
2000-06-20,74.183200485969
2000-06-21,73.980096123792
2000-06-22,73.934320347672
2000-06-23,73.251795194136
2000-06-24,73.264413452191
2000-06-25,73.27703388385
2000-06-26,73.278281173169
2000-06-27,73.35589157577
2000-06-28,73.405696962174
2000-06-29,73.595186275272
2000-06-30,73.669031465688
2000-07-01,73.67349950544
2000-07-02,73.678097990667
2000-07-03,73.599922115114
2000-07-04,73.585302142731
2000-07-05,73.619030871334
2000-07-06,73.634320803076
2000-07-07,73.558273779847
2000-07-08,73.56286507302
2000-07-09,73.567456652768
2000-07-10,73.628363257807
2000-07-11,73.629573329939
2000-07-12,73.489831393729
2000-07-13,73.494418414927
2000-07-14,73.499005722435
2000-07-15,73.503593316268
2000-07-16,73.508181196446
2000-07-17,73.25778766241
2000-07-18,73.584854802892
2000-07-19,73.450920097806
2000-07-20,73.651464981127
2000-07-21,73.768251619429
2000-07-22,73.772856018807
2000-07-23,73.777460705579
2000-07-24,73.651729997297
2000-07-25,73.656327123735
2000-07-26,73.660924537112
2000-07-27,73.63587908987
2000-07-28,73.450538743167
2000-07-29,73.455123311833
2000-07-30,73.459708166655
2000-07-31,73.49583726434
2000-08-01,73.453653212042
2000-08-02,73.329381802754
2000-08-03,73.150910169362
2000-08-04,73.19391871566
2000-08-05,73.210630797966
2000-08-06,73.227346696077
2000-08-07,73.276210418603
2000-08-08,73.292941290253
2000-08-09,73.138433383784
2000-08-10,73.290531881275
2000-08-11,73.335399509713
2000-08-12,73.352143895777
2000-08-13,73.368892105022
2000-08-14,73.3073311461
2000-08-15,73.495024143461
2000-08-16,73.562727946696
2000-08-17,73.576571271256
2000-08-18,73.415197761394
2000-08-19,73.431960367483
2000-08-20,73.448726800912
2000-08-21,73.465497062555
2000-08-22,73.254874804349
2000-08-23,72.932202987133
2000-08-24,73.077968093559
2000-08-25,73.06874514035
2000-08-26,73.085428642261
2000-08-27,73.102115953451
2000-08-28,73.11880707479
2000-08-29,72.954611712663
2000-08-30,72.898123396635
2000-08-31,72.810999570998
2000-09-01,73.104970919343
2000-09-02,73.118418339552
2000-09-03,73.13186823337
2000-09-04,73.133838221666
2000-09-05,72.730049474725
2000-09-06,72.335239801186
2000-09-07,72.43288941581
2000-09-08,72.225185500568
2000-09-09,72.238471087128
2000-09-10,72.251759117528
2000-09-11,72.134097736316
2000-09-12,72.293412464809
2000-09-13,72.25199184967
2000-09-14,72.245796182479
2000-09-15,72.133289655092
2000-09-16,72.146558337711
2000-09-17,72.159829461062
2000-09-18,71.723558070248
2000-09-19,71.648036928775
2000-09-20,71.671637324491
2000-09-21,71.919647793631
2000-09-22,72.423341843586
2000-09-23,72.436663880357
2000-09-24,72.449988367673
2000-09-25,72.445590581418
2000-09-26,72.618708175117
2000-09-27,72.573958828144
2000-09-28,72.714617333279
2000-09-29,72.738665579685
2000-09-30,72.752045619226
2000-10-01,72.751251879694
2000-10-02,72.574304646135
2000-10-03,72.465728543605
2000-10-04,72.407248318153
2000-10-05,72.279442363801
2000-10-06,72.308022800234
2000-10-07,72.307252382114
2000-10-08,72.306481972203
2000-10-09,72.301815195522
2000-10-10,72.17412044075
2000-10-11,72.227631925161
2000-10-12,72.104508847814
2000-10-13,72.017208238258
2000-10-14,72.016440918672
2000-10-15,72.015673607261
2000-10-16,72.014906304026
2000-10-17,71.721202393717
2000-10-18,71.789615811285
2000-10-19,71.523501011642
2000-10-20,71.554820942334
2000-10-21,71.554058549332
2000-10-22,71.553296164452
2000-10-23,70.939731459535
2000-10-24,70.966053992339
2000-10-25,70.646173116226
2000-10-26,70.77948005079
2000-10-27,70.778725918789
2000-10-28,70.777971794824
2000-10-29,70.777217678893
2000-10-30,70.776463570997
2000-10-31,70.797746536786
2000-11-01,71.061394062939
2000-11-02,71.112720041036
2000-11-03,71.268727811064
2000-11-04,71.286529533829
2000-11-05,71.304335703163
2000-11-06,71.322146320177
2000-11-07,70.901560950382
2000-11-08,70.802621117161
2000-11-09,70.829831757139
2000-11-10,70.935906526916
2000-11-11,70.953625116554
2000-11-12,70.971348131995
2000-11-13,70.878420746757
2000-11-14,70.825597738843
2000-11-15,70.822014912414
2000-11-16,70.710841472472
2000-11-17,70.71928420312
2000-11-18,70.736948684165
2000-11-19,70.754617577498
2000-11-20,70.954599064608
2000-11-21,70.894073914114
2000-11-22,70.831532881891
2000-11-23,70.861118459261
2000-11-24,70.878818368104
2000-11-25,70.896522698085
2000-11-26,70.914231450309
2000-11-27,70.988796993098
2000-11-28,71.060104787311
2000-11-29,71.097070295163
2000-11-30,71.403881849475
2000-12-01,71.48809752204
2000-12-02,71.49921699815
2000-12-03,71.510338203817
2000-12-04,71.549898099395
2000-12-05,71.446790620378
2000-12-06,71.568766677084
2000-12-07,71.591919081242
2000-12-08,71.603054706074
2000-12-09,71.614192062974
2000-12-10,71.625331152212
2000-12-11,71.647570546776
2000-12-12,71.627600413691
2000-12-13,71.579092967632
2000-12-14,71.590226597451
2000-12-15,71.601361959028
2000-12-16,71.612499052633
2000-12-17,71.623637878535
2000-12-18,71.634778437005
2000-12-19,72.095803714205
2000-12-20,72.438897463033
2000-12-21,72.584039667348
2000-12-22,72.825775366773
2000-12-23,72.837102909363
2000-12-24,72.848432213874
2000-12-25,72.859763280579
2000-12-26,72.98008421616
2000-12-27,72.931244189862
2000-12-28,72.812056409568
2000-12-29,72.82338181827
2000-12-30,72.834708988561
2000-12-31,72.846037920714
2001-01-01,72.851303202608
2001-01-02,72.849153700371
2001-01-03,72.854419207472
2001-01-04,73.485867396442
2001-01-05,73.695097280494
2001-01-06,73.700423932053
2001-01-07,73.705750968619
2001-01-08,73.562806573333
2001-01-09,73.251804272444
2001-01-10,73.244583474164
2001-01-11,73.459339138516
2001-01-12,73.385514588178
2001-01-13,73.390818863225
2001-01-14,73.396123521664
2001-01-15,73.482813469769
2001-01-16,73.48812477754
2001-01-17,73.495812652404
2001-01-18,73.501124899751
2001-01-19,73.506437531065
2001-01-20,73.511750546374
2001-01-21,73.517063945705
2001-01-22,73.522377729086
2001-01-23,73.527691896546
2001-01-24,73.534389630254
2001-01-25,73.539704665929
2001-01-26,73.542153965901
2001-01-27,73.547469562779
2001-01-28,73.552785543866
2001-01-29,72.632118516525
2001-01-30,72.815823074295
2001-01-31,72.893913740145
2001-02-01,73.132064958323
2001-02-02,73.14625137705
2001-02-03,73.16044054771
2001-02-04,73.174632470835
2001-02-05,72.969245338086
2001-02-06,72.806105941895
2001-02-07,72.850671666315
2001-02-08,72.532581192173
2001-02-09,72.68078796463
2001-02-10,72.694886843037
2001-02-11,72.708988456395
2001-02-12,72.78391391364
2001-02-13,72.576165056181
2001-02-14,72.590243639463
2001-02-15,72.394122444196
2001-02-16,72.615394443731
2001-02-17,72.62948063687
2001-02-18,72.643569562498
2001-02-19,72.657661221147
2001-02-20,72.671755613346
2001-02-21,72.685852739625
2001-02-22,72.699952600515
2001-02-23,72.504981276643
2001-02-24,72.519046051441
2001-02-25,72.533113554575
2001-02-26,72.758353826829
2001-02-27,72.847082629982
2001-02-28,73.050195876101
2001-03-01,73.219764734002
2001-03-02,73.263064136079
2001-03-03,73.266514036863
2001-03-04,73.270008504991
2001-03-05,73.199905756395
2001-03-06,73.26601695072
2001-03-07,73.116257545875
2001-03-08,73.151534499709
2001-03-09,73.238077268548
2001-03-10,73.241570380376
2001-03-11,73.245063658808
2001-03-12,73.174528974367
2001-03-13,72.881225759962
2001-03-14,72.809457856898
2001-03-15,72.625071078272
2001-03-16,72.414780370431
2001-03-17,72.418234214869
2001-03-18,72.421688224039
2001-03-19,72.503274516429
2001-03-20,72.630647344655
2001-03-21,72.634111484932
2001-03-22,72.241850895127
2001-03-23,72.385715801209
2001-03-24,72.389168259404
2001-03-25,72.392620882264
2001-03-26,70.124228603707
2001-03-27,70.011895350314
2001-03-28,69.975273233633
2001-03-29,69.978610725054
2001-03-30,69.735757374301
2001-03-31,69.739083441942
2001-04-01,69.735183716669
2001-04-02,69.731284209463
2001-04-03,70.246145132809
2001-04-04,70.435697819071
2001-04-05,70.333681997381
2001-04-06,70.492647898528
2001-04-07,70.48870603484
2001-04-08,70.484764391577
2001-04-09,70.433736920118
2001-04-10,70.224888867835
2001-04-11,70.187308778128
2001-04-12,70.183383988635
2001-04-13,70.179459418612
2001-04-14,70.175535068046
2001-04-15,70.171610936925
2001-04-16,70.039619414799
2001-04-17,69.953768042402
2001-04-18,70.068638863214
2001-04-19,70.184021885528
2001-04-20,70.419510135935
2001-04-21,70.415572362023
2001-04-22,70.411634808307
2001-04-23,69.419590746085
2001-04-24,70.112995593115
2001-04-25,69.409237757032
2001-04-26,69.44631855569
2001-04-27,69.442435201475
2001-04-28,69.438552064412
2001-04-29,69.43466914449
2001-04-30,69.51537712281
2001-05-01,69.523591187511
2001-05-02,69.72610253682
2001-05-03,69.678253778094
2001-05-04,69.741895632664
2001-05-05,69.750124372457
2001-05-06,69.758354083146
2001-05-07,69.597078026541
2001-05-08,69.47443326277
2001-05-09,69.470960346396
2001-05-10,69.41309485725
2001-05-11,69.318168320394
2001-05-12,69.326347065248
2001-05-13,69.3345267751
2001-05-14,69.342707450063
2001-05-15,69.350889090252
2001-05-16,69.516239219486
2001-05-17,69.483251094172
2001-05-18,69.425414366418
2001-05-19,69.43360576507
2001-05-20,69.441798130212
2001-05-21,69.421122535688
2001-05-22,69.143201708621
2001-05-23,69.151359809431
2001-05-24,69.113078575542
2001-05-25,69.12123312217
2001-05-26,69.129388630941
2001-05-27,69.137545101968
2001-05-28,69.139821762949
2001-05-29,69.102700075572
2001-05-30,69.126216728681
2001-05-31,69.13437282546
2001-06-01,68.967787385246
2001-06-02,68.989884705425
2001-06-03,69.011989105598
2001-06-04,69.034100588034
2001-06-05,69.056219155002
2001-06-06,67.38177795476
2001-06-07,67.459386535593
2001-06-08,67.459186099299
2001-06-09,67.480800062726
2001-06-10,67.502420951281
2001-06-11,67.52404876718
2001-06-12,67.48815440892
2001-06-13,67.615967911672
2001-06-14,67.849357575397
2001-06-15,67.848698784672
2001-06-16,67.870437548196
2001-06-17,67.892183276833
2001-06-18,67.913935972815
2001-06-19,67.751430387335
2001-06-20,67.784794271739
2001-06-21,67.84571914595
2001-06-22,67.859556319055
2001-06-23,67.88129856134
2001-06-24,67.903047769852
2001-06-25,68.680170524586
2001-06-26,68.743980655697
2001-06-27,68.73088804882
2001-06-28,68.406840615954
2001-06-29,68.470766796187
2001-06-30,68.492704870673
2001-07-01,68.508781265207
2001-07-02,68.314841257518
2001-07-03,68.355702224881
2001-07-04,68.325624464316
2001-07-05,68.152764733957
2001-07-06,68.344421070404
2001-07-07,68.360556843525
2001-07-08,68.376696426221
2001-07-09,68.392839819391
2001-07-10,68.601989608475
2001-07-11,68.682730722474
2001-07-12,68.575090116087
2001-07-13,68.596868481827
2001-07-14,68.613063856509
2001-07-15,68.629263054837
2001-07-16,65.877850838208
2001-07-17,65.992397261482
2001-07-18,66.275853005104
2001-07-19,66.259147064382
2001-07-20,66.327573293136
2001-07-21,66.343232898669
2001-07-22,66.358896201356
2001-07-23,68.128228656909
2001-07-24,68.266874916749
2001-07-25,68.408913719542
2001-07-26,68.369920021825
2001-07-27,68.379217836996
2001-07-28,68.395361825458
2001-07-29,68.411509625434
2001-07-30,68.370816539202
2001-07-31,68.354922473413
2001-08-01,68.504797855002
2001-08-02,68.571389423469
2001-08-03,68.636808482883
2001-08-04,68.65152506493
2001-08-05,68.666244802393
2001-08-06,67.868162962011
2001-08-07,67.799684892851
2001-08-08,67.858011859531
2001-08-09,68.143056445953
2001-08-10,68.190989271889
2001-08-11,68.205610264774
2001-08-12,68.22023439258
2001-08-13,68.229542006813
2001-08-14,68.318929983661
2001-08-15,68.551966033153
2001-08-16,68.660710187736
2001-08-17,68.685374731958
2001-08-18,68.700101727209
2001-08-19,68.714831880111
2001-08-20,68.729565191341
2001-08-21,68.703374948153
2001-08-22,68.763619613673
2001-08-23,68.72528134769
2001-08-24,68.697910474816
2001-08-25,68.712640157887
2001-08-26,68.727372999184
2001-08-27,68.734503495215
2001-08-28,68.718152275828
2001-08-29,68.76939069548
2001-08-30,68.902858866923
2001-08-31,68.819748312606
2001-09-01,68.828109781668
2001-09-02,68.836472266633
2001-09-03,68.77164394691
2001-09-04,68.358907880253
2001-09-05,68.432086587777
2001-09-06,67.612386058166
2001-09-07,67.830506006063
2001-09-08,67.838747284059
2001-09-09,67.846989563354
2001-09-10,67.72241764196
2001-09-11,67.730645787425
2001-09-12,67.903076630517
2001-09-13,67.991664501339
2001-09-14,68.203458445773
2001-09-15,68.211745036784
2001-09-16,68.2200326346
2001-09-17,67.243275422761
2001-09-18,67.24457172343
2001-09-19,67.389737241543
2001-09-20,67.397924966969
2001-09-21,67.063450250171
2001-09-22,67.071598332346
2001-09-23,67.079747404497
2001-09-24,66.261566720201
2001-09-25,66.435754305738
2001-09-26,66.43809789945
2001-09-27,66.342090007691
2001-09-28,66.227673797252
2001-09-29,66.235720334171
2001-09-30,66.243767848728
2001-10-01,66.257615115879
2001-10-02,66.335552772613
2001-10-03,66.395837819717
2001-10-04,66.409642157136
2001-10-05,66.42344936461
2001-10-06,66.437259442736
2001-10-07,66.451072392111
2001-10-08,66.464888213331
2001-10-09,66.425452068462
2001-10-10,66.458538989666
2001-10-11,66.150592901119
2001-10-12,66.359689167711
2001-10-13,66.373485989475
2001-10-14,66.387285679732
2001-10-15,66.398846857422
2001-10-16,66.402435026616
2001-10-17,66.321649887823
2001-10-18,66.353933996104
2001-10-19,66.247688433947
2001-10-20,66.261461969674
2001-10-21,66.275238369053
2001-10-22,66.289017632678
2001-10-23,66.302799761146
2001-10-24,66.626053395427
2001-10-25,66.698961467666
2001-10-26,66.630354499029
2001-10-27,66.644207594736
2001-10-28,66.658063570635
2001-10-29,66.905306194403
2001-10-30,66.978903796639
2001-10-31,66.888267967991
2001-11-01,67.042369809363
2001-11-02,66.937755091743
2001-11-03,66.950312836058
2001-11-04,66.962872936247
2001-11-05,67.504672259111
2001-11-06,67.517336358962
2001-11-07,67.566974033087
2001-11-08,67.452762933473
2001-11-09,67.503447677474
2001-11-10,67.51611154759
2001-11-11,67.528777793489
2001-11-12,67.613719709546
2001-11-13,68.318543769264
2001-11-14,68.331360554103
2001-11-15,68.347094153259
2001-11-16,68.359916294244
2001-11-17,68.372740840706
2001-11-18,68.385567793095
2001-11-19,68.626882204573
2001-11-20,68.736211636406
2001-11-21,68.749106777119
2001-11-22,68.62648744547
2001-11-23,68.598097819229
2001-11-24,68.610967049332
2001-11-25,68.623838693746
2001-11-26,68.712174429203
2001-11-27,68.766316805038
2001-11-28,68.882798793608
2001-11-29,68.92331187849
2001-11-30,68.936242119828
2001-12-01,68.946121717454
2001-12-02,68.955977089452
2001-12-03,68.965833870208
2001-12-04,69.021470066453
2001-12-05,68.9165541218
2001-12-06,69.068562484939
2001-12-07,69.024141003096
2001-12-08,69.034007527413
2001-12-09,69.043875462081
2001-12-10,69.025720325364
2001-12-11,69.091460925254
2001-12-12,69.196638803654
2001-12-13,69.20652998534
2001-12-14,69.365037469811
2001-12-15,69.374952722923
2001-12-16,69.384869393353
2001-12-17,69.394787481302
2001-12-18,69.360792738954
2001-12-19,69.333615651178
2001-12-20,69.270375410999
2001-12-21,69.280277132824
2001-12-22,69.290180270031
2001-12-23,69.300084822824
2001-12-24,69.309990791404
2001-12-25,69.319898175974
2001-12-26,69.329806976736
2001-12-27,69.339717193893
2001-12-28,69.349628827647
2001-12-29,69.3595418782
2001-12-30,69.369456345756
2001-12-31,69.379372230516
2002-01-01,69.336121288835
2002-01-02,69.292897309692
2002-01-03,69.249700276279
2002-01-04,69.206530171797
2002-01-05,69.163386979459
2002-01-06,69.120270682489
2002-01-07,69.077181264119
2002-01-08,69.034118707594
2002-01-09,68.991082996168
2002-01-10,68.948074113106
2002-01-11,111.745276855134
2002-01-12,111.675615105582
2002-01-13,111.605996783005
2002-01-14,111.53096845612
2002-01-15,119.522921348434
2002-01-16,130.84274561032
2002-01-17,130.70847302688
2002-01-18,134.02649012402
2002-01-19,133.942938317168
2002-01-20,133.859438596322
2002-01-21,133.723049809154
2002-01-22,133.682656199166
2002-01-23,133.282296364716
2002-01-24,133.16351321305
2002-01-25,133.299869020551
2002-01-26,133.21677018763
2002-01-27,133.133723158332
2002-01-28,139.946041078664
2002-01-29,138.760028618519
2002-01-30,138.570250248821
2002-01-31,138.28734912174
2002-02-01,138.299811221772
2002-02-02,138.161717204207
2002-02-03,138.023761075172
2002-02-04,137.885942696984
2002-02-05,137.748261932097
2002-02-06,137.610718643102
2002-02-07,137.473312692729
2002-02-08,137.336043943842
2002-02-09,137.198912259444
2002-02-10,137.061917502676
2002-02-11,129.128250968051
2002-02-12,123.645382623895
2002-02-13,114.431891699284
2002-02-14,120.684573777927
2002-02-15,120.652502799663
2002-02-16,120.532029830874
2002-02-17,120.411677155787
2002-02-18,133.368873877038
2002-02-19,140.272445633045
2002-02-20,140.106134614426
2002-02-21,133.500359958185
2002-02-22,140.71647499534
2002-02-23,140.575967910059
2002-02-24,140.435601122785
2002-02-25,139.47619468339
2002-02-26,139.71078126679
2002-02-27,142.789051565358
2002-02-28,143.520368223287
2002-03-01,139.749163970145
2002-03-02,139.5933747199
2002-03-03,139.437759140036
2002-03-04,136.449681364028
2002-03-05,136.297470090321
2002-03-06,142.726230036538
2002-03-07,146.051673799744
2002-03-08,148.75045630398
2002-03-09,148.584523366709
2002-03-10,148.418775529641
2002-03-11,155.507904709359
2002-03-12,158.579403561285
2002-03-13,156.757421228594
2002-03-14,156.921903458292
2002-03-15,152.36530435792
2002-03-16,152.195339013823
2002-03-17,152.025563268128
2002-03-18,156.506989131811
2002-03-19,159.02005276006
2002-03-20,163.188790607517
2002-03-21,156.169663813605
2002-03-22,191.899384964468
2002-03-23,191.685318874192
2002-03-24,191.471491577236
2002-03-25,204.81419354596
2002-03-26,188.873579756875
2002-03-27,194.419549926052
2002-03-28,194.202672561211
2002-03-29,193.986037125699
2002-03-30,193.769643349642
2002-03-31,193.553490963465
2002-04-01,192.95346721331
2002-04-02,190.885761720703
2002-04-03,190.506179549401
2002-04-04,172.462369118825
2002-04-05,176.340409067932
2002-04-06,175.79374657672
2002-04-07,175.248778761623
2002-04-08,174.895994697322
2002-04-09,177.743760939866
2002-04-10,177.122615449129
2002-04-11,180.435813495021
2002-04-12,181.937559471094
2002-04-13,181.373545584367
2002-04-14,180.811280163791
2002-04-15,183.078654360058
2002-04-16,173.113997160549
2002-04-17,172.577336678407
2002-04-18,172.042339865743
2002-04-19,193.020769172672
2002-04-20,192.42239688189
2002-04-21,191.825879569718
2002-04-22,191.231211485649
2002-04-23,190.638386896998
2002-04-24,190.047400088855
2002-04-25,189.458245364024
2002-04-26,188.870917042973
2002-04-27,188.285409463775
2002-04-28,187.701716982056
2002-04-29,175.092557850463
2002-04-30,176.148063435852
2002-05-01,175.936652179282
2002-05-02,182.916153284752
2002-05-03,188.363177896029
2002-05-04,188.137167162819
2002-05-05,187.911427612397
2002-05-06,187.369339552217
2002-05-07,186.600694184548
2002-05-08,185.828833553978
2002-05-09,184.716241620391
2002-05-10,187.505926652389
2002-05-11,187.280944506531
2002-05-12,187.056232309291
2002-05-13,187.180601845987
2002-05-14,184.696193226701
2002-05-15,185.383049236023
2002-05-16,185.307018313513
2002-05-17,195.372437151731
2002-05-18,195.138016240687
2002-05-19,194.903876603523
2002-05-20,202.992151851651
2002-05-21,202.74858829752
2002-05-22,196.892308068363
2002-05-23,192.561539098092
2002-05-24,192.330490890445
2002-05-25,192.099719909884
2002-05-26,191.869225823773
2002-05-27,191.639008299875
2002-05-28,197.442492433079
2002-05-29,203.123654678213
2002-05-30,202.8799333382
2002-05-31,202.861472492469
2002-06-01,202.638425840055
2002-06-02,202.415624427945
2002-06-03,203.83117318093
2002-06-04,203.342182311862
2002-06-05,202.606880920535
2002-06-06,202.654649851891
2002-06-07,202.431830601443
2002-06-08,202.209256341269
2002-06-09,201.986926802003
2002-06-10,192.748862990101
2002-06-11,192.72247299748
2002-06-12,190.304983904427
2002-06-13,189.082324144627
2002-06-14,193.193734432816
2002-06-15,192.981317480483
2002-06-16,192.769134081074
2002-06-17,192.557183977798
2002-06-18,192.248754086074
2002-06-19,192.878476629357
2002-06-20,195.589444487289
2002-06-21,200.09450459417
2002-06-22,199.87450022928
2002-06-23,199.654737759693
2002-06-24,201.026672064327
2002-06-25,208.432297315372
2002-06-26,205.68285885462
2002-06-27,202.379036700062
2002-06-28,202.596782414623
2002-06-29,202.374026789554
2002-06-30,202.151516084803
2002-07-01,201.789663987568
2002-07-02,191.695168122524
2002-07-03,188.597168795741
2002-07-04,188.448200600943
2002-07-05,188.299350072403
2002-07-06,188.150617117178
2002-07-07,188.002001642402
2002-07-08,187.853503555278
2002-07-09,187.705122763086
2002-07-10,187.556859173177
2002-07-11,188.313946104123
2002-07-12,189.382532181136
2002-07-13,189.232943647408
2002-07-14,189.083473269929
2002-07-15,189.653438760185
2002-07-16,186.527466221958
2002-07-17,186.66916574869
2002-07-18,185.328818371609
2002-07-19,187.808583780182
2002-07-20,187.660238468999
2002-07-21,187.512010332073
2002-07-22,188.129150972601
2002-07-23,188.779827426878
2002-07-24,186.792248242372
2002-07-25,187.118358858999
2002-07-26,185.679044337074
2002-07-27,185.532381095927
2002-07-28,185.385833700413
2002-07-29,184.681668332551
2002-07-30,181.774194370406
2002-07-31,180.868793032481
2002-08-01,174.958513442279
2002-08-02,181.185146760554
2002-08-03,181.085387491646
2002-08-04,180.985683149491
2002-08-05,183.116944737787
2002-08-06,178.326518430369
2002-08-07,181.161013378144
2002-08-08,185.409899914225
2002-08-09,182.812425730814
2002-08-10,182.711770493538
2002-08-11,182.611170676328
2002-08-12,180.294710613116
2002-08-13,178.281450402295
2002-08-14,179.270153992526
2002-08-15,179.2553421839
2002-08-16,178.663610144021
2002-08-17,178.56523921546
2002-08-18,178.46692244924
2002-08-19,178.368659815541
2002-08-20,179.207222829085
2002-08-21,177.353192735743
2002-08-22,175.7060458694
2002-08-23,176.615487127757
2002-08-24,176.518243881339
2002-08-25,176.421054176369
2002-08-26,177.331956089039
2002-08-27,178.417140296245
2002-08-28,176.35727450554
2002-08-29,176.542549706336
2002-08-30,178.623276398655
2002-08-31,178.52492767757
2002-09-01,178.472067067574
2002-09-02,178.611756475308
2002-09-03,179.048667554232
2002-09-04,178.379269329961
2002-09-05,177.25911642803
2002-09-06,176.012539249506
2002-09-07,175.960422548983
2002-09-08,175.908321280034
2002-09-09,175.222322851839
2002-09-10,175.544485208254
2002-09-11,174.927959285204
2002-09-12,175.17445083264
2002-09-13,175.23246530496
2002-09-14,175.180579581618
2002-09-15,175.128709221458
2002-09-16,174.911433803416
2002-09-17,173.576414640671
2002-09-18,173.423302045345
2002-09-19,172.513179087398
2002-09-20,172.304582585875
2002-09-21,172.25356379842
2002-09-22,172.20256011745
2002-09-23,172.179517187753
2002-09-24,169.313759392296
2002-09-25,167.3917748221
2002-09-26,174.853555160803
2002-09-27,170.046518744433
2002-09-28,169.996168561826
2002-09-29,169.945833287732
2002-09-30,169.960518726171
2002-10-01,171.060215620857
2002-10-02,173.358061382864
2002-10-03,172.983210048784
2002-10-04,172.971318512988
2002-10-05,172.989389999888
2002-10-06,173.007463374839
2002-10-07,174.387674331505
2002-10-08,170.97651589404
2002-10-09,169.839395964977
2002-10-10,167.798984272367
2002-10-11,167.082383876122
2002-10-12,167.099840106076
2002-10-13,167.117298159802
2002-10-14,167.134758037488
2002-10-15,165.924179421838
2002-10-16,164.163021695364
2002-10-17,162.290247410493
2002-10-18,167.673620596837
2002-10-19,167.691138597302
2002-10-20,167.708658427992
2002-10-21,164.705535554768
2002-10-22,163.551703307468
2002-10-23,163.832441695443
2002-10-24,163.587177226068
2002-10-25,165.361162731464
2002-10-26,165.378439133771
2002-10-27,165.39571734106
2002-10-28,165.276622572665
2002-10-29,163.731410878604
2002-10-30,163.036363759326
2002-10-31,163.225440761665
2002-11-01,163.815306315853
2002-11-02,163.836996406117
2002-11-03,163.858689368274
2002-11-04,167.190665776819
2002-11-05,165.790222502947
2002-11-06,165.812174083492
2002-11-07,167.303559715356
2002-11-08,168.144191329827
2002-11-09,168.166454589404
2002-11-10,168.188720796766
2002-11-11,168.161120844651
2002-11-12,166.968508643356
2002-11-13,165.351608736456
2002-11-14,166.114854636153
2002-11-15,165.178754460106
2002-11-16,165.200625078759
2002-11-17,165.222498593208
2002-11-18,165.038565539095
2002-11-19,165.935513084747
2002-11-20,166.369597362155
2002-11-21,165.918187253769
2002-11-22,164.75369218835
2002-11-23,164.77550652631
2002-11-24,164.797323752613
2002-11-25,164.516730501084
2002-11-26,163.245660048598
2002-11-27,164.059191241965
2002-11-28,164.080913623998
2002-11-29,170.223024658596
2002-11-30,170.245563167682
2002-12-01,170.280452879507
2002-12-02,167.963722409996
2002-12-03,165.621051010186
2002-12-04,164.647607045739
2002-12-05,163.810310361681
2002-12-06,164.095028995706
2002-12-07,164.12847018032
2002-12-08,164.161918179966
2002-12-09,163.727660457344
2002-12-10,163.280826915654
2002-12-11,163.485631262527
2002-12-12,164.019925298871
2002-12-13,165.202442339039
2002-12-14,165.236109205164
2002-12-15,165.269782932313
2002-12-16,167.317549340224
2002-12-17,168.337593680306
2002-12-18,167.332051853672
2002-12-19,166.193550128403
2002-12-20,168.44793280669
2002-12-21,168.482261076433
2002-12-22,168.516596341989
2002-12-23,166.273422472345
2002-12-24,166.092815994782
2002-12-25,166.126664311558
2002-12-26,163.214100846594
2002-12-27,162.967263342397
2002-12-28,163.000474697871
2002-12-29,163.03369282154
2002-12-30,162.672733857146
2002-12-31,161.978256196673
2003-01-01,161.958334413602
2003-01-02,160.749983730507
2003-01-03,160.935922985757
2003-01-04,160.916129399745
2003-01-05,160.896338248156
2003-01-06,160.592814970081
2003-01-07,159.390002722706
2003-01-08,161.667890420594
2003-01-09,163.091073193203
2003-01-10,164.514332144884
2003-01-11,164.494098448621
2003-01-12,164.47386724091
2003-01-13,163.256448467867
2003-01-14,159.615670758184
2003-01-15,158.423637213217
2003-01-16,159.926627819866
2003-01-17,157.224567669755
2003-01-18,157.205230545105
2003-01-19,157.185895798738
2003-01-20,155.675864055147
2003-01-21,150.55682685805
2003-01-22,149.10121110166
2003-01-23,151.923223470992
2003-01-24,151.319386880815
2003-01-25,151.300776037171
2003-01-26,151.282167482483
2003-01-27,158.295481003293
2003-01-28,158.825930894419
2003-01-29,158.043004914105
2003-01-30,156.231430574996
2003-01-31,154.048037786113
2003-02-01,154.06737841681
2003-02-02,154.086721475711
2003-02-03,153.57838812176
2003-02-04,153.080515295025
2003-02-05,150.990060360646
2003-02-06,151.014949022788
2003-02-07,151.230069006198
2003-02-08,151.249055842752
2003-02-09,151.268045063091
2003-02-10,149.561167434207
2003-02-11,148.950569907054
2003-02-12,148.350997300311
2003-02-13,150.051437766662
2003-02-14,151.306776141683
2003-02-15,151.325772608768
2003-02-16,151.344771460847
2003-02-17,150.216622238297
2003-02-18,151.576677388477
2003-02-19,152.803457081649
2003-02-20,153.888629738364
2003-02-21,153.735943683124
2003-02-22,153.75524513061
2003-02-23,153.77454900138
2003-02-24,151.973523109843
2003-02-25,151.381632621124
2003-02-26,152.049314174881
2003-02-27,153.093425714616
2003-02-28,153.20828220216
2003-03-01,153.210603490104
2003-03-02,153.212924813218
2003-03-03,154.568954081254
2003-03-04,153.163271181287
2003-03-05,153.017817040898
2003-03-06,154.240022128823
2003-03-07,153.494136477337
2003-03-08,153.49635293986
2003-03-09,153.498569434388
2003-03-10,152.266432872752
2003-03-11,152.364244538173
2003-03-12,151.533335619979
2003-03-13,152.026388362711
2003-03-14,151.484587010935
2003-03-15,151.486774455469
2003-03-16,151.48896193159
2003-03-17,149.944769460529
2003-03-18,148.045883170534
2003-03-19,145.077397308239
2003-03-20,145.945071620265
2003-03-21,146.380566682986
2003-03-22,146.382680425228
2003-03-23,146.384794197992
2003-03-24,145.423085662646
2003-03-25,143.352216850803
2003-03-26,141.366539042572
2003-03-27,140.355406867815
2003-03-28,145.918697242538
2003-03-29,145.920804315363
2003-03-30,145.922911418614
2003-03-31,145.925018552293
2003-04-01,145.997119815307
2003-04-02,143.368984670016
2003-04-03,143.33682374507
2003-04-04,143.699749146317
2003-04-05,143.712317604168
2003-04-06,143.724887161298
2003-04-07,144.057032983859
2003-04-08,144.857689893766
2003-04-09,145.390666285907
2003-04-10,143.2947968323
2003-04-11,144.038918217749
2003-04-12,144.051516340455
2003-04-13,144.064115565034
2003-04-14,146.181201494814
2003-04-15,148.379719183026
2003-04-16,148.049877900917
2003-04-17,148.062826835493
2003-04-18,148.075776902625
2003-04-19,148.088728102413
2003-04-20,148.101680434957
2003-04-21,146.529287961646
2003-04-22,144.657420420189
2003-04-23,144.761615289502
2003-04-24,145.973566895493
2003-04-25,146.266976009012
2003-04-26,146.27976900506
2003-04-27,146.292563120026
2003-04-28,146.427370321246
2003-04-29,146.97641014611
2003-04-30,146.582929950545
2003-05-01,146.605127349949
2003-05-02,144.507760905102
2003-05-03,144.529676254162
2003-05-04,144.551594926798
2003-05-05,144.372374147419
2003-05-06,144.755517384912
2003-05-07,145.229705604967
2003-05-08,144.654690652068
2003-05-09,145.995697368989
2003-05-10,146.017838371307
2003-05-11,146.039982731422
2003-05-12,146.045460512435
2003-05-13,145.759205319811
2003-05-14,146.99627289533
2003-05-15,147.930409774301
2003-05-16,153.670027725073
2003-05-17,153.693332579266
2003-05-18,153.716640967761
2003-05-19,152.584456703379
2003-05-20,150.336188009429
2003-05-21,148.624917339916
2003-05-22,150.580561359138
2003-05-23,153.458182392758
2003-05-24,153.481455119511
2003-05-25,153.504731375694
2003-05-26,152.020466667843
2003-05-27,150.401316046643
2003-05-28,150.530202860882
2003-05-29,152.35363084985
2003-05-30,149.75553088748
2003-05-31,149.778242087989
2003-06-01,149.781158670063
2003-06-02,149.85534259481
2003-06-03,149.209252432071
2003-06-04,149.075929244904
2003-06-05,150.546804114775
2003-06-06,149.525600244053
2003-06-07,149.528511906516
2003-06-08,149.531423625676
2003-06-09,149.527256859818
2003-06-10,149.200518467673
2003-06-11,150.051987829165
2003-06-12,150.718096423862
2003-06-13,150.634190796717
2003-06-14,150.637124046396
2003-06-15,150.640057353193
2003-06-16,150.64299071711
2003-06-17,149.267387112632
2003-06-18,148.046865344919
2003-06-19,148.710577450037
2003-06-20,148.39730216374
2003-06-21,148.400191855228
2003-06-22,148.403081602986
2003-06-23,147.91669694526
2003-06-24,146.809564451907
2003-06-25,147.06024147954
2003-06-26,147.089669450637
2003-06-27,148.677689431108
2003-06-28,148.680584582484
2003-06-29,148.683479790237
2003-06-30,148.807876452163
2003-07-01,149.123000278041
2003-07-02,149.235466802448
2003-07-03,148.531787717902
2003-07-04,148.519163492653
2003-07-05,148.506148441145
2003-07-06,148.493134530173
2003-07-07,146.529637045116
2003-07-08,145.858408930097
2003-07-09,145.845627046194
2003-07-10,145.440175521778
2003-07-11,144.95395262449
2003-07-12,144.941250000025
2003-07-13,144.928548488718
2003-07-14,145.783615550907
2003-07-15,145.600494120071
2003-07-16,146.237999744794
2003-07-17,146.416246143851
2003-07-18,147.037006551673
2003-07-19,147.024121384743
2003-07-20,147.011237346968
2003-07-21,147.067496673738
2003-07-22,145.974119669655
2003-07-23,146.23140112159
2003-07-24,147.769383445248
2003-07-25,148.685656841351
2003-07-26,148.672627199675
2003-07-27,148.659598699815
2003-07-28,149.219911681329
2003-07-29,149.058897649447
2003-07-30,151.311977801024
2003-07-31,151.357026015768
2003-08-01,151.612340834724
2003-08-02,151.62793530219
2003-08-03,151.643531373664
2003-08-04,152.119957540843
2003-08-05,151.783335411451
2003-08-06,150.723210273399
2003-08-07,152.120322756842
2003-08-08,152.004521794914
2003-08-09,152.020156601136
2003-08-10,152.035793015515
2003-08-11,151.334039008318
2003-08-12,150.084313476398
2003-08-13,149.48146423078
2003-08-14,149.786602350255
2003-08-15,149.822143234915
2003-08-16,149.837553567118
2003-08-17,149.85296548439
2003-08-18,149.868378986893
2003-08-19,149.42646321345
2003-08-20,150.503754129642
2003-08-21,151.505770226205
2003-08-22,151.737523246926
2003-08-23,151.753130590343
2003-08-24,151.768739539093
2003-08-25,150.387148448474
2003-08-26,151.082820896852
2003-08-27,152.432481447108
2003-08-28,152.156416112109
2003-08-29,152.455257467165
2003-08-30,152.470938634935
2003-08-31,152.486621415631
2003-09-01,152.735746532931
2003-09-02,153.512164086176
2003-09-03,153.857053983144
2003-09-04,153.351215268934
2003-09-05,152.961463616218
2003-09-06,152.976017009224
2003-09-07,152.9905717869
2003-09-08,153.198257071011
2003-09-09,153.849251025742
2003-09-10,153.946078386687
2003-09-11,151.944694642247
2003-09-12,152.676011096873
2003-09-13,152.690537330733
2003-09-14,152.705064946679
2003-09-15,152.323830093743
2003-09-16,151.927644937358
2003-09-17,153.082294047258
2003-09-18,153.163795435911
2003-09-19,153.621047607526
2003-09-20,153.63566375611
2003-09-21,153.650281295335
2003-09-22,154.209089156425
2003-09-23,153.405440591389
2003-09-24,153.188022869927
2003-09-25,153.012027794949
2003-09-26,153.46191571395
2003-09-27,153.47651672206
2003-09-28,153.491119119371
2003-09-29,154.33570428426
2003-09-30,155.084660039868
2003-10-01,154.922398817222
2003-10-02,154.893859104164
2003-10-03,153.441889803508
2003-10-04,153.418612650427
2003-10-05,153.395339028493
2003-10-06,152.968443979335
2003-10-07,153.997129236819
2003-10-08,153.535693216405
2003-10-09,152.44506366702
2003-10-10,152.577073545605
2003-10-11,152.553927585255
2003-10-12,152.530785136149
2003-10-13,152.507646197755
2003-10-14,152.248980781642
2003-10-15,152.177479852679
2003-10-16,152.034385975601
2003-10-17,151.873680848552
2003-10-18,151.850641592957
2003-10-19,151.827605832421
2003-10-20,152.240429875675
2003-10-21,152.33450617339
2003-10-22,152.796972461112
2003-10-23,152.50052175585
2003-10-24,152.222161280625
2003-10-25,152.199069160507
2003-10-26,152.175980543467
2003-10-27,151.952470922072
2003-10-28,152.372660513863
2003-10-29,152.773644785703
2003-10-30,153.427463336188
2003-10-31,152.809272237248
2003-11-01,152.807317942017
2003-11-02,152.80536367178
2003-11-03,152.077890261786
2003-11-04,152.063462292535
2003-11-05,151.774919206449
2003-11-06,151.772978139677
2003-11-07,151.723289494422
2003-11-08,151.721349087949
2003-11-09,151.719408706291
2003-11-10,151.514067536814
2003-11-11,152.038345274171
2003-11-12,151.817578019618
2003-11-13,152.092517573488
2003-11-14,152.343217511788
2003-11-15,152.341269176985
2003-11-16,152.339320867098
2003-11-17,152.230183615918
2003-11-18,152.316313681318
2003-11-19,152.999740284614
2003-11-20,153.227453550047
2003-11-21,154.141376002494
2003-11-22,154.139404670836
2003-11-23,154.13743336439
2003-11-24,154.046051599002
2003-11-25,155.122362267539
2003-11-26,158.369754877936
2003-11-27,157.819040078659
2003-11-28,159.416461191168
2003-11-29,159.414422395843
2003-11-30,159.412383626593
2003-12-01,159.134839856051
2003-12-02,159.415764544438
2003-12-03,159.298932676803
2003-12-04,159.217977466934
2003-12-05,159.182977647226
2003-12-06,159.191988726419
2003-12-07,159.201000315713
2003-12-08,159.210012415139
2003-12-09,158.276087470762
2003-12-10,158.013452066131
2003-12-11,158.598264144002
2003-12-12,159.468942022119
2003-12-13,159.477969289271
2003-12-14,159.486997067442
2003-12-15,160.07398701816
2003-12-16,160.181008956121
2003-12-17,160.262895921634
2003-12-18,160.687933603383
2003-12-19,160.638626772489
2003-12-20,160.647720253517
2003-12-21,160.656814249312
2003-12-22,160.455423589797
2003-12-23,160.471976921088
2003-12-24,160.843889230019
2003-12-25,160.852994330607
2003-12-26,160.365605651453
2003-12-27,160.374683677217
2003-12-28,160.383762216873
2003-12-29,160.614475812374
2003-12-30,160.00514152549
2003-12-31,159.951327459107
2004-01-01,159.952677065653
2004-01-02,160.012089112907
2004-01-03,160.013439232136
2004-01-04,160.014789362757
2004-01-05,158.879374753482
2004-01-06,158.178288627337
2004-01-07,159.239200385497
2004-01-08,160.058210308501
2004-01-09,160.669504005326
2004-01-10,160.670859671564
2004-01-11,160.672215349241
2004-01-12,158.768685734243
2004-01-13,159.071189520955
2004-01-14,159.37894108736
2004-01-15,158.455049477663
2004-01-16,158.30975204468
2004-01-17,158.311087800257
2004-01-18,158.312423567105
2004-01-19,158.590543080428
2004-01-20,159.594962055629
2004-01-21,160.576657772159
2004-01-22,160.156461133981
2004-01-23,160.253103443333
2004-01-24,160.254455596147
2004-01-25,160.25580776037
2004-01-26,160.045047636608
2004-01-27,160.115883830467
2004-01-28,159.98474289892
2004-01-29,159.820476624096
2004-01-30,159.535501922942
2004-01-31,159.536848020916
2004-02-01,159.553875995869
2004-02-02,158.948917643281
2004-02-03,160.085921490908
2004-02-04,160.575577819065
2004-02-05,161.137462181926
2004-02-06,161.522765505251
2004-02-07,161.540005444735
2004-02-08,161.557247224304
2004-02-09,160.578232586981
2004-02-10,160.820352118855
2004-02-11,161.792100975899
2004-02-12,161.542743581348
2004-02-13,160.649338893946
2004-02-14,160.666485609284
2004-02-15,160.683634154756
2004-02-16,160.59487504021
2004-02-17,161.452787687705
2004-02-18,161.307188826946
2004-02-19,160.72856771068
2004-02-20,159.250203241828
2004-02-21,159.267200622093
2004-02-22,159.284199816553
2004-02-23,159.275033830218
2004-02-24,159.406802658202
2004-02-25,159.256493660173
2004-02-26,159.288489222308
2004-02-27,159.628637994406
2004-02-28,159.645675766452
2004-02-29,159.662715357005
2004-03-01,159.871366642783
2004-03-02,158.615719111462
2004-03-03,157.893733781352
2004-03-04,158.89484054319
2004-03-05,160.284694379366
2004-03-06,160.269922444229
2004-03-07,160.255151870482
2004-03-08,160.304584052092
2004-03-09,159.227610847856
2004-03-10,158.533232113857
2004-03-11,158.24346578369
2004-03-12,157.876755910562
2004-03-13,157.862205892502
2004-03-14,157.84765721538
2004-03-15,157.461771862171
2004-03-16,157.188132549203
2004-03-17,156.359901807972
2004-03-18,156.950873349608
2004-03-19,156.125583222237
2004-03-20,156.111194593319
2004-03-21,156.096807290466
2004-03-22,155.68952342079
2004-03-23,155.814748165661
2004-03-24,155.323205264991
2004-03-25,155.125448566546
2004-03-26,154.967870584142
2004-03-27,154.953588650727
2004-03-28,154.939308033543
2004-03-29,154.569920580277
2004-03-30,154.330831276093
2004-03-31,155.118220245517
2004-04-01,154.774352291113
2004-04-02,154.063364132368
2004-04-03,154.03884576328
2004-04-04,154.01433129616
2004-04-05,153.989820730388
2004-04-06,153.083563091246
2004-04-07,152.103564309584
2004-04-08,152.079357832266
2004-04-09,152.055155207281
2004-04-10,152.030956434015
2004-04-11,152.006761511856
2004-04-12,151.789013144948
2004-04-13,151.53497053827
2004-04-14,151.066130476827
2004-04-15,150.757918244153
2004-04-16,151.492743624695
2004-04-17,151.468634356257
2004-04-18,151.444528924681
2004-04-19,151.802521727621
2004-04-20,151.735866448126
2004-04-21,152.045013954225
2004-04-22,152.711107619399
2004-04-23,152.245611745298
2004-04-24,152.221382661882
2004-04-25,152.197157434397
2004-04-26,151.229845722868
2004-04-27,151.352280494991
2004-04-28,151.445889969628
2004-04-29,151.61835225366
2004-04-30,151.164852279384
2004-05-01,151.15017512952
2004-05-02,151.135423301709
2004-05-03,150.979638856387
2004-05-04,151.967996265859
2004-05-05,152.692558176196
2004-05-06,153.134661810685
2004-05-07,152.400418224596
2004-05-08,152.38554437661
2004-05-09,152.370671980269
2004-05-10,151.873222781219
2004-05-11,151.290110778003
2004-05-12,151.689636636189
2004-05-13,151.46778676237
2004-05-14,151.362059609404
2004-05-15,151.347287102269
2004-05-16,151.33251603689
2004-05-17,151.464653725452
2004-05-18,151.101148261681
2004-05-19,151.488020315204
2004-05-20,151.704854222416
2004-05-21,152.717133134267
2004-05-22,152.702228375805
2004-05-23,152.687325072005
2004-05-24,153.126022505196
2004-05-25,153.111077840293
2004-05-26,153.680583617264
2004-05-27,155.172485961434
2004-05-28,155.416110629668
2004-05-29,155.400942458668
2004-05-30,155.385775768038
2004-05-31,155.046583611611
2004-06-01,154.293747876746
2004-06-02,153.701989309388
2004-06-03,154.748682030033
2004-06-04,155.169013461469
2004-06-05,155.159238654263
2004-06-06,155.149464462816
2004-06-07,155.805898331467
2004-06-08,155.265235407704
2004-06-09,154.426927904638
2004-06-10,154.800652247165
2004-06-11,153.987325337993
2004-06-12,153.977624970737
2004-06-13,153.967925214551
2004-06-14,153.497329144215
2004-06-15,153.887257899574
2004-06-16,153.180071870428
2004-06-17,154.059727081176
2004-06-18,154.440381295029
2004-06-19,154.430652387701
2004-06-20,154.420924093242
2004-06-21,154.411196411613
2004-06-22,153.925350000238
2004-06-23,153.445990941494
2004-06-24,154.142562353376
2004-06-25,154.356038102009
2004-06-26,154.346314507846
2004-06-27,154.336591526217
2004-06-28,154.561898699547
2004-06-29,154.476411419153
2004-06-30,154.076334947196
2004-07-01,154.588273629389
2004-07-02,154.48354723969
2004-07-03,154.482682247966
2004-07-04,154.481817261085
2004-07-05,154.103031493525
2004-07-06,154.997722727032
2004-07-07,155.945954719806
2004-07-08,156.296127873145
2004-07-09,156.295252732331
2004-07-10,156.294377596418
2004-07-11,156.293502465405
2004-07-12,156.232489934846
2004-07-13,155.41998771639
2004-07-14,155.951687232074
2004-07-15,155.831860892338
2004-07-16,156.628979326635
2004-07-17,156.628102322104
2004-07-18,156.627225322484
2004-07-19,156.954152793353
2004-07-20,156.716439389292
2004-07-21,155.580318796035
2004-07-22,155.956253832957
2004-07-23,155.718243912577
2004-07-24,155.717372007479
2004-07-25,155.716500107263
2004-07-26,155.847074323165
2004-07-27,155.299400154316
2004-07-28,155.638046429892
2004-07-29,156.019124486127
2004-07-30,156.134597028037
2004-07-31,156.133722791675
2004-08-01,156.142323021568
2004-08-02,156.334624786473
2004-08-03,156.853107955308
2004-08-04,158.193045257481
2004-08-05,159.942821284613
2004-08-06,161.235634085002
2004-08-07,161.244515340732
2004-08-08,161.253397085663
2004-08-09,159.663251685095
2004-08-10,159.46924914855
2004-08-11,159.244021606741
2004-08-12,158.667483317697
2004-08-13,159.561779362958
2004-08-14,159.570568418649
2004-08-15,159.579357958462
2004-08-16,159.588147982424
2004-08-17,159.911296306948
2004-08-18,160.073109717566
2004-08-19,160.196567050419
2004-08-20,160.060566663163
2004-08-21,160.069383193286
2004-08-22,160.078200209045
2004-08-23,159.835119871211
2004-08-24,158.807642522549
2004-08-25,158.796480614325
2004-08-26,159.52187707681
2004-08-27,159.3465036646
2004-08-28,159.355280862375
2004-08-29,159.364058543619
2004-08-30,159.646021583942
2004-08-31,159.946824357795
2004-09-01,160.222273972248
2004-09-02,159.865348229444
2004-09-03,159.431587524311
2004-09-04,159.399576905409
2004-09-05,159.367572713589
2004-09-06,159.045426455539
2004-09-07,159.549416176195
2004-09-08,160.362523945162
2004-09-09,160.402659939419
2004-09-10,161.213775201038
2004-09-11,161.181406755112
2004-09-12,161.149044808111
2004-09-13,160.332326661796
2004-09-14,159.708143287097
2004-09-15,158.914845461084
2004-09-16,159.946444060971
2004-09-17,160.375831981673
2004-09-18,160.343631777696
2004-09-19,160.311438038865
2004-09-20,160.626741621383
2004-09-21,161.057298248962
2004-09-22,160.678410372258
2004-09-23,160.805908640486
2004-09-24,160.790142701403
2004-09-25,160.757859312263
2004-09-26,160.725582404972
2004-09-27,160.696292487821
2004-09-28,160.547831304505
2004-09-29,160.453852510931
2004-09-30,160.499370594621
2004-10-01,160.878115336372
2004-10-02,160.868196457061
2004-10-03,160.858278189296
2004-10-04,160.077750422149
2004-10-05,160.700014656422
2004-10-06,160.052180250607
2004-10-07,160.137376085878
2004-10-08,161.021324765188
2004-10-09,161.011397056355
2004-10-10,161.001469959611
2004-10-11,160.991543474918
2004-10-12,161.028440803271
2004-10-13,159.978312193863
2004-10-14,159.876561870958
2004-10-15,159.794214432939
2004-10-16,159.784362381129
2004-10-17,159.774510936743
2004-10-18,159.230832369269
2004-10-19,159.283925265625
2004-10-20,159.295164459896
2004-10-21,159.799894518356
2004-10-22,160.321281915663
2004-10-23,160.311397367706
2004-10-24,160.301513429178
2004-10-25,160.447196891241
2004-10-26,160.755556825554
2004-10-27,160.890057814201
2004-10-28,161.234634198602
2004-10-29,161.078557193692
2004-10-30,161.068625956215
2004-10-31,161.058695331045
2004-11-01,160.74358277278
2004-11-02,160.376345625928
2004-11-03,161.138479290769
2004-11-04,161.784632432348
2004-11-05,162.174499668186
2004-11-06,162.189907418906
2004-11-07,162.205316633473
2004-11-08,162.417900915628
2004-11-09,162.448322887253
2004-11-10,162.356809715203
2004-11-11,162.214076842585
2004-11-12,162.992467995947
2004-11-13,163.007953459575
2004-11-14,163.023440394434
2004-11-15,162.561084887361
2004-11-16,162.803067510465
2004-11-17,162.624323729887
2004-11-18,162.305423637059
2004-11-19,162.888566451666
2004-11-20,162.904042043895
2004-11-21,162.919519106418
2004-11-22,163.66015747626
2004-11-23,163.614237567825
2004-11-24,163.831963128515
2004-11-25,163.904314938529
2004-11-26,164.624464460775
2004-11-27,164.640104975874
2004-11-28,164.655746976935
2004-11-29,164.761760524546
2004-11-30,165.003031577065
2004-12-01,165.535387493438
2004-12-02,165.748952177177
2004-12-03,167.725809720756
2004-12-04,167.705024937905
2004-12-05,167.684242730728
2004-12-06,168.012971966497
2004-12-07,167.074919885018
2004-12-08,167.054215761213
2004-12-09,165.317620199479
2004-12-10,165.226221277346
2004-12-11,165.205746246483
2004-12-12,165.18527375291
2004-12-13,165.762628340274
2004-12-14,165.838265068224
2004-12-15,166.941656881716
2004-12-16,167.056375164713
2004-12-17,167.044021469627
2004-12-18,167.023321174791
2004-12-19,167.00262344516
2004-12-20,167.202523382268
2004-12-21,166.867068870603
2004-12-22,166.65228309536
2004-12-23,166.663920336616
2004-12-24,166.672138644978
2004-12-25,166.651484434306
2004-12-26,166.630832783129
2004-12-27,167.458724319604
2004-12-28,168.320563008454
2004-12-29,168.842397839746
2004-12-30,169.333416799188
2004-12-31,169.352896217811
2005-01-01,169.282784312312
2005-01-02,169.212701433062
2005-01-03,167.539238050421
2005-01-04,165.906641448572
2005-01-05,166.377755183104
2005-01-06,165.051783353436
2005-01-07,165.138205668954
2005-01-08,165.069838640526
2005-01-09,165.001499915969
2005-01-10,165.377366988577
2005-01-11,164.665681040375
2005-01-12,164.709784775464
2005-01-13,163.86636864766
2005-01-14,163.175259486077
2005-01-15,163.107705115125
2005-01-16,163.040178711606
2005-01-17,162.542735840413
2005-01-18,162.265629768698
2005-01-19,162.681756339532
2005-01-20,162.356834968686
2005-01-21,163.257547182272
2005-01-22,163.189958744308
2005-01-23,163.12239828788
2005-01-24,162.667473135398
2005-01-25,161.432983269318
2005-01-26,162.133825079808
2005-01-27,162.112497681867
2005-01-28,162.432096231241
2005-01-29,162.364849529028
2005-01-30,162.297630666872
2005-01-31,163.05501440754
2005-02-01,163.070604057665
2005-02-02,163.001899283626
2005-02-03,162.868782116863
2005-02-04,162.41628812226
2005-02-05,162.39851478944
2005-02-06,162.380743401568
2005-02-07,162.077050924538
2005-02-08,161.129296546071
2005-02-09,161.610966811889
2005-02-10,161.889677708028
2005-02-11,161.86245471769
2005-02-12,161.844741991263
2005-02-13,161.827031203152
2005-02-14,162.526690124004
2005-02-15,162.390665837589
2005-02-16,161.564388840417
2005-02-17,162.815436020598
2005-02-18,163.465800948088
2005-02-19,163.447912766314
2005-02-20,163.430026542057
2005-02-21,163.23900103666
2005-02-22,163.657609468972
2005-02-23,164.500867500001
2005-02-24,163.766286396232
2005-02-25,163.472188141147
2005-02-26,163.454299260418
2005-02-27,163.436412337282
2005-02-28,164.581337645315
2005-03-01,164.184121742957
2005-03-02,164.01949052599
2005-03-03,162.243071555467
2005-03-04,162.595608499331
2005-03-05,162.532863385822
2005-03-06,162.470142485447
2005-03-07,161.776904204385
2005-03-08,161.558584150164
2005-03-09,161.772771285063
2005-03-10,161.184547896634
2005-03-11,160.958804165761
2005-03-12,160.89669068969
2005-03-13,160.834601183007
2005-03-14,159.097067172153
2005-03-15,158.609571629923
2005-03-16,159.548363845822
2005-03-17,159.439900773331
2005-03-18,159.660533166386
2005-03-19,159.598920688848
2005-03-20,159.537331987364
2005-03-21,158.738884809423
2005-03-22,158.901136531933
2005-03-23,157.415213933999
2005-03-24,157.354467917808
2005-03-25,157.293745343307
2005-03-26,157.233046201449
2005-03-27,157.172370483191
2005-03-28,157.277689875346
2005-03-29,157.86304788872
2005-03-30,158.567256797826
2005-03-31,158.603894847323
2005-04-01,158.685319944793
2005-04-02,158.689397609402
2005-04-03,158.693475378793
2005-04-04,158.224051034502
2005-04-05,158.747893963469
2005-04-06,158.955074266976
2005-04-07,158.259602617098
2005-04-08,159.107205395701
2005-04-09,159.111293901308
2005-04-10,159.115382511976
2005-04-11,159.359372731379
2005-04-12,158.588547144185
2005-04-13,158.919580153822
2005-04-14,158.687191170165
2005-04-15,159.052533940355
2005-04-16,159.056621041095
2005-04-17,159.06070824686
2005-04-18,159.250547829524
2005-04-19,160.198010336315
2005-04-20,160.490160531522
2005-04-21,160.860044039859
2005-04-22,161.119298594263
2005-04-23,161.123438803715
2005-04-24,161.127579119557
2005-04-25,161.251851241165
2005-04-26,160.648646454574
2005-04-27,161.088249272478
2005-04-28,160.641436156459
2005-04-29,161.297632088738
2005-04-30,161.301776880745
2005-05-01,161.284691253359
2005-05-02,160.935080231959
2005-05-03,161.168044646885
2005-05-04,162.249503451688
2005-05-05,162.01522569052
2005-05-06,162.135029477745
2005-05-07,162.117802119901
2005-05-08,162.100576592519
2005-05-09,162.116102773126
2005-05-10,161.789766576069
2005-05-11,161.20008400644
2005-05-12,161.289917844274
2005-05-13,160.781983114498
2005-05-14,160.764899522095
2005-05-15,160.747817744876
2005-05-16,160.061294386706
2005-05-17,159.976569505318
2005-05-18,160.688002994491
2005-05-19,160.708746860531
2005-05-20,160.449976303637
2005-05-21,160.432927988004
2005-05-22,160.415881483807
2005-05-23,160.886873252105
2005-05-24,160.817558448097
2005-05-25,160.800471075702
2005-05-26,160.963023028504
2005-05-27,161.67942606914
2005-05-28,161.662247120594
2005-05-29,161.645069997366
2005-05-30,161.571270472486
2005-05-31,160.255211547535
2005-06-01,159.603475234261
2005-06-02,160.10915442416
2005-06-03,160.241351847743
2005-06-04,160.195101790887
2005-06-05,160.148865083067
2005-06-06,159.236630970577
2005-06-07,159.314249950642
2005-06-08,159.425247504296
2005-06-09,158.198251745206
2005-06-10,158.335795378353
2005-06-11,158.29009531745
2005-06-12,158.244408446839
2005-06-13,157.813874532581
2005-06-14,156.938083515408
2005-06-15,157.947639906908
2005-06-16,158.298091294428
2005-06-17,159.380325206921
2005-06-18,159.33432366601
2005-06-19,159.288335402408
2005-06-20,159.242360412282
2005-06-21,159.014262190979
2005-06-22,158.585143321408
2005-06-23,158.241002817854
2005-06-24,158.89368718335
2005-06-25,158.847826099543
2005-06-26,158.801978252505
2005-06-27,159.659982607315
2005-06-28,159.838205856965
2005-06-29,160.329024604714
2005-06-30,159.908648332901
2005-07-01,159.167748273088
2005-07-02,159.13883266555
2005-07-03,159.109922311037
2005-07-04,159.019009689681
2005-07-05,158.450300244427
2005-07-06,157.733463466692
2005-07-07,157.745829481277
2005-07-08,157.464215670185
2005-07-09,157.435609539163
2005-07-10,157.407008604945
2005-07-11,158.353447189654
2005-07-12,159.425313972212
2005-07-13,158.3668786992
2005-07-14,158.328692828146
2005-07-15,158.092999946229
2005-07-16,158.064279585537
2005-07-17,158.035564442401
2005-07-18,158.591357909737
2005-07-19,157.912687072484
2005-07-20,157.829381419188
2005-07-21,158.845005419533
2005-07-22,157.616833507906
2005-07-23,157.588199651182
2005-07-24,157.559570996299
2005-07-25,156.020875173685
2005-07-26,155.736943457546
2005-07-27,156.056879277893
2005-07-28,156.994858898778
2005-07-29,157.442478828767
2005-07-30,157.413876646622
2005-07-31,157.385279660564
2005-08-01,157.812032522913
2005-08-02,158.184433908947
2005-08-03,159.754795868805
2005-08-04,160.442096982538
2005-08-05,160.246910465519
2005-08-06,160.240516699485
2005-08-07,160.234123188559
2005-08-08,160.063719461201
2005-08-09,160.712417453816
2005-08-10,161.734800731181
2005-08-11,160.457728152265
2005-08-12,160.427226158887
2005-08-13,160.420825198353
2005-08-14,160.414424493214
2005-08-15,160.40802404346
2005-08-16,160.863580704389
2005-08-17,160.740338706686
2005-08-18,159.871403526211
2005-08-19,158.961863731608
2005-08-20,158.955521238252
2005-08-21,158.949178997957
2005-08-22,160.143383286449
2005-08-23,159.656248289399
2005-08-24,159.225980013498
2005-08-25,160.102704967505
2005-08-26,159.819375090967
2005-08-27,159.812998383366
2005-08-28,159.806621930192
2005-08-29,160.396078878417
2005-08-30,160.525832894807
2005-08-31,161.454251852666
2005-09-01,161.924337298812
2005-09-02,162.840732785935
2005-09-03,162.801737546501
2005-09-04,162.762751645201
2005-09-05,162.563779564996
2005-09-06,162.50134605834
2005-09-07,162.090516575914
2005-09-08,162.094295438572
2005-09-09,162.812552195553
2005-09-10,162.773563704484
2005-09-11,162.734584549934
2005-09-12,162.250316637062
2005-09-13,162.053854358933
2005-09-14,161.880231709542
2005-09-15,162.408540586019
2005-09-16,162.244910665265
2005-09-17,162.206058106509
2005-09-18,162.16721485172
2005-09-19,161.861912592044
2005-09-20,162.039530639677
2005-09-21,162.710683093762
2005-09-22,162.119269801932
2005-09-23,161.932539905245
2005-09-24,161.893762149472
2005-09-25,161.854993679753
2005-09-26,162.124975084351
2005-09-27,161.879697471541
2005-09-28,162.521673525822
2005-09-29,163.191624062844
2005-09-30,162.700387872869
2005-10-01,162.677721034588
2005-10-02,162.655068173911
2005-10-03,162.208747109877
2005-10-04,161.870534479694
2005-10-05,162.007861608108
2005-10-06,162.587234687413
2005-10-07,163.611499192615
2005-10-08,163.588716303399
2005-10-09,163.565936586699
2005-10-10,163.543160042072
2005-10-11,164.28852526879
2005-10-12,164.690885099785
2005-10-13,165.023599015743
2005-10-14,165.382121699656
2005-10-15,165.359092251387
2005-10-16,165.336066009966
2005-10-17,165.115624488913
2005-10-18,164.746077462597
2005-10-19,164.743938549827
2005-10-20,165.295582810561
2005-10-21,164.562715856607
2005-10-22,164.539800510541
2005-10-23,164.516888355434
2005-10-24,164.549093007577
2005-10-25,165.418377393208
2005-10-26,165.428125648653
2005-10-27,166.400003998329
2005-10-28,166.685226691775
2005-10-29,166.662015786231
2005-10-30,166.638808112803
2005-10-31,166.021233817466
2005-11-01,165.648310048293
2005-11-02,165.467225683553
2005-11-03,165.462328126667
2005-11-04,165.135932176542
2005-11-05,165.074735827616
2005-11-06,165.013562156936
2005-11-07,164.669345379401
2005-11-08,164.258229927263
2005-11-09,164.954444048528
2005-11-10,165.183386951675
2005-11-11,164.965673065143
2005-11-12,164.904539811123
2005-11-13,164.843429211966
2005-11-14,163.358945790481
2005-11-15,162.847839626219
2005-11-16,162.822282906018
2005-11-17,162.645736307604
2005-11-18,161.591967407777
2005-11-19,161.532084387221
2005-11-20,161.472223558215
2005-11-21,161.384666553761
2005-11-22,161.012011431102
2005-11-23,161.649992321177
2005-11-24,161.93065915286
2005-11-25,162.585158609704
2005-11-26,162.524907530697
2005-11-27,162.464678779636
2005-11-28,164.616649412946
2005-11-29,164.011756917749
2005-11-30,163.366525251841
2005-12-01,163.29931043467
2005-12-02,163.689503277862
2005-12-03,163.645076071278
2005-12-04,163.600660922747
2005-12-05,165.478538267409
2005-12-06,165.632814491507
2005-12-07,164.365513948803
2005-12-08,164.320903265177
2005-12-09,164.328344556979
2005-12-10,164.283743961552
2005-12-11,164.239155471238
2005-12-12,164.678541628483
2005-12-13,163.804888428249
2005-12-14,163.343350278299
2005-12-15,163.554154723134
2005-12-16,163.922885516098
2005-12-17,163.8783949669
2005-12-18,163.833916492947
2005-12-19,162.276057076923
2005-12-20,162.841940990418
2005-12-21,163.558897452827
2005-12-22,162.660841568011
2005-12-23,162.997566142959
2005-12-24,162.953326736041
2005-12-25,162.909099336205
2005-12-26,162.628140236425
2005-12-27,162.074345712556
2005-12-28,162.720503379461
2005-12-29,162.665330392342
2005-12-30,162.511136870704
2005-12-31,162.467029486263
2006-01-01,162.422674318929
2006-01-02,162.275620556197
2006-01-03,162.942660866935
2006-01-04,164.672097770356
2006-01-05,165.080120773188
2006-01-06,165.924208464237
2006-01-07,165.878909451543
2006-01-08,165.833622805944
2006-01-09,166.541436092601
2006-01-10,166.032535679467
2006-01-11,165.276815213778
2006-01-12,164.678721789305
2006-01-13,164.595291949876
2006-01-14,164.550355745035
2006-01-15,164.50543180824
2006-01-16,164.452830316391
2006-01-17,163.602094663116
2006-01-18,163.296753021941
2006-01-19,162.973514047815
2006-01-20,163.967919218269
2006-01-21,163.923154292626
2006-01-22,163.878401588268
2006-01-23,165.043059417247
2006-01-24,165.409622629319
2006-01-25,165.831180195365
2006-01-26,166.395086200771
2006-01-27,166.492013407643
2006-01-28,166.446559378368
2006-01-29,166.40111775851
2006-01-30,166.583945503642
2006-01-31,167.111307167991
2006-02-01,166.499274061711
2006-02-02,166.422790713394
2006-02-03,166.384670596537
2006-02-04,166.386098923815
2006-02-05,166.387527263354
2006-02-06,167.191191160298
2006-02-07,167.196055426249
2006-02-08,167.035228880179
2006-02-09,167.309593733906
2006-02-10,167.554353342724
2006-02-11,167.55579171113
2006-02-12,167.557230091883
2006-02-13,167.681851930486
2006-02-14,168.127873641012
2006-02-15,168.173128219488
2006-02-16,168.617170805701
2006-02-17,168.366243879973
2006-02-18,168.367689218044
2006-02-19,168.369134568523
2006-02-20,168.272683321008
2006-02-21,168.649119793261
2006-02-22,168.628710996864
2006-02-23,168.489293306197
2006-02-24,168.713077092945
2006-02-25,168.714525408402
2006-02-26,168.715973736291
2006-02-27,168.25623435265
2006-02-28,169.294244723614
2006-03-01,168.994621214681
2006-03-02,169.132186467121
2006-03-03,169.337215158992
2006-03-04,169.283010444417
2006-03-05,169.22882308073
2006-03-06,168.97695795744
2006-03-07,167.067103441386
2006-03-08,166.765784506469
2006-03-09,167.252432331251
2006-03-10,167.918790516092
2006-03-11,167.865039838173
2006-03-12,167.811306365806
2006-03-13,167.859885229956
2006-03-14,168.436696140303
2006-03-15,168.322559290087
2006-03-16,169.421079976936
2006-03-17,168.844742936381
2006-03-18,168.790695861792
2006-03-19,168.736666087631
2006-03-20,167.780293097938
2006-03-21,167.02123145543
2006-03-22,167.128200515473
2006-03-23,166.788328255678
2006-03-24,166.734939437874
2006-03-25,166.68156770979
2006-03-26,166.628213065956
2006-03-27,165.991378595005
2006-03-28,165.415921895443
2006-03-29,165.174983133027
2006-03-30,166.053236997677
2006-03-31,166.788954952105
2006-04-01,166.758219508903
2006-04-02,166.72748972955
2006-04-03,167.542727398763
2006-04-04,168.336603090087
2006-04-05,168.208954935056
2006-04-06,167.841739298974
2006-04-07,166.875495148373
2006-04-08,166.844743757765
2006-04-09,166.813998033944
2006-04-10,166.997419101918
2006-04-11,166.963990177494
2006-04-12,167.027328582897
2006-04-13,166.99654921281
2006-04-14,166.965775514668
2006-04-15,166.935007487423
2006-04-16,166.904245130032
2006-04-17,167.741115794345
2006-04-18,167.686050814146
2006-04-19,168.166724594579
2006-04-20,166.868767054309
2006-04-21,167.146605549487
2006-04-22,167.115804199346
2006-04-23,167.085008525198
2006-04-24,166.84650829878
2006-04-25,166.142276558665
2006-04-26,166.231877024142
2006-04-27,167.088249661091
2006-04-28,168.338958059459
2006-04-29,168.307936985638
2006-04-30,168.276921628301
2006-05-01,168.263851790473
2006-05-02,168.812122029962
2006-05-03,168.464836567128
2006-05-04,168.854578183539
2006-05-05,169.222685600759
2006-05-06,169.209531497745
2006-05-07,169.196378417234
2006-05-08,168.77722525144
2006-05-09,169.059305202624
2006-05-10,169.450878353972
2006-05-11,168.402522722384
2006-05-12,166.986457593686
2006-05-13,166.973477318275
2006-05-14,166.960498051852
2006-05-15,165.929706005867
2006-05-16,167.17477191322
2006-05-17,165.650337520153
2006-05-18,166.560497593088
2006-05-19,165.75128109441
2006-05-20,165.73839683236
2006-05-21,165.725513571836
2006-05-22,163.927335523919
2006-05-23,165.018020957645
2006-05-24,161.959172134441
2006-05-25,161.946582642514
2006-05-26,164.385422273698
2006-05-27,164.372644183274
2006-05-28,164.359867086122
2006-05-29,165.452455361317
2006-05-30,163.909173538202
2006-05-31,164.076175928389
2006-06-01,165.18924443172
2006-06-02,165.251965297365
2006-06-03,165.228497718119
2006-06-04,165.205033471525
2006-06-05,165.39712559609
2006-06-06,164.965363908819
2006-06-07,165.227950475667
2006-06-08,163.872038479819
2006-06-09,164.061751554495
2006-06-10,164.038452998566
2006-06-11,164.015157751286
2006-06-12,163.324416604688
2006-06-13,162.488092312693
2006-06-14,163.173429552186
2006-06-15,163.767844711518
2006-06-16,164.033758268699
2006-06-17,164.010463688122
2006-06-18,163.987172415629
2006-06-19,163.963884450751
2006-06-20,163.687458606831
2006-06-21,164.188653051842
2006-06-22,163.754185870717
2006-06-23,163.905636205751
2006-06-24,163.882359819903
2006-06-25,163.859086739555
2006-06-26,164.509929471309
2006-06-27,164.479880302341
2006-06-28,164.459586946282
2006-06-29,164.944955634979
2006-06-30,167.011387185
2006-07-01,166.994695331208
2006-07-02,166.977975781561
2006-07-03,167.274034708945
2006-07-04,167.270053266199
2006-07-05,165.853751935635
2006-07-06,166.583351461685
2006-07-07,166.723467406347
2006-07-08,166.706775012106
2006-07-09,166.690084289112
2006-07-10,166.516242762685
2006-07-11,166.306762097916
2006-07-12,165.523009596672
2006-07-13,165.132182842243
2006-07-14,164.997004285919
2006-07-15,164.980484745587
2006-07-16,164.963966859195
2006-07-17,164.282961494778
2006-07-18,164.49248588353
2006-07-19,165.323758633256
2006-07-20,165.428891019749
2006-07-21,165.171968986449
2006-07-22,165.155431928608
2006-07-23,165.138896526462
2006-07-24,165.103490511316
2006-07-25,164.492577844698
2006-07-26,164.850369189684
2006-07-27,165.156473411143
2006-07-28,165.796664466983
2006-07-29,165.780064864479
2006-07-30,165.763466923931
2006-07-31,165.535681359054
2006-08-01,165.194255582164
2006-08-02,165.442368660886
2006-08-03,165.338471967147
2006-08-04,165.645024772638
2006-08-05,165.628876884566
2006-08-06,165.61273057067
2006-08-07,165.553208033544
2006-08-08,165.346271139822
2006-08-09,165.66858283469
2006-08-10,165.40652203904
2006-08-11,165.5092253144
2006-08-12,165.493090664725
2006-08-13,165.476957587934
2006-08-14,165.736790566758
2006-08-15,166.5184228799
2006-08-16,166.897529798038
2006-08-17,167.25903977903
2006-08-18,166.860527514067
2006-08-19,166.844261132836
2006-08-20,166.827996337332
2006-08-21,166.811733127401
2006-08-22,164.672136946676
2006-08-23,167.054893795903
2006-08-24,166.708488993141
2006-08-25,166.794489120005
2006-08-26,166.778229176521
2006-08-27,166.761970818135
2006-08-28,167.400738499527
2006-08-29,167.467871205032
2006-08-30,167.747079257224
2006-08-31,167.348571103255
2006-09-01,167.53663957115
2006-09-02,167.48425406434
2006-09-03,167.431884937477
2006-09-04,167.288750548542
2006-09-05,167.713733127843
2006-09-06,167.223803716009
2006-09-07,166.717917093431
2006-09-08,166.385619791276
2006-09-09,166.333594186363
2006-09-10,166.281584848864
2006-09-11,165.780294094204
2006-09-12,165.977459278489
2006-09-13,166.276749185
2006-09-14,166.333557745831
2006-09-15,165.975433036247
2006-09-16,165.923535688897
2006-09-17,165.871654568857
2006-09-18,166.101504511772
2006-09-19,165.625507031602
2006-09-20,165.504806471869
2006-09-21,164.765947816562
2006-09-22,164.481387831372
2006-09-23,164.429957643418
2006-09-24,164.378543536701
2006-09-25,164.018474388992
2006-09-26,164.716637372765
2006-09-27,164.983122214532
2006-09-28,165.139908064293
2006-09-29,165.184560490372
2006-09-30,165.13291043376
2006-10-01,165.088870610644
2006-10-02,165.505939668276
2006-10-03,165.263981591208
2006-10-04,165.266860712259
2006-10-05,165.098424411109
2006-10-06,164.81129069633
2006-10-07,164.767412594408
2006-10-08,164.723546174257
2006-10-09,164.669083036254
2006-10-10,164.83930292865
2006-10-11,164.649228523204
2006-10-12,164.817953168144
2006-10-13,165.016005369731
2006-10-14,164.972072766134
2006-10-15,164.928151858819
2006-10-16,164.884242644671
2006-10-17,164.959818882395
2006-10-18,164.40895109615
2006-10-19,164.518920925487
2006-10-20,164.481836518433
2006-10-21,164.43804612788
2006-10-22,164.394267395747
2006-10-23,164.118517422071
2006-10-24,164.080786731714
2006-10-25,164.160160927581
2006-10-26,164.757483387658
2006-10-27,165.061605570911
2006-10-28,165.017660827064
2006-10-29,164.973727782731
2006-10-30,164.629379645487
2006-10-31,164.601138687691
2006-11-01,164.446046043648
2006-11-02,164.082034717328
2006-11-03,163.914428589492
2006-11-04,163.885630452595
2006-11-05,163.856837375245
2006-11-06,163.828049356552
2006-11-07,163.97767899126
2006-11-08,163.109669934556
2006-11-09,163.347400865338
2006-11-10,163.127036606296
2006-11-11,163.09837680635
2006-11-12,163.069722041645
2006-11-13,162.78352570259
2006-11-14,162.878881391703
2006-11-15,162.7681889957
2006-11-16,162.674355815547
2006-11-17,162.755969005962
2006-11-18,162.727374398907
2006-11-19,162.69878481564
2006-11-20,162.612102654608
2006-11-21,162.690513290356
2006-11-22,162.672761673183
2006-11-23,162.541432868783
2006-11-24,163.10392558623
2006-11-25,163.07526984666
2006-11-26,163.046619141618
2006-11-27,162.641192836195
2006-11-28,162.752227640334
2006-11-29,162.972455102084
2006-11-30,163.40116435544
2006-12-01,163.092632714508
2006-12-02,163.071070090501
2006-12-03,163.049510317307
2006-12-04,163.00976127105
2006-12-05,163.145439592132
2006-12-06,163.324971876735
2006-12-07,163.381619761869
2006-12-08,163.360018930623
2006-12-09,163.338420955243
2006-12-10,163.31682583535
2006-12-11,163.391980704794
2006-12-12,162.564165248413
2006-12-13,162.69366812515
2006-12-14,162.816138902272
2006-12-15,162.361844299568
2006-12-16,162.340378293755
2006-12-17,162.318915125982
2006-12-18,162.23745525615
2006-12-19,162.287248762095
2006-12-20,162.019662482583
2006-12-21,161.491097459371
2006-12-22,162.300459620975
2006-12-23,162.279001730886
2006-12-24,162.257546677764
2006-12-25,162.236094461234
2006-12-26,162.820831170853
2006-12-27,163.095515233016
2006-12-28,163.256577241771
2006-12-29,162.792827014965
2006-12-30,162.771304028539
2006-12-31,162.749783887686
2007-01-01,162.702751365602
2007-01-02,162.772049913639
2007-01-03,162.095504347571
2007-01-04,162.359062083828
2007-01-05,162.084269621629
2007-01-06,162.037429424313
2007-01-07,161.990602763191
2007-01-08,162.016206896147
2007-01-09,162.089067204896
2007-01-10,161.738101638357
2007-01-11,161.823526357934
2007-01-12,161.993804341209
2007-01-13,161.946990287155
2007-01-14,161.90018976174
2007-01-15,161.759106449853
2007-01-16,161.663457352951
2007-01-17,161.945129300153
2007-01-18,162.091041402479
2007-01-19,162.412302712242
2007-01-20,162.365367717727
2007-01-21,162.318446286801
2007-01-22,162.607952920648
2007-01-23,162.888651303515
2007-01-24,162.672638781057
2007-01-25,162.626657051692
2007-01-26,162.682967596456
2007-01-27,162.635954383391
2007-01-28,162.588954756519
2007-01-29,162.698363305951
2007-01-30,162.782315817609
2007-01-31,163.080641855226
2007-02-01,163.446673152488
2007-02-02,162.987518815953
2007-02-03,162.979242793611
2007-02-04,162.970967191502
2007-02-05,163.418675620757
2007-02-06,163.711224142365
2007-02-07,163.728687839838
2007-02-08,163.806647991814
2007-02-09,163.415287538691
2007-02-10,163.406989795523
2007-02-11,163.398692473691
2007-02-12,162.774366840414
2007-02-13,163.236441669807
2007-02-14,163.773526716494
2007-02-15,163.947266324077
2007-02-16,164.24570680582
2007-02-17,164.237366896428
2007-02-18,164.229027410511
2007-02-19,164.105940094548
2007-02-20,164.156017025414
2007-02-21,164.506256358724
2007-02-22,164.507122741238
2007-02-23,164.257967961425
2007-02-24,164.249627429448
2007-02-25,164.241287320978
2007-02-26,164.318227239688
2007-02-27,163.719934549413
2007-02-28,163.327016484162
2007-03-01,162.947673194186
2007-03-02,162.752359391792
2007-03-03,162.710905854435
2007-03-04,162.669155350331
2007-03-05,162.283963514832
2007-03-06,162.929746217433
2007-03-07,163.249919229795
2007-03-08,163.331120148117
2007-03-09,163.616160512059
2007-03-10,163.57417772581
2007-03-11,163.532205712056
2007-03-12,163.713237588477
2007-03-13,163.320803201467
2007-03-14,163.084183498395
2007-03-15,163.476723125106
2007-03-16,163.816189010684
2007-03-17,163.774154898492
2007-03-18,163.732131571965
2007-03-19,163.923809294659
2007-03-20,164.047309141909
2007-03-21,164.297209114157
2007-03-22,164.553896652557
2007-03-23,164.394292493406
2007-03-24,164.35211004382
2007-03-25,164.309938417961
2007-03-26,164.620004951194
2007-03-27,164.644694432573
2007-03-28,164.261292509247
2007-03-29,164.587936441408
2007-03-30,164.444772355113
2007-03-31,164.40257695274
2007-04-01,164.300599037182
2007-04-02,164.198684377902
2007-04-03,164.709030399245
2007-04-04,164.794076768701
2007-04-05,164.691856008195
2007-04-06,164.589698654604
2007-04-07,164.487604668595
2007-04-08,164.385574010863
2007-04-09,164.349992435866
2007-04-10,164.195913810654
2007-04-11,163.755452998688
2007-04-12,163.486063303902
2007-04-13,164.236971775231
2007-04-14,164.135096583554
2007-04-15,164.033284584437
2007-04-16,163.421742391858
2007-04-17,163.269645073287
2007-04-18,163.278155491102
2007-04-19,163.615754794581
2007-04-20,163.634751038689
2007-04-21,163.533249400861
2007-04-22,163.431810723879
2007-04-23,162.860558828728
2007-04-24,162.820507019304
2007-04-25,163.393116901157
2007-04-26,163.194540079136
2007-04-27,163.150332146072
2007-04-28,163.049130990328
2007-04-29,162.947992609043
2007-04-30,162.919033936788
2007-05-01,162.82963060064
2007-05-02,162.455003756081
2007-05-03,162.356404807607
2007-05-04,162.215888395616
2007-05-05,162.126920069091
2007-05-06,162.038000537806
2007-05-07,162.019816837153
2007-05-08,161.807512843369
2007-05-09,161.874227211369
2007-05-10,161.443922335354
2007-05-11,161.651399912456
2007-05-12,161.562741183197
2007-05-13,161.474131079378
2007-05-14,161.438448200098
2007-05-15,162.173758908284
2007-05-16,162.516300748555
2007-05-17,162.513440884036
2007-05-18,162.547884103934
2007-05-19,162.45873369227
2007-05-20,162.369632175711
2007-05-21,162.451902760162
2007-05-22,162.58261465313
2007-05-23,162.577499237948
2007-05-24,161.981758370516
2007-05-25,161.892918454079
2007-05-26,161.804127262454
2007-05-27,161.715384768918
2007-05-28,161.574937275111
2007-05-29,161.879675169788
2007-05-30,161.599465024445
2007-05-31,162.155303980704
2007-06-01,162.46904921246
2007-06-02,162.343079820702
2007-06-03,162.217208098548
2007-06-04,161.658663120776
2007-06-05,161.277754921942
2007-06-06,160.210851165877
2007-06-07,159.777774654094
2007-06-08,159.563508943837
2007-06-09,159.439792345101
2007-06-10,159.316171669279
2007-06-11,159.823786951237
2007-06-12,159.695882068362
2007-06-13,159.102758376199
2007-06-14,159.501844802319
2007-06-15,160.571588581901
2007-06-16,160.447090374733
2007-06-17,160.322688696494
2007-06-18,160.198383472343
2007-06-19,160.31518484081
2007-06-20,159.69996091402
2007-06-21,159.990725222826
2007-06-22,159.256415108791
2007-06-23,159.132936613397
2007-06-24,159.009553856306
2007-06-25,159.156772177727
2007-06-26,158.684377729823
2007-06-27,158.637657162462
2007-06-28,159.381982686247
2007-06-29,159.443636653603
2007-06-30,159.32001299712
2007-07-01,159.2108105514
2007-07-02,159.70163732563
2007-07-03,159.701728794558
2007-07-04,159.64981891983
2007-07-05,159.992492994083
2007-07-06,160.58122793825
2007-07-07,160.471531756271
2007-07-08,160.361910509903
2007-07-09,160.252364147955
2007-07-10,160.566578968763
2007-07-11,160.762510266535
2007-07-12,161.077525032751
2007-07-13,161.280848632405
2007-07-14,161.170674525827
2007-07-15,161.060575681339
2007-07-16,160.91676161036
2007-07-17,161.065075485519
2007-07-18,161.23587689477
2007-07-19,161.349929710888
2007-07-20,161.91962138249
2007-07-21,161.809010917735
2007-07-22,161.698476013155
2007-07-23,162.269190747633
2007-07-24,163.601698634637
2007-07-25,163.63670056796
2007-07-26,159.966144084809
2007-07-27,159.182231539849
2007-07-28,159.073491039711
2007-07-29,158.964824822338
2007-07-30,159.810160381039
2007-07-31,159.679229117492
2007-08-01,159.682725185101
2007-08-02,160.379813012639
2007-08-03,160.401351238399
2007-08-04,160.261437045997
2007-08-05,160.121644897338
2007-08-06,159.067940574362
2007-08-07,159.152221367108
2007-08-08,159.158641395468
2007-08-09,158.229114127353
2007-08-10,157.835999416082
2007-08-11,157.6983229176
2007-08-12,157.560766510975
2007-08-13,156.945523533218
2007-08-14,155.449055374164
2007-08-15,155.048338965437
2007-08-16,151.712456734749
2007-08-17,154.4967923127
2007-08-18,154.362028523254
2007-08-19,154.22738228498
2007-08-20,154.09285349534
2007-08-21,153.810934711005
2007-08-22,154.555187511959
2007-08-23,155.508364482503
2007-08-24,156.466658468831
2007-08-25,156.33017641311
2007-08-26,156.193813407362
2007-08-27,156.029283897253
2007-08-28,154.553752470826
2007-08-29,155.137099143279
2007-08-30,154.474945456797
2007-08-31,154.496936995647
2007-09-01,154.400972643804
2007-09-02,154.305067899336
2007-09-03,154.497935054538
2007-09-04,154.90776949749
2007-09-05,154.430759339024
2007-09-06,154.931956413495
2007-09-07,154.676098164162
2007-09-08,154.580022528007
2007-09-09,154.48400656835
2007-09-10,154.58598502054
2007-09-11,154.931208103291
2007-09-12,155.065817014835
2007-09-13,154.897963718193
2007-09-14,155.017832556526
2007-09-15,154.921544655196
2007-09-16,154.825316562209
2007-09-17,153.97004347775
2007-09-18,154.557710940202
2007-09-19,155.444816322012
2007-09-20,155.901572671612
2007-09-21,156.365140413766
2007-09-22,156.268015644548
2007-09-23,156.170951203487
2007-09-24,156.069610672753
2007-09-25,156.457477533795
2007-09-26,156.519540525194
2007-09-27,156.914382303787
2007-09-28,157.524925737661
2007-09-29,157.427080578454
2007-09-30,157.329296194867
2007-10-01,157.563601066557
2007-10-02,157.133836921122
2007-10-03,156.696859544339
2007-10-04,157.374862054135
2007-10-05,158.069224657551
2007-10-06,158.010130863538
2007-10-07,157.951059161597
2007-10-08,158.045276014665
2007-10-09,158.236984842958
2007-10-10,157.959943777519
2007-10-11,158.574095816314
2007-10-12,158.118522121095
2007-10-13,158.059409897346
2007-10-14,158.000319772558
2007-10-15,157.941251738469
2007-10-16,157.553794374765
2007-10-17,157.337916041349
2007-10-18,158.738103737351
2007-10-19,158.295163405106
2007-10-20,158.235985144444
2007-10-21,158.176829007431
2007-10-22,157.500772731633
2007-10-23,158.599093263499
2007-10-24,158.497299413502
2007-10-25,159.19600549979
2007-10-26,159.740440334511
2007-10-27,159.680721760595
2007-10-28,159.621025512322
2007-10-29,159.594798255211
2007-10-30,159.182481666162
2007-10-31,159.437976198729
2007-11-01,158.579563975646
2007-11-02,158.710328584974
2007-11-03,158.754536731022
2007-11-04,158.798757191078
2007-11-05,158.783032564711
2007-11-06,158.827260962171
2007-11-07,159.332158399385
2007-11-08,159.506912144201
2007-11-09,159.376843673051
2007-11-10,159.42123747429
2007-11-11,159.46564364125
2007-11-12,159.657283374873
2007-11-13,158.911049527977
2007-11-14,159.845588955087
2007-11-15,159.051051044684
2007-11-16,159.636339374957
2007-11-17,159.680805457717
2007-11-18,159.725283926332
2007-11-19,158.937829396157
2007-11-20,159.540289640343
2007-11-21,159.531534561877
2007-11-22,159.668701398464
2007-11-23,159.079490663209
2007-11-24,159.123801637921
2007-11-25,159.168124955284
2007-11-26,158.56158125462
2007-11-27,158.52916657514
2007-11-28,159.771720878974
2007-11-29,159.603317448667
2007-11-30,159.412938312645
2007-12-01,159.395498167583
2007-12-02,159.378135460211
2007-12-03,159.075014708677
2007-12-04,158.71983262606
2007-12-05,158.735828911222
2007-12-06,159.461345300549
2007-12-07,160.141311405887
2007-12-08,160.123867458222
2007-12-09,160.1064254107
2007-12-10,160.216872481832
2007-12-11,160.435723854117
2007-12-12,159.808888870036
2007-12-13,159.548858196126
2007-12-14,158.541640758345
2007-12-15,158.524371060353
2007-12-16,158.507103243522
2007-12-17,157.676702613069
2007-12-18,157.587506033237
2007-12-19,157.60384994078
2007-12-20,157.63384719282
2007-12-21,158.339894665598
2007-12-22,158.322646943499
2007-12-23,158.305401100167
2007-12-24,158.288157135399
2007-12-25,158.270915048989
2007-12-26,159.436825418721
2007-12-27,160.448584064434
2007-12-28,160.087569446256
2007-12-29,160.070131352621
2007-12-30,160.05269515849
2007-12-31,159.570139512652
2008-01-01,159.487410861998
2008-01-02,159.949938056242
2008-01-03,160.414627057435
2008-01-04,160.223762923473
2008-01-05,160.140695403761
2008-01-06,160.05767095015
2008-01-07,159.157463933368
2008-01-08,159.339254921667
2008-01-09,158.604823115232
2008-01-10,159.05141560652
2008-01-11,159.717015200529
2008-01-12,159.634210402624
2008-01-13,159.551448534613
2008-01-14,160.872099848675
2008-01-15,160.376401058626
2008-01-16,159.151550246825
2008-01-17,159.275010337197
2008-01-18,158.707554877947
2008-01-19,158.625273431657
2008-01-20,158.543034643932
2008-01-21,158.741507682074
2008-01-22,158.217410247419
2008-01-23,157.732709083522
2008-01-24,159.010519879426
2008-01-25,158.633314222605
2008-01-26,158.551071266157
2008-01-27,158.468870948317
2008-01-28,158.981147899449
2008-01-29,159.16150767082
2008-01-30,159.244754304118
2008-01-31,159.852055824207
2008-02-01,160.014305555662
2008-02-02,159.93763870538
2008-02-03,159.861008588101
2008-02-04,160.100362794463
2008-02-05,159.156222372118
2008-02-06,159.6644791613
2008-02-07,158.931504065341
2008-02-08,158.799002326932
2008-02-09,158.72291775878
2008-02-10,158.646869644645
2008-02-11,158.669939384532
2008-02-12,159.160689758212
2008-02-13,158.496506532196
2008-02-14,158.695970616179
2008-02-15,158.423117448926
2008-02-16,158.347212976607
2008-02-17,158.271344872017
2008-02-18,158.188048122382
2008-02-19,158.997551397529
2008-02-20,158.361890123325
2008-02-21,159.640317668712
2008-02-22,159.847170651082
2008-02-23,159.770583879307
2008-02-24,159.694033802167
2008-02-25,159.722222856746
2008-02-26,160.606297585013
2008-02-27,161.896177120092
2008-02-28,161.675899905239
2008-02-29,161.673578770679
2008-03-01,161.484948503488
2008-03-02,161.296538317883
2008-03-03,161.369159490503
2008-03-04,160.843104619118
2008-03-05,161.349583698691
2008-03-06,161.389865189491
2008-03-07,160.68682059712
2008-03-08,160.499261753333
2008-03-09,160.311921834283
2008-03-10,159.897467562049
2008-03-11,159.465670695779
2008-03-12,160.511646823626
2008-03-13,159.635809602944
2008-03-14,159.192598798974
2008-03-15,159.006784059101
2008-03-16,158.821186208192
2008-03-17,158.717275508044
2008-03-18,159.66309612927
2008-03-19,158.921175597204
2008-03-20,158.735677671255
2008-03-21,158.550396264472
2008-03-22,158.365331124127
2008-03-23,158.180481997788
2008-03-24,157.995848633317
2008-03-25,156.877263699356
2008-03-26,157.757575388457
2008-03-27,157.535170219434
2008-03-28,156.785333523881
2008-03-29,156.602328621742
2008-03-30,156.419537328832
2008-03-31,156.562620722306
2008-04-01,156.01269791489
2008-04-02,155.880250360837
2008-04-03,156.555418190487
2008-04-04,156.98209904003
2008-04-05,156.848828509325
2008-04-06,156.715671119127
2008-04-07,156.666344547618
2008-04-08,156.450567539533
2008-04-09,157.060521291817
2008-04-10,156.820219516103
2008-04-11,156.184696006998
2008-04-12,156.052102434532
2008-04-13,155.919621427867
2008-04-14,155.912042823244
2008-04-15,156.037781476806
2008-04-16,157.214891271865
2008-04-17,157.385689377756
2008-04-18,156.548034660139
2008-04-19,156.415132629986
2008-04-20,156.282343427501
2008-04-21,156.983193953455
2008-04-22,157.650670305922
2008-04-23,157.339553485354
2008-04-24,156.12683384152
2008-04-25,155.344605624329
2008-04-26,155.212725249685
2008-04-27,155.080956835371
2008-04-28,154.500305877131
2008-04-29,152.967595835841
2008-04-30,153.169654581972
2008-05-01,153.190362959438
2008-05-02,154.485344877975
2008-05-03,154.5062137103
2008-05-04,154.527085361715
2008-05-05,154.448559014052
2008-05-06,154.77966981283
2008-05-07,153.8352448886
2008-05-08,153.290422734009
2008-05-09,153.577788388466
2008-05-10,153.598534622467
2008-05-11,153.619283658998
2008-05-12,154.702327082479
2008-05-13,154.139817292835
2008-05-14,153.817706025283
2008-05-15,153.780146514193
2008-05-16,154.069429477442
2008-05-17,154.090242125351
2008-05-18,154.111057584761
2008-05-19,153.905159818516
2008-05-20,153.5933495478
2008-05-21,153.660397686671
2008-05-22,153.452154111505
2008-05-23,153.4561511326
2008-05-24,153.476880935092
2008-05-25,153.497613537893
2008-05-26,153.905353099672
2008-05-27,152.696696901152
2008-05-28,152.137457981655
2008-05-29,152.168654542355
2008-05-30,152.406133839316
2008-05-31,152.426721799002
2008-06-01,152.34108652313
2008-06-02,151.34400330322
2008-06-03,150.29054863947
2008-06-04,150.391708911145
2008-06-05,149.99753881006
2008-06-06,150.636315962503
2008-06-07,150.55168655946
2008-06-08,150.467104702295
2008-06-09,150.029040185017
2008-06-10,148.943033675548
2008-06-11,148.884912907371
2008-06-12,148.152373201465
2008-06-13,147.287774320549
2008-06-14,147.205026170897
2008-06-15,147.122324510211
2008-06-16,147.039669312372
2008-06-17,148.113200284144
2008-06-18,148.187060264146
2008-06-19,148.230308915302
2008-06-20,148.131251244355
2008-06-21,148.048029218612
2008-06-22,147.964853948065
2008-06-23,146.604479193921
2008-06-24,146.777242101787
2008-06-25,146.871855241201
2008-06-26,147.594010951629
2008-06-27,147.08824067199
2008-06-28,147.005604622886
2008-06-29,146.923014999768
2008-06-30,147.064557946922
2008-07-01,146.505324272412
2008-07-02,147.033517962059
2008-07-03,146.798768114008
2008-07-04,146.672706781313
2008-07-05,146.634385956551
2008-07-06,146.596075143779
2008-07-07,146.391057266027
2008-07-08,145.845538921073
2008-07-09,145.807434208465
2008-07-10,146.389338333799
2008-07-11,146.995999086309
2008-07-12,146.957593795745
2008-07-13,146.919198539239
2008-07-14,147.503867485593
2008-07-15,147.649372399007
2008-07-16,147.578563405312
2008-07-17,147.343683284263
2008-07-18,147.36914735843
2008-07-19,147.330644576316
2008-07-20,147.292151853731
2008-07-21,147.709459348933
2008-07-22,147.312693243854
2008-07-23,146.878100466518
2008-07-24,146.86219996164
2008-07-25,147.083924199544
2008-07-26,147.045495936998
2008-07-27,147.007077714511
2008-07-28,147.086373751752
2008-07-29,146.948349486152
2008-07-30,147.206313614367
2008-07-31,147.927361687438
2008-08-01,148.029630936361
2008-08-02,148.00336020228
2008-08-03,147.977094130451
2008-08-04,147.380165523391
2008-08-05,147.024610505226
2008-08-06,146.83119559142
2008-08-07,146.26745580722
2008-08-08,144.933679594274
2008-08-09,144.90795829691
2008-08-10,144.88224156429
2008-08-11,143.372046384258
2008-08-12,143.530679467775
2008-08-13,143.391501078807
2008-08-14,142.671851877308
2008-08-15,141.904357958166
2008-08-16,141.879174272784
2008-08-17,141.853995056735
2008-08-18,141.828820309227
2008-08-19,142.103682714768
2008-08-20,142.194011821122
2008-08-21,142.824982591803
2008-08-22,142.190656733042
2008-08-23,142.165422238379
2008-08-24,142.140192222068
2008-08-25,141.736593896512
2008-08-26,141.214147866208
2008-08-27,141.954842273022
2008-08-28,141.825219559007
2008-08-29,141.691871092382
2008-08-30,141.666725116922
2008-08-31,141.641583604103
2008-09-01,141.486309759152
2008-09-02,140.523734614389
2008-09-03,139.969915649553
2008-09-04,138.497870712385
2008-09-05,138.029194509596
2008-09-06,137.978657678485
2008-09-07,137.928139350497
2008-09-08,137.487227473567
2008-09-09,137.263140756327
2008-09-10,136.851878064106
2008-09-11,136.053252626928
2008-09-12,137.343100899966
2008-09-13,137.292815269313
2008-09-14,137.242548049811
2008-09-15,136.392862116506
2008-09-16,136.222627109199
2008-09-17,135.556286627038
2008-09-18,134.733870744408
2008-09-19,137.684382519297
2008-09-20,137.633971934705
2008-09-21,137.583579807013
2008-09-22,138.876455414172
2008-09-23,137.014812216682
2008-09-24,137.041368815807
2008-09-25,137.976667498405
2008-09-26,137.220612417395
2008-09-27,137.170371633629
2008-09-28,137.120149244595
2008-09-29,133.97693785052
2008-09-30,134.443969039298
2008-10-01,133.980374320878
2008-10-02,131.510379908246
2008-10-03,132.209604609017
2008-10-04,132.182500163357
2008-10-05,132.155401274411
2008-10-06,128.63827398674
2008-10-07,127.28180306326
2008-10-08,127.133733553905
2008-10-09,129.663920113758
2008-10-10,125.786217054111
2008-10-11,125.760429474646
2008-10-12,125.734647181923
2008-10-13,125.708870174857
2008-10-14,130.166433316696
2008-10-15,127.529631627179
2008-10-16,127.465915028704
2008-10-17,125.987548417514
2008-10-18,125.961719562871
2008-10-19,125.935896003431
2008-10-20,129.272665896069
2008-10-21,125.435087181231
2008-10-22,122.444596159433
2008-10-23,125.121808788036
2008-10-24,124.94878560018
2008-10-25,124.923169703517
2008-10-26,124.897559058398
2008-10-27,126.64720452835
2008-10-28,130.511017246586
2008-10-29,133.411954730877
2008-10-30,133.713388967351
2008-10-31,132.898223339136
2008-11-01,132.856249527039
2008-11-02,132.814288971711
2008-11-03,132.352431979639
2008-11-04,130.831542679654
2008-11-05,131.363803991653
2008-11-06,131.322314801756
2008-11-07,129.529704944429
2008-11-08,129.488795025849
2008-11-09,129.447898028023
2008-11-10,128.996231984273
2008-11-11,128.926444801529
2008-11-12,125.945637099863
2008-11-13,125.298123166217
2008-11-14,126.768909014943
2008-11-15,126.728871050304
2008-11-16,126.688845731025
2008-11-17,126.111758698288
2008-11-18,126.034209407392
2008-11-19,124.242415321798
2008-11-20,123.815693627123
2008-11-21,122.546675951526
2008-11-22,122.507971512744
2008-11-23,122.46927929815
2008-11-24,126.055109442279
2008-11-25,126.995627238501
2008-11-26,126.980734464865
2008-11-27,127.393768711067
2008-11-28,127.243592086936
2008-11-29,127.20340420112
2008-11-30,127.163229008015
2008-12-01,126.133097712384
2008-12-02,126.468352348269
2008-12-03,126.319094769757
2008-12-04,126.706088263655
2008-12-05,124.59758826596
2008-12-06,124.577885663696
2008-12-07,124.558186177002
2008-12-08,124.538489805385
2008-12-09,126.405682124454
2008-12-10,127.003089062814
2008-12-11,130.357888991564
2008-12-12,128.819782632164
2008-12-13,128.799412374791
2008-12-14,128.779045338565
2008-12-15,130.243038062349
2008-12-16,129.864372902963
2008-12-17,131.151734357731
2008-12-18,131.302741114736
2008-12-19,130.43571372738
2008-12-20,130.41508794301
2008-12-21,130.394465420192
2008-12-22,130.114987509589
2008-12-23,131.09169420189
2008-12-24,131.364116305964
2008-12-25,131.343343713401
2008-12-26,131.553897449772
2008-12-27,131.533094847138
2008-12-28,131.512295534018
2008-12-29,131.451060627988
2008-12-30,132.715071987897
2008-12-31,132.552010606143
2009-01-01,132.509577532845
2009-01-02,132.519853786707
2009-01-03,132.477431007577
2009-01-04,132.435021808994
2009-01-05,132.738374051404
2009-01-06,134.017752715428
2009-01-07,134.010485543561
2009-01-08,133.079001658105
2009-01-09,132.275115615041
2009-01-10,132.232771182461
2009-01-11,132.190440305349
2009-01-12,130.855079409587
2009-01-13,130.911208137895
2009-01-14,129.624239569915
2009-01-15,129.190476189036
2009-01-16,130.384817299276
2009-01-17,130.343077996461
2009-01-18,130.301352055397
2009-01-19,130.26615298339
2009-01-20,129.043529268027
2009-01-21,129.531119131346
2009-01-22,129.842284578237
2009-01-23,129.777056531017
2009-01-24,129.73551178698
2009-01-25,129.693980342411
2009-01-26,131.233460092965
2009-01-27,131.152217584057
2009-01-28,132.204194083662
2009-01-29,131.371404226274
2009-01-30,130.397100726806
2009-01-31,130.355357491772
2009-02-01,130.376253546322
2009-02-02,130.052874834804
2009-02-03,131.201431829596
2009-02-04,130.968980332121
2009-02-05,130.792975454435
2009-02-06,131.618786549224
2009-02-07,131.639885132331
2009-02-08,131.660987097557
2009-02-09,132.803936967187
2009-02-10,131.82773879303
2009-02-11,131.967036148952
2009-02-12,131.407813107395
2009-02-13,132.129509875856
2009-02-14,132.150690328268
2009-02-15,132.171874175922
2009-02-16,132.225964894422
2009-02-17,130.623089739285
2009-02-18,129.968022909232
2009-02-19,131.248329635975
2009-02-20,130.332801835807
2009-02-21,130.35369427467
2009-02-22,130.374590062605
2009-02-23,130.993084579483
2009-02-24,131.545726665815
2009-02-25,131.402302454323
2009-02-26,132.376758832256
2009-02-27,131.851993115671
2009-02-28,131.873129081953
2009-03-01,131.773354126835
2009-03-02,131.338696602261
2009-03-03,131.340807156943
2009-03-04,132.922710055099
2009-03-05,132.540317858909
2009-03-06,133.383710534755
2009-03-07,133.282707355656
2009-03-08,133.181780659975
2009-03-09,133.121976704412
2009-03-10,133.829817553484
2009-03-11,134.229270240146
2009-03-12,134.673791882495
2009-03-13,135.549903170068
2009-03-14,135.44725966816
2009-03-15,135.344693891785
2009-03-16,136.303981324415
2009-03-17,136.173933280123
2009-03-18,137.098630882813
2009-03-19,138.523368525083
2009-03-20,138.269665990016
2009-03-21,138.164962981065
2009-03-22,138.060339257184
2009-03-23,139.253313700773
2009-03-24,139.147865836655
2009-03-25,139.277675532059
2009-03-26,139.414701911118
2009-03-27,138.562597293968
2009-03-28,138.45767246638
2009-03-29,138.35282709183
2009-03-30,136.620361557312
2009-03-31,137.688803321716
2009-04-01,137.687674769214
2009-04-02,137.616345849431
2009-04-03,139.390000972159
2009-04-04,139.317790164514
2009-04-05,139.245616765583
2009-04-06,137.893730448865
2009-04-07,137.324674796366
2009-04-08,137.994798776277
2009-04-09,137.923310751304
2009-04-10,137.851859760609
2009-04-11,137.780445785006
2009-04-12,137.70906880532
2009-04-13,138.874584601868
2009-04-14,138.009389398304
2009-04-15,137.695703727114
2009-04-16,137.814467244722
2009-04-17,137.715147567755
2009-04-18,137.643804415725
2009-04-19,137.572498222921
2009-04-20,135.883087875012
2009-04-21,136.160222703946
2009-04-22,136.955782336656
2009-04-23,137.004404210158
2009-04-24,137.61985771797
2009-04-25,137.548563930722
2009-04-26,137.477307077127
2009-04-27,136.212682128184
2009-04-28,137.321451397544
2009-04-29,138.972816790703
2009-04-30,138.16315405451
2009-05-01,138.135766854029
2009-05-02,138.108440201329
2009-05-03,138.081118954514
2009-05-04,139.203073616712
2009-05-05,138.846005889341
2009-05-06,139.926967117401
2009-05-07,140.577746321188
2009-05-08,142.125070243667
2009-05-09,142.096954408624
2009-05-10,142.068844135585
2009-05-11,142.113636534305
2009-05-12,142.071725169657
2009-05-13,141.205420806178
2009-05-14,141.846613646958
2009-05-15,141.387965599606
2009-05-16,141.359995581994
2009-05-17,141.332031097539
2009-05-18,141.950067901503
2009-05-19,143.283797399732
2009-05-20,144.381667974726
2009-05-21,144.71227210865
2009-05-22,144.856939868078
2009-05-23,144.828283602021
2009-05-24,144.799633004879
2009-05-25,144.77098807553
2009-05-26,144.773608742357
2009-05-27,144.646625650999
2009-05-28,144.918928851139
2009-05-29,146.883165785822
2009-05-30,146.854108682436
2009-05-31,146.82505732726
2009-06-01,147.613997330826
2009-06-02,148.037318093071
2009-06-03,146.518616380044
2009-06-04,147.377863133225
2009-06-05,146.718539907755
2009-06-06,146.71162926588
2009-06-07,146.704718949505
2009-06-08,146.199813276458
2009-06-09,146.593173607694
2009-06-10,146.600028936066
2009-06-11,147.646913085121
2009-06-12,148.136230695811
2009-06-13,148.12925327878
2009-06-14,148.122276190394
2009-06-15,148.115299430639
2009-06-16,146.731527895659
2009-06-17,146.80829815922
2009-06-18,146.946494687587
2009-06-19,147.80737638718
2009-06-20,147.800414459632
2009-06-21,147.793452860001
2009-06-22,146.353995173007
2009-06-23,147.936218741178
2009-06-24,148.288476323836
2009-06-25,148.801321144965
2009-06-26,149.499002141851
2009-06-27,149.49196053644
2009-06-28,149.484919262697
2009-06-29,148.932449415387
2009-06-30,148.790294122301
2009-07-01,149.828904444374
2009-07-02,148.948479803117
2009-07-03,148.945239491025
2009-07-04,148.906237510284
2009-07-05,148.867245742387
2009-07-06,148.167568682539
2009-07-07,147.967854338008
2009-07-08,146.503208641654
2009-07-09,146.464846117672
2009-07-10,146.426493639089
2009-07-11,146.388151203276
2009-07-12,146.349818807602
2009-07-13,147.585531385151
2009-07-14,147.478707634022
2009-07-15,149.259514877475
2009-07-16,149.321486141395
2009-07-17,149.684244736948
2009-07-18,149.645049244361
2009-07-19,149.605864015289
2009-07-20,150.485639446422
2009-07-21,150.191203974274
2009-07-22,150.558958429945
2009-07-23,150.642258769756
2009-07-24,150.59847421214
2009-07-25,150.559039324453
2009-07-26,150.519614762968
2009-07-27,150.743347852534
2009-07-28,150.571772855426
2009-07-29,149.884808740288
2009-07-30,151.049333426593
2009-07-31,152.006622292926
2009-08-01,151.934256706856
2009-08-02,151.861925571773
2009-08-03,153.033439238478
2009-08-04,152.848660545349
2009-08-05,153.326436563801
2009-08-06,152.457305325569
2009-08-07,152.255578969503
2009-08-08,152.183094862967
2009-08-09,152.110645263841
2009-08-10,151.096896513235
2009-08-11,151.379406972199
2009-08-12,151.862753486532
2009-08-13,152.218253416432
2009-08-14,151.463922424374
2009-08-15,151.391815200694
2009-08-16,151.319742305001
2009-08-17,151.247703720954
2009-08-18,151.142602926899
2009-08-19,152.15403034145
2009-08-20,151.970341793279
2009-08-21,152.412057069328
2009-08-22,152.339498468476
2009-08-23,152.266974410498
2009-08-24,151.918949893489
2009-08-25,151.330521985801
2009-08-26,150.555654413329
2009-08-27,150.439084771777
2009-08-28,150.667784281411
2009-08-29,150.596056074134
2009-08-30,150.524362014407
2009-08-31,150.187379092809
2009-09-01,148.755466022653
2009-09-02,149.267482840376
2009-09-03,149.804746057021
2009-09-04,150.817383397233
2009-09-05,150.739601964148
2009-09-06,150.66186064548
2009-09-07,150.672489234752
2009-09-08,151.635751075033
2009-09-09,151.327314563568
2009-09-10,152.097006367829
2009-09-11,151.987008930613
2009-09-12,151.908624283575
2009-09-13,151.83028006205
2009-09-14,151.359141122737
2009-09-15,151.400282884082
2009-09-16,151.6215810892
2009-09-17,151.397833085894
2009-09-18,151.680296206303
2009-09-19,151.602069740998
2009-09-20,151.523883619628
2009-09-21,150.892778046786
2009-09-22,151.719692334844
2009-09-23,152.100736049044
2009-09-24,150.795707082245
2009-09-25,151.12368986562
2009-09-26,151.045750460321
2009-09-27,150.96785125091
2009-09-28,151.048793727041
2009-09-29,150.981573663152
2009-09-30,151.710308516776
2009-10-01,150.690736478692
2009-10-02,151.223840085926
2009-10-03,151.147037365477
2009-10-04,151.070273651167
2009-10-05,151.243048718772
2009-10-06,151.519312246435
2009-10-07,151.307590857275
2009-10-08,152.184616847848
2009-10-09,151.723126704714
2009-10-10,151.646070409363
2009-10-11,151.569053248933
2009-10-12,151.492075203549
2009-10-13,151.840035705481
2009-10-14,152.946352733453
2009-10-15,152.713850233806
2009-10-16,152.534220003109
2009-10-17,152.456751774217
2009-10-18,152.379322889457
2009-10-19,152.509082218396
2009-10-20,151.093691618758
2009-10-21,152.230885491474
2009-10-22,152.273719264784
2009-10-23,152.200121102011
2009-10-24,152.122822553405
2009-10-25,152.045563262756
2009-10-26,151.05065431289
2009-10-27,150.576798298944
2009-10-28,149.902434884039
2009-10-29,150.958452293404
2009-10-30,149.761445493126
2009-10-31,149.685385485487
2009-11-01,149.640245070788
2009-11-02,149.505273613543
2009-11-03,149.677835169624
2009-11-04,150.530791161683
2009-11-05,150.708536225434
2009-11-06,150.663087260582
2009-11-07,150.617652001711
2009-11-08,150.572230444688
2009-11-09,151.872603136712
2009-11-10,151.315963231015
2009-11-11,151.203691580879
2009-11-12,150.364869325432
2009-11-13,151.192150978028
2009-11-14,151.146556170144
2009-11-15,151.100975112222
2009-11-16,151.633538092203
2009-11-17,150.973187237444
2009-11-18,151.255301134787
2009-11-19,150.073179797199
2009-11-20,149.608246111806
2009-11-21,149.563128959921
2009-11-22,149.518025413954
2009-11-23,150.195170745752
2009-11-24,150.033196298574
2009-11-25,150.802740153522
2009-11-26,150.809484021629
2009-11-27,149.915116327455
2009-11-28,149.869906633144
2009-11-29,149.824710572658
2009-11-30,149.585172736061
2009-12-01,150.765271742422
2009-12-02,150.433527093066
2009-12-03,150.934443053368
2009-12-04,149.584295094297
2009-12-05,149.451884815729
2009-12-06,149.3195917452
2009-12-07,148.936727942212
2009-12-08,148.804890882557
2009-12-09,146.616879890134
2009-12-10,146.82003825999
2009-12-11,147.00180507644
2009-12-12,146.871680788005
2009-12-13,146.741671684077
2009-12-14,147.325943800637
2009-12-15,146.654045032447
2009-12-16,146.552231482088
2009-12-17,144.930118504592
2009-12-18,144.793398051813
2009-12-19,144.665228619596
2009-12-20,144.53717264147
2009-12-21,144.120712629716
2009-12-22,143.543614954457
2009-12-23,144.15079382763
2009-12-24,143.837332763031
2009-12-25,143.710009628689
2009-12-26,143.582799199306
2009-12-27,143.455701375115
2009-12-28,144.236583348495
2009-12-29,144.913921456455
2009-12-30,143.743396806408
2009-12-31,143.615360659973
2010-01-01,143.530946556489
2010-01-02,143.44658206985
2010-01-03,143.36226717089
2010-01-04,144.161888259986
2010-01-05,143.846302888061
2010-01-06,144.3050378957
2010-01-07,143.154587926634
2010-01-08,143.799819647224
2010-01-09,143.715297122609
2010-01-10,143.630824278564
2010-01-11,143.570359093014
2010-01-12,143.248719536204
2010-01-13,142.796127874826
2010-01-14,142.586541668343
2010-01-15,142.084720908974
2010-01-16,142.001206483504
2010-01-17,141.917741146065
2010-01-18,141.913786148161
2010-01-19,141.710781088086
2010-01-20,140.652605995266
2010-01-21,140.276368633284
2010-01-22,139.768169828436
2010-01-23,139.686017023211
2010-01-24,139.603912505687
2010-01-25,139.31972068533
2010-01-26,139.04797390706
2010-01-27,137.861669893408
2010-01-28,137.522475096176
2010-01-29,137.363073315072
2010-01-30,137.282334175245
2010-01-31,137.201642492195
2010-02-01,137.73386117212
2010-02-02,138.476031985042
2010-02-03,137.60074212306
2010-02-04,136.226900941084
2010-02-05,135.686586913516
2010-02-06,135.512797449136
2010-02-07,135.33923057697
2010-02-08,135.609242982826
2010-02-09,136.431646529416
2010-02-10,136.237921554332
2010-02-11,136.052238735053
2010-02-12,135.727127535572
2010-02-13,135.55328614614
2010-02-14,135.37966741543
2010-02-15,135.485747116975
2010-02-16,135.685003906736
2010-02-17,135.716707698677
2010-02-18,135.703927684458
2010-02-19,135.946288639928
2010-02-20,135.772166545588
2010-02-21,135.5982674695
2010-02-22,135.657156859653
2010-02-23,134.643519831781
2010-02-24,134.697980966325
2010-02-25,134.042847572999
2010-02-26,134.974755581923
2010-02-27,134.801877842045
2010-02-28,134.62922152663
2010-03-01,134.525392509539
2010-03-02,134.982212104754
2010-03-03,135.306984787776
2010-03-04,134.670682822365
2010-03-05,135.15730043786
2010-03-06,135.056723453031
2010-03-07,134.956221312326
2010-03-08,134.596028161703
2010-03-09,134.813826310044
2010-03-10,134.765529656982
2010-03-11,134.735780832671
2010-03-12,135.169609654622
2010-03-13,135.069023509917
2010-03-14,134.968512216154
2010-03-15,134.734345672765
2010-03-16,134.584376806885
2010-03-17,134.800889437701
2010-03-18,133.727352141336
2010-03-19,133.066587046021
2010-03-20,132.967565860607
2010-03-21,132.868618361574
2010-03-22,132.684410627746
2010-03-23,132.937441547365
2010-03-24,132.838516465268
2010-03-25,131.639788223199
2010-03-26,131.188346372316
2010-03-27,131.090722875249
2010-03-28,130.993172024476
2010-03-29,131.962705525529
2010-03-30,132.157423111975
2010-03-31,132.963518421985
2010-04-01,132.919489875432
2010-04-02,132.875475908164
2010-04-03,132.831476515352
2010-04-04,132.787491692171
2010-04-05,133.345930684526
2010-04-06,133.139125786815
2010-04-07,132.752134034408
2010-04-08,132.422158900094
2010-04-09,132.778365537409
2010-04-10,132.734398301
2010-04-11,132.690445623574
2010-04-12,133.396792825775
2010-04-13,133.418919991622
2010-04-14,133.744910615781
2010-04-15,133.581051967787
2010-04-16,132.40985816478
2010-04-17,132.36601295315
2010-04-18,132.322182260097
2010-04-19,132.26145744219
2010-04-20,132.49584883285
2010-04-21,132.47784109999
2010-04-22,131.91158571079
2010-04-23,131.980681431823
2010-04-24,131.936978334572
2010-04-25,131.893289708838
2010-04-26,132.342540016115
2010-04-27,131.554426865898
2010-04-28,131.568991319862
2010-04-29,132.748113367372
2010-04-30,132.848058711061
2010-05-01,132.79174012139
2010-05-02,132.735535069612
2010-05-03,132.453058719183
2010-05-04,131.399574207949
2010-05-05,130.145466019788
2010-05-06,127.452674281559
2010-05-07,128.093700237182
2010-05-08,128.039483664317
2010-05-09,127.985290039003
2010-05-10,129.744669010474
2010-05-11,129.82021596772
2010-05-12,129.600706388342
2010-05-13,129.469832867034
2010-05-14,128.00800146137
2010-05-15,127.953821161123
2010-05-16,127.899663793075
2010-05-17,127.315218978218
2010-05-18,127.483406669653
2010-05-19,126.72048390725
2010-05-20,125.854699372366
2010-05-21,126.537405713713
2010-05-22,126.483847853612
2010-05-23,126.430312662258
2010-05-24,126.376800130056
2010-05-25,126.323310247415
2010-05-26,125.975726813138
2010-05-27,127.168519926432
2010-05-28,126.970034512572
2010-05-29,126.916293539245
2010-05-30,126.862575312168
2010-05-31,127.343849675932
2010-06-01,127.075137604069
2010-06-02,126.371623331546
2010-06-03,126.583078399356
2010-06-04,125.28023032693
2010-06-05,125.23519629278
2010-06-06,125.190178446853
2010-06-07,124.394556007614
2010-06-08,124.257612413055
2010-06-09,125.106777490818
2010-06-10,126.151420892159
2010-06-11,126.051224832898
2010-06-12,126.005913652124
2010-06-13,125.960618759197
2010-06-14,126.478019249849
2010-06-15,127.387934907352
2010-06-16,127.535527896951
2010-06-17,127.76043909298
2010-06-18,127.803614457379
2010-06-19,127.757673351404
2010-06-20,127.711748759714
2010-06-21,127.665840676372
2010-06-22,127.758126321465
2010-06-23,126.716360374373
2010-06-24,127.425684977272
2010-06-25,127.590980903782
2010-06-26,127.545116232427
2010-06-27,127.499268047881
2010-06-28,127.175389206657
2010-06-29,126.133523188723
2010-06-30,126.579508155739
2010-07-01,127.058850204798
2010-07-02,127.644541375623
2010-07-03,127.595341661409
2010-07-04,127.546160910888
2010-07-05,127.547725623237
2010-07-06,127.837552323305
2010-07-07,128.218119014923
2010-07-08,128.070218760503
2010-07-09,128.020854971856
2010-07-10,127.971510210144
2010-07-11,127.922184468032
2010-07-12,127.829936872721
2010-07-13,128.251229507351
2010-07-14,128.125461665526
2010-07-15,128.139941216143
2010-07-16,127.88950221597
2010-07-17,127.840208083278
2010-07-18,127.790932950672
2010-07-19,127.508029090859
2010-07-20,127.940941030877
2010-07-21,127.715648961545
2010-07-22,128.242827083995
2010-07-23,128.124638219168
2010-07-24,128.075253454914
2010-07-25,128.025887725679
2010-07-26,128.210721554145
2010-07-27,128.02309700357
2010-07-28,128.158939589547
2010-07-29,128.406854235647
2010-07-30,128.580871823942
2010-07-31,128.53131120757
2010-08-01,128.499396363504
2010-08-02,129.086797764373
2010-08-03,128.769512242913
2010-08-04,128.513379244297
2010-08-05,128.769078422571
2010-08-06,128.721875628284
2010-08-07,128.689913466303
2010-08-08,128.657959240656
2010-08-09,128.818144280948
2010-08-10,128.151677757595
2010-08-11,127.436489886532
2010-08-12,127.154791183035
2010-08-13,127.12916368907
2010-08-14,127.097597003901
2010-08-15,127.066038156867
2010-08-16,127.034487146023
2010-08-17,127.987680075976
2010-08-18,128.009625934534
2010-08-19,127.435747754733
2010-08-20,127.265943640165
2010-08-21,127.234342991981
2010-08-22,127.202750190366
2010-08-23,126.983168048506
2010-08-24,126.939721464964
2010-08-25,126.946612043943
2010-08-26,127.174146924253
2010-08-27,127.444697154841
2010-08-28,127.413052121436
2010-08-29,127.381414945622
2010-08-30,127.135048462923
2010-08-31,127.302008551159
2010-09-01,127.924002718137
2010-09-02,128.023997990775
2010-09-03,128.381713994379
2010-09-04,128.316913878894
2010-09-05,128.252146470987
2010-09-06,128.109885874438
2010-09-07,127.677202206106
2010-09-08,127.903940822006
2010-09-09,127.678544688797
2010-09-10,127.873781507858
2010-09-11,127.809237769102
2010-09-12,127.744726608518
2010-09-13,128.250317656267
2010-09-14,128.956767157006
2010-09-15,128.406892575199
2010-09-16,128.547219155753
2010-09-17,128.584720932172
2010-09-18,128.519818349812
2010-09-19,128.45494852675
2010-09-20,128.182816041051
2010-09-21,128.34574226831
2010-09-22,129.127009900428
2010-09-23,129.224414575102
2010-09-24,129.917425723241
2010-09-25,129.851850463896
2010-09-26,129.78630830338
2010-09-27,130.196379247279
2010-09-28,130.476435272782
2010-09-29,130.298488230135
2010-09-30,130.34726056558
2010-10-01,131.075452941309
2010-10-02,130.957224083982
2010-10-03,130.839101868
2010-10-04,130.22297204698
2010-10-05,130.944252017059
2010-10-06,130.809857842048
2010-10-07,130.470473533146
2010-10-08,130.823895365235
2010-10-09,130.705893410536
2010-10-10,130.587997892519
2010-10-11,130.470208715178
2010-10-12,130.300939179235
2010-10-13,130.860147123296
2010-10-14,130.662089752856
2010-10-15,130.470897723581
2010-10-16,130.353214169519
2010-10-17,130.235636764945
2010-10-18,130.031485412142
2010-10-19,128.846237462305
2010-10-20,129.530579175112
2010-10-21,128.522893663687
2010-10-22,128.164102665038
2010-10-23,128.048499818979
2010-10-24,127.933001245628
2010-10-25,127.971741219806
2010-10-26,127.580651933619
2010-10-27,127.465575354773
2010-10-28,127.237484774502
2010-10-29,127.506028266705
2010-10-30,127.391018997722
2010-10-31,127.276113466046
2010-11-01,127.071480526521
2010-11-02,127.714136540113
2010-11-03,127.477419157842
2010-11-04,128.625306936048
2010-11-05,128.355521439095
2010-11-06,128.296304090217
2010-11-07,128.237114061506
2010-11-08,127.391380713908
2010-11-09,127.270770407618
2010-11-10,126.483763342154
2010-11-11,126.193366428939
2010-11-12,125.951450680169
2010-11-13,125.893342459244
2010-11-14,125.835261046786
2010-11-15,125.803866779991
2010-11-16,124.922905925664
2010-11-17,125.386687844938
2010-11-18,125.892980429575
2010-11-19,125.759931611486
2010-11-20,125.701911748672
2010-11-21,125.643918653562
2010-11-22,125.585952313806
2010-11-23,124.48238938419
2010-11-24,124.744750169441
2010-11-25,124.797859325022
2010-11-26,124.263939870187
2010-11-27,124.20661018933
2010-11-28,124.149306957758
2010-11-29,123.993464475078
2010-11-30,124.235569238861
2010-12-01,124.503042092428
2010-12-02,124.734314411566
2010-12-03,125.567823621636
2010-12-04,125.526453605036
2010-12-05,125.485097218348
2010-12-06,125.457021715796
2010-12-07,125.461562368517
2010-12-08,125.420227361123
2010-12-09,124.303766678683
2010-12-10,124.127831798821
2010-12-11,124.086936206989
2010-12-12,124.046054088763
2010-12-13,124.683899377387
2010-12-14,125.010937076524
2010-12-15,124.402720234929
2010-12-16,124.258739898497
2010-12-17,123.656204928104
2010-12-18,123.615464720119
2010-12-19,123.574737934547
2010-12-20,123.664116043684
2010-12-21,123.976772099006
2010-12-22,123.926103393256
2010-12-23,124.092213959337
2010-12-24,124.051330102284
2010-12-25,124.010459714971
2010-12-26,123.969602792958
2010-12-27,124.363543157588
2010-12-28,124.299854464447
2010-12-29,124.652093347236
2010-12-30,125.208670079427
2010-12-31,125.460662453344
2011-01-01,125.43726910202
2011-01-02,125.413880112612
2011-01-03,125.713634262442
2011-01-04,124.873627726778
2011-01-05,123.999026148067
2011-01-06,123.351438206629
2011-01-07,123.262404807987
2011-01-08,123.239421343016
2011-01-09,123.216442163534
2011-01-10,123.173716805525
2011-01-11,123.293583228894
2011-01-12,123.928082206447
2011-01-13,124.690570413098
2011-01-14,124.247340091901
2011-01-15,124.22417297624
2011-01-16,124.201010180313
2011-01-17,124.221452452461
2011-01-18,124.602967828462
2011-01-19,124.917689410061
2011-01-20,124.817317184408
2011-01-21,125.057153181886
2011-01-22,125.03383506876
2011-01-23,125.010521303521
2011-01-24,125.225343168287
2011-01-25,125.338540886697
2011-01-26,125.481187274786
2011-01-27,125.45151154138
2011-01-28,125.256981690791
2011-01-29,125.233626317711
2011-01-30,125.210275299465
2011-01-31,125.875082882084
2011-02-01,126.644963895565
2011-02-02,126.682881863745
2011-02-03,126.279884107973
2011-02-04,125.99931415741
2011-02-05,125.98754131641
2011-02-06,125.975769575415
2011-02-07,125.927110951385
2011-02-08,126.435159162283
2011-02-09,126.577260305457
2011-02-10,126.217225434157
2011-02-11,126.12498198688
2011-02-12,126.113197404012
2011-02-13,126.101413922245
2011-02-14,126.098734076764
2011-02-15,126.103047584803
2011-02-16,126.059759804678
2011-02-17,126.542495695678
2011-02-18,126.760833737078
2011-02-19,126.748989742922
2011-02-20,126.737146855418
2011-02-21,126.707205449306
2011-02-22,126.502900358274
2011-02-23,126.539900902004
2011-02-24,126.894444568375
2011-02-25,126.962514209468
2011-02-26,126.950651371145
2011-02-27,126.938789641234
2011-02-28,127.089103358464
2011-03-01,127.025968075389
2011-03-02,127.162399305153
2011-03-03,127.309574959549
2011-03-04,127.690706014469
2011-03-05,127.605725190833
2011-03-06,127.520800923704
2011-03-07,127.435933175443
2011-03-08,127.351121908435
2011-03-09,126.891059681153
2011-03-10,126.267808348585
2011-03-11,126.174615907036
2011-03-12,126.090644072934
2011-03-13,126.006728123836
2011-03-14,126.207245708648
2011-03-15,126.128549863439
2011-03-16,126.04801992286
2011-03-17,125.648186283038
2011-03-18,126.326958503724
2011-03-19,126.242885282452
2011-03-20,126.158868013659
2011-03-21,126.523609644549
2011-03-22,126.410748816346
2011-03-23,126.278783655822
2011-03-24,126.194742495914
2011-03-25,126.110757267149
2011-03-26,126.026827932301
2011-03-27,125.942954454174
2011-03-28,125.768906865026
2011-03-29,125.964538301164
2011-03-30,126.688760191013
2011-03-31,127.141179659889
2011-04-01,127.435807422376
2011-04-02,127.34874388972
2011-04-03,127.261739838451
2011-04-04,127.156858271376
2011-04-05,127.329221373623
2011-04-06,127.37011681211
2011-04-07,128.008889605897
2011-04-08,128.593595581199
2011-04-09,128.505741053223
2011-04-10,128.41794654704
2011-04-11,128.075525022327
2011-04-12,127.926663256741
2011-04-13,127.783234952681
2011-04-14,128.468848799027
2011-04-15,128.613870646771
2011-04-16,128.526002266967
2011-04-17,128.43819391842
2011-04-18,127.610583735977
2011-04-19,128.25096048916
2011-04-20,128.640010017545
2011-04-21,128.552123779449
2011-04-22,128.464297584809
2011-04-23,128.376531392604
2011-04-24,128.288825161841
2011-04-25,128.567863475885
2011-04-26,128.993034747685
2011-04-27,129.135199965734
2011-04-28,128.530900541436
2011-04-29,129.134508810143
2011-04-30,129.046284732842
2011-05-01,128.98934837183
2011-05-02,128.82856970875
2011-05-03,128.100914613598
2011-05-04,127.699312692841
2011-05-05,126.502921803175
2011-05-06,126.546086030679
2011-05-07,126.490272626663
2011-05-08,126.43448383926
2011-05-09,126.165115502483
2011-05-10,126.360023007007
2011-05-11,125.543395482322
2011-05-12,125.682164459763
2011-05-13,124.850665727535
2011-05-14,124.795600092031
2011-05-15,124.740558743335
2011-05-16,124.912145699471
2011-05-17,125.058165391603
2011-05-18,125.51570687644
2011-05-19,125.563017687502
2011-05-20,125.470717579577
2011-05-21,125.415378468965
2011-05-22,125.360063765778
2011-05-23,124.167795295234
2011-05-24,124.383598692552
2011-05-25,124.328739057896
2011-05-26,124.689233005053
2011-05-27,125.625273029416
2011-05-28,125.569865751814
2011-05-29,125.514482911702
2011-05-30,125.623198594332
2011-05-31,126.298466078502
2011-06-01,126.082349066899
2011-06-02,126.485556968899
2011-06-03,126.864368744632
2011-06-04,126.807099659787
2011-06-05,126.74985642734
2011-06-06,126.345737715013
2011-06-07,126.662052741651
2011-06-08,126.222608320057
2011-06-09,125.947842488803
2011-06-10,125.061559388716
2011-06-11,125.005104127666
2011-06-12,124.948674351637
2011-06-13,125.397016095418
2011-06-14,125.758180068167
2011-06-15,124.477668652721
2011-06-16,123.957507741442
2011-06-17,124.629850643693
2011-06-18,124.573590264507
2011-06-19,124.51735528237
2011-06-20,124.461145685815
2011-06-21,125.077006415601
2011-06-22,125.144880054232
2011-06-23,124.430348924326
2011-06-24,124.148626742873
2011-06-25,124.092583597673
2011-06-26,124.036565751457
2011-06-27,124.224454011155
2011-06-28,124.959481721831
2011-06-29,125.64265501481
2011-06-30,126.135955429173
2011-07-01,126.256061884136
2011-07-02,126.19933170806
2011-07-03,126.142627022347
2011-07-04,126.278374401281
2011-07-05,125.973696625608
2011-07-06,125.579916904671
2011-07-07,125.964231284652
2011-07-08,125.489326181362
2011-07-09,125.432940519845
2011-07-10,125.376580193891
2011-07-11,124.365583633277
2011-07-12,124.389588884035
2011-07-13,124.791895261457
2011-07-14,124.868133302758
2011-07-15,124.777058447818
2011-07-16,124.720992826965
2011-07-17,124.664952397873
2011-07-18,124.422301400303
2011-07-19,125.279263292948
2011-07-20,125.470093165876
2011-07-21,126.133958417106
2011-07-22,126.124637578456
2011-07-23,126.067966454784
2011-07-24,126.011320794942
2011-07-25,126.25447908323
2011-07-26,126.771927022981
2011-07-27,125.501311792117
2011-07-28,125.511293000341
2011-07-29,126.038554484617
2011-07-30,125.981922040348
2011-07-31,125.925315042529
2011-08-01,125.381176417333
2011-08-02,125.036884759246
2011-08-03,125.481088588766
2011-08-04,124.294062001383
2011-08-05,124.362752954168
2011-08-06,124.283526556187
2011-08-07,124.204350630088
2011-08-08,123.091968690542
2011-08-09,122.34000008281
2011-08-10,122.912098202323
2011-08-11,122.250476102112
2011-08-12,122.842472830832
2011-08-13,122.764214940827
2011-08-14,122.686006905706
2011-08-15,123.624827887508
2011-08-16,123.66440599653
2011-08-17,124.050402743217
2011-08-18,123.034541890021
2011-08-19,123.548322257671
2011-08-20,123.46961470001
2011-08-21,123.390957283698
2011-08-22,123.312349976793
2011-08-23,123.308343112687
2011-08-24,123.148041188091
2011-08-25,122.957257706499
2011-08-26,123.186168365856
2011-08-27,123.107691521553
2011-08-28,123.029264671621
2011-08-29,123.286254473991
2011-08-30,123.566332651286
2011-08-31,123.522785155243
2011-09-01,123.551423034151
2011-09-02,121.633059570514
2011-09-03,121.562639039432
2011-09-04,121.492259278938
2011-09-05,121.202646094507
2011-09-06,120.460780328507
2011-09-07,120.515659300285
2011-09-08,120.018432796337
2011-09-09,118.804472599391
2011-09-10,118.735689703649
2011-09-11,118.666946630369
2011-09-12,117.414491587295
2011-09-13,117.647697831936
2011-09-14,117.211379945346
2011-09-15,117.754121907742
2011-09-16,117.334950475468
2011-09-17,117.267018372501
2011-09-18,117.199125599424
2011-09-19,114.827271867989
2011-09-20,114.207810491132
2011-09-21,113.025334019248
2011-09-22,111.140259080071
2011-09-23,112.248810570159
2011-09-24,112.183823132686
2011-09-25,112.118873320261
2011-09-26,111.91178226794
2011-09-27,113.555813678248
2011-09-28,112.501372530814
2011-09-29,112.40831692718
2011-09-30,111.06506231893
2011-10-01,111.030148565819
2011-10-02,110.995066455862
2011-10-03,109.843027371071
2011-10-04,109.898743960782
2011-10-05,111.639718918257
2011-10-06,112.990534422187
2011-10-07,113.258099476807
2011-10-08,113.222313402929
2011-10-09,113.186538636348
2011-10-10,113.150775173493
2011-10-11,114.212342662242
2011-10-12,114.170030555815
2011-10-13,114.618531942052
2011-10-14,115.34351603223
2011-10-15,115.3070710309
2011-10-16,115.270637545068
2011-10-17,112.618639011254
2011-10-18,114.256544602042
2011-10-19,114.421092803599
2011-10-20,113.632737780053
2011-10-21,114.085170578139
2011-10-22,114.049123175245
2011-10-23,114.013087162222
2011-10-24,115.131023307398
2011-10-25,114.783239874563
2011-10-26,114.845861751016
2011-10-27,117.121091221057
2011-10-28,117.717352324968
2011-10-29,117.680157264425
2011-10-30,117.642973956376
2011-10-31,116.799287580579
2011-11-01,115.020927643885
2011-11-02,114.994608537232
2011-11-03,115.453364273785
2011-11-04,115.376285880282
2011-11-05,115.331795319018
2011-11-06,115.28732191388
2011-11-07,114.934297380916
2011-11-08,115.21852113942
2011-11-09,114.323846213448
2011-11-10,114.247615585454
2011-11-11,115.267618091182
2011-11-12,115.223169433598
2011-11-13,115.178737915981
2011-11-14,114.378849279298
2011-11-15,113.736347809678
2011-11-16,113.37860818808
2011-11-17,112.878288705086
2011-11-18,112.811753675166
2011-11-19,112.768252030093
2011-11-20,112.724767159807
2011-11-21,111.861854509206
2011-11-22,112.034105560691
2011-11-23,110.382304297989
2011-11-24,109.689073784383
2011-11-25,109.312286801844
2011-11-26,109.270134595645
2011-11-27,109.227998643872
2011-11-28,109.185878940258
2011-11-29,110.81684480077
2011-11-30,112.153205883575
2011-12-01,112.237577707156
2011-12-02,112.447378481862
2011-12-03,112.396985420615
2011-12-04,112.346614942916
2011-12-05,112.779109269382
2011-12-06,112.157675230125
2011-12-07,112.25787971922
2011-12-08,112.207571581454
2011-12-09,112.157285989177
2011-12-10,112.107022932284
2011-12-11,112.056782400677
2011-12-12,110.360090033814
2011-12-13,109.648941979821
2011-12-14,108.887799038383
2011-12-15,109.305399413499
2011-12-16,109.586704480589
2011-12-17,109.537593424509
2011-12-18,109.488504377448
2011-12-19,109.241951598075
2011-12-20,109.946148502232
2011-12-21,109.596760951145
2011-12-22,109.686257927362
2011-12-23,109.356045745194
2011-12-24,109.307038058351
2011-12-25,109.258052334203
2011-12-26,109.209088562906
2011-12-27,109.353567897645
2011-12-28,108.720222351493
2011-12-29,109.002152234644
2011-12-30,109.128535112861
2011-12-31,109.079629384441
2012-01-01,109.05337569108
2012-01-02,109.027128316557
2012-01-03,110.115056501218
2012-01-04,110.199035847381
2012-01-05,109.572624895895
2012-01-06,109.228898467097
2012-01-07,109.202608847096
2012-01-08,109.176325554578
2012-01-09,109.332998037668
2012-01-10,110.394024728797
2012-01-11,110.156743835357
2012-01-12,110.971393354008
2012-01-13,110.43930271166
2012-01-14,110.412721767035
2012-01-15,110.386147220012
2012-01-16,110.718253617921
2012-01-17,111.002468268693
2012-01-18,111.635092116032
2012-01-19,111.698377070241
2012-01-20,111.98939081426
2012-01-21,111.962436788631
2012-01-22,111.935489250398
2012-01-23,112.36900886379
2012-01-24,112.40454293779
2012-01-25,112.482343072626
2012-01-26,113.244468886099
2012-01-27,113.213115425914
2012-01-28,113.185866869666
2012-01-29,113.158624871703
2012-01-30,112.796942512114
2012-01-31,112.722108037158
2012-02-01,113.347346011916
2012-02-02,113.62104892474
2012-02-03,113.784911435406
2012-02-04,113.751552167538
2012-02-05,113.718202679884
2012-02-06,113.498593024492
2012-02-07,113.851913921544
2012-02-08,114.057945655468
2012-02-09,114.123730984676
2012-02-10,113.615726239173
2012-02-11,113.582416572735
2012-02-12,113.549116671969
2012-02-13,113.810481564356
2012-02-14,113.501902539775
2012-02-15,113.371082853565
2012-02-16,113.448520857426
2012-02-17,113.747914529835
2012-02-18,113.714566108657
2012-02-19,113.681227464513
2012-02-20,113.647898594536
2012-02-21,113.614579495861
2012-02-22,113.897733423506
2012-02-23,113.950615439008
2012-02-24,114.389632029857
2012-02-25,114.356095471028
2012-02-26,114.322568744391
2012-02-27,114.289051847063
2012-02-28,114.379796127472
2012-02-29,113.884336396538
2012-03-01,113.42826922605
2012-03-02,112.456268496222
2012-03-03,112.344433450808
2012-03-04,112.232709622648
2012-03-05,111.839534777761
2012-03-06,110.833973144986
2012-03-07,110.627706628916
2012-03-08,110.791956326189
2012-03-09,110.309344373035
2012-03-10,110.199644391856
2012-03-11,110.090053504661
2012-03-12,109.313469568472
2012-03-13,109.723971986479
2012-03-14,109.036443759872
2012-03-15,109.356631590642
2012-03-16,109.625518124843
2012-03-17,109.516498192367
2012-03-18,109.407586677583
2012-03-19,109.448390215819
2012-03-20,109.004635743474
2012-03-21,108.809574917479
2012-03-22,108.543021995228
2012-03-23,108.870593523236
2012-03-24,108.762324345059
2012-03-25,108.654162837967
2012-03-26,108.805755326271
2012-03-27,108.773851751242
2012-03-28,108.299474985847
2012-03-29,108.10804953061
2012-03-30,108.371549917105
2012-03-31,108.263777025752
2012-04-01,108.205794648468
2012-04-02,108.147843324562
2012-04-03,108.17214315916
2012-04-04,107.809828193209
2012-04-05,107.752088935398
2012-04-06,107.694380600759
2012-04-07,107.636703172731
2012-04-08,107.579056634762
2012-04-09,107.50550247611
2012-04-10,107.111584766481
2012-04-11,107.200227563498
2012-04-12,107.63903812308
2012-04-13,107.068648532052
2012-04-14,107.011306224726
2012-04-15,106.953994627979
2012-04-16,106.931360102887
2012-04-17,106.791198833182
2012-04-18,106.071202500177
2012-04-19,105.865651014984
2012-04-20,106.509150604797
2012-04-21,106.452107945431
2012-04-22,106.395095836162
2012-04-23,105.740378449482
2012-04-24,106.136231959488
2012-04-25,106.006235325951
2012-04-26,106.042414619473
2012-04-27,106.241705354915
2012-04-28,106.18480593008
2012-04-29,106.127936978631
2012-04-30,106.071098484249
2012-05-01,106.011644396424
2012-05-02,105.212187236605
2012-05-03,105.052955888295
2012-05-04,104.962045086786
2012-05-05,104.903211653952
2012-05-06,104.844411198494
2012-05-07,104.934102787474
2012-05-08,104.479467728445
2012-05-09,103.930944948955
2012-05-10,103.897205683201
2012-05-11,103.757849708079
2012-05-12,103.69969125207
2012-05-13,103.641565395098
2012-05-14,102.67306799175
2012-05-15,102.185598235401
2012-05-16,102.012053214579
2012-05-17,102.172964631127
2012-05-18,101.41246176389
2012-05-19,101.355617947129
2012-05-20,101.298805992523
2012-05-21,101.362029977036
2012-05-22,101.124494925573
2012-05-23,100.715790281452
2012-05-24,100.637360917446
2012-05-25,100.580951561004
2012-05-26,100.524573823193
2012-05-27,100.468227686289
2012-05-28,101.752033359658
2012-05-29,101.13198416361
2012-05-30,100.397142804083
2012-05-31,100.24824028104
2012-06-01,99.827798895116
2012-06-02,99.783352594134
2012-06-03,99.738926081965
2012-06-04,99.874663959193
2012-06-05,100.281593580523
2012-06-06,100.924041309272
2012-06-07,100.615723732089
2012-06-08,100.369216543018
2012-06-09,100.324529186818
2012-06-10,100.279861726757
2012-06-11,99.981362855457
2012-06-12,99.718048465588
2012-06-13,99.823830713705
2012-06-14,99.725859691888
2012-06-15,100.43059066303
2012-06-16,103.194985114304
2012-06-17,103.14903964201
2012-06-18,99.863570077236
2012-06-19,100.812649558574
2012-06-20,100.767764772827
2012-06-21,100.00741047672
2012-06-22,99.861906509912
2012-06-23,99.817445023207
2012-06-24,99.773003332076
2012-06-25,99.443009419288
2012-06-26,99.407115547183
2012-06-27,99.160863606573
2012-06-28,98.943440996595
2012-06-29,101.074107842318
2012-06-30,101.029106647577
2012-07-01,100.985320775513
2012-07-02,101.281910092984
2012-07-03,101.114476040627
2012-07-04,100.396865315727
2012-07-05,100.466632016531
2012-07-06,99.823541411539
2012-07-07,99.780223290273
2012-07-08,99.736923966774
2012-07-09,99.693643432883
2012-07-10,99.831144637131
2012-07-11,99.82481951388
2012-07-12,99.593301961863
2012-07-13,99.915939039721
2012-07-14,99.872580822786
2012-07-15,99.829241421018
2012-07-16,99.867279411702
2012-07-17,100.120951019411
2012-07-18,100.308868023334
2012-07-19,100.377257712011
2012-07-20,100.055397107346
2012-07-21,100.011978373008
2012-07-22,99.968578480097
2012-07-23,99.61772050475
2012-07-24,99.253553863542
2012-07-25,99.55387289354
2012-07-26,100.200104549782
2012-07-27,100.485731217221
2012-07-28,100.442125740709
2012-07-29,100.39853918666
2012-07-30,100.069051381463
2012-07-31,100.078329843184
2012-08-01,100.155152260646
2012-08-02,99.62009648058
2012-08-03,100.54979727851
2012-08-04,100.501470539092
2012-08-05,100.453167026709
2012-08-06,100.53802318021
2012-08-07,100.675157073965
2012-08-08,100.678515635297
2012-08-09,100.678158558153
2012-08-10,100.625275104746
2012-08-11,100.576912088802
2012-08-12,100.52857231733
2012-08-13,100.419174213519
2012-08-14,100.346882218594
2012-08-15,100.353378056886
2012-08-16,100.475693651198
2012-08-17,100.539937603872
2012-08-18,100.491615603259
2012-08-19,100.443316827404
2012-08-20,100.395041265145
2012-08-21,100.680862944234
2012-08-22,100.587190435812
2012-08-23,100.604104852268
2012-08-24,100.70694803562
2012-08-25,100.65854576563
2012-08-26,100.610166758977
2012-08-27,100.459274432997
2012-08-28,100.286538633465
2012-08-29,100.06277047113
2012-08-30,100.033375647526
2012-08-31,100.606885494985
2012-09-01,100.562191142494
2012-09-02,100.517516645355
2012-09-03,100.632474357444
2012-09-04,100.434974418412
2012-09-05,100.517870141994
2012-09-06,100.852601237112
2012-09-07,101.340882425454
2012-09-08,101.295861996697
2012-09-09,101.250861568151
2012-09-10,101.276411132065
2012-09-11,101.524372343544
2012-09-12,101.555528374286
2012-09-13,101.800261505269
2012-09-14,102.364939714991
2012-09-15,102.319464351393
2012-09-16,102.274009190109
2012-09-17,101.994352302743
2012-09-18,101.932813901632
2012-09-19,102.094269172156
2012-09-20,101.832062401916
2012-09-21,101.988757784337
2012-09-22,101.943449538603
2012-09-23,101.898161420942
2012-09-24,101.852893422411
2012-09-25,101.789006028381
2012-09-26,101.469731365499
2012-09-27,101.635513415416
2012-09-28,101.67867375964
2012-09-29,101.633503267944
2012-09-30,101.588352843123
2012-10-01,101.746020177363
2012-10-02,101.662286042514
2012-10-03,101.689398078695
2012-10-04,102.064939910351
2012-10-05,101.957463615816
2012-10-06,101.914669475766
2012-10-07,101.871893297505
2012-10-08,101.829135073493
2012-10-09,101.477718469688
2012-10-10,101.404934516162
2012-10-11,101.641177745031
2012-10-12,101.661818201975
2012-10-13,101.619148151823
2012-10-14,101.576496011375
2012-10-15,101.759720253465
2012-10-16,101.975727347649
2012-10-17,102.191307837496
2012-10-18,102.198567065373
2012-10-19,102.012514724857
2012-10-20,101.969697478456
2012-10-21,101.926898203543
2012-10-22,102.007115048038
2012-10-23,101.749444039524
2012-10-24,101.85154989296
2012-10-25,101.904650246434
2012-10-26,101.766933364897
2012-10-27,101.724219195238
2012-10-28,101.681522953802
2012-10-29,101.570341183903
2012-10-30,101.804590579891
2012-10-31,101.854996452275
2012-11-01,101.824451077614
2012-11-02,101.551333986935
2012-11-03,101.489236107228
2012-11-04,101.427176199908
2012-11-05,101.181579796077
2012-11-06,101.119708018286
2012-11-07,101.112438848706
2012-11-08,100.985399412922
2012-11-09,100.829046699269
2012-11-10,100.767390492825
2012-11-11,100.70577198869
2012-11-12,100.624650408689
2012-11-13,100.13851130349
2012-11-14,100.278643205179
2012-11-15,100.38426682756
2012-11-16,100.195055286493
2012-11-17,100.133786761047
2012-11-18,100.072555700845
2012-11-19,100.35391276823
2012-11-20,100.322681815995
2012-11-21,100.222693770986
2012-11-22,100.373943377195
2012-11-23,100.641274569941
2012-11-24,100.579733184747
2012-11-25,100.518229431649
2012-11-26,100.456763287635
2012-11-27,100.500964674982
2012-11-28,100.427060195412
2012-11-29,100.316973233274
2012-11-30,99.972904272763
2012-12-01,99.940333684113
2012-12-02,99.907814186511
2012-12-03,100.123852160824
2012-12-04,100.432203227612
2012-12-05,100.712908415823
2012-12-06,100.966158693653
2012-12-07,100.908643011827
2012-12-08,100.875808436902
2012-12-09,100.84298454599
2012-12-10,100.93739945988
2012-12-11,101.164615555932
2012-12-12,101.439759041231
2012-12-13,101.262380353375
2012-12-14,101.446137796554
2012-12-15,101.413128326672
2012-12-16,101.380129597712
2012-12-17,101.267327392462
2012-12-18,101.55929925539
2012-12-19,102.015349657579
2012-12-20,102.18880483734
2012-12-21,101.78805947641
2012-12-22,101.754938748933
2012-12-23,101.721828798579
2012-12-24,101.688729621843
2012-12-25,101.65564121522
2012-12-26,102.096854970416
2012-12-27,102.203990319315
2012-12-28,102.323600113513
2012-12-29,102.290305126937
2012-12-30,102.257020974187
2012-12-31,102.213814761625
2013-01-01,102.16326495448
2013-01-02,102.36949537409
2013-01-03,102.422909909954
2013-01-04,102.175508496613
2013-01-05,102.124977633819
2013-01-06,102.074471761046
2013-01-07,102.36215373485
2013-01-08,102.081680392071
2013-01-09,102.152905404518
2013-01-10,102.663515933034
2013-01-11,102.725535593277
2013-01-12,102.67473271477
2013-01-13,102.62395496081
2013-01-14,102.818826466146
2013-01-15,102.622340971772
2013-01-16,102.286981212333
2013-01-17,102.488141677928
2013-01-18,102.273483097438
2013-01-19,102.222903781339
2013-01-20,102.172349479223
2013-01-21,102.28499644611
2013-01-22,102.191497117542
2013-01-23,102.432990990462
2013-01-24,102.531010687037
2013-01-25,102.567092923601
2013-01-26,102.516368402862
2013-01-27,102.465668967918
2013-01-28,103.039593701306
2013-01-29,103.460978240407
2013-01-30,103.575523634141
2013-01-31,103.52430039434
2013-02-01,103.796032282792
2013-02-02,103.760067252249
2013-02-03,103.724114683486
2013-02-04,103.29637645251
2013-02-05,103.503826605566
2013-02-06,103.391235888935
2013-02-07,103.630266638486
2013-02-08,103.521082876275
2013-02-09,103.48521311492
2013-02-10,103.449355782336
2013-02-11,103.413510874215
2013-02-12,103.377678386254
2013-02-13,103.763855803227
2013-02-14,103.652023501413
2013-02-15,103.642235334142
2013-02-16,103.606323593805
2013-02-17,103.570424296783
2013-02-18,103.683872150951
2013-02-19,103.890932505538
2013-02-20,103.854934592337
2013-02-21,103.219501187635
2013-02-22,103.326278892241
2013-02-23,103.290476629914
2013-02-24,103.254686772969
2013-02-25,103.290256485259
2013-02-26,102.793101890784
2013-02-27,103.088582424894
2013-02-28,103.174292693306
2013-03-01,102.91197669564
2013-03-02,102.849170889782
2013-03-03,102.786403413469
2013-03-04,102.778393079648
2013-03-05,103.102200098511
2013-03-06,103.048748705566
2013-03-07,103.293111429821
2013-03-08,103.312020364641
2013-03-09,103.248748623565
2013-03-10,103.185515632222
2013-03-11,103.25408855578
2013-03-12,103.200745509218
2013-03-13,103.024238492831
2013-03-14,103.115373457122
2013-03-15,103.120163947457
2013-03-16,103.057009705675
2013-03-17,102.993894141667
2013-03-18,102.703621185214
2013-03-19,102.540624117768
2013-03-20,102.536263660282
2013-03-21,102.215976327891
2013-03-22,102.372865278562
2013-03-23,102.310168707512
2013-03-24,102.247510533942
2013-03-25,102.194691525123
2013-03-26,102.170760716316
2013-03-27,101.997370420396
2013-03-28,101.934903814972
2013-03-29,101.872475466189
2013-03-30,101.810085350617
2013-03-31,101.747733444842
2013-04-01,101.692707013982
2013-04-02,101.637710342096
2013-04-03,101.652256252953
2013-04-04,102.026154470164
2013-04-05,102.373841126087
2013-04-06,102.31847608846
2013-04-07,102.26314099293
2013-04-08,102.342903801494
2013-04-09,102.576400369178
2013-04-10,102.674507059976
2013-04-11,102.886091259692
2013-04-12,103.007042951307
2013-04-13,102.951335470313
2013-04-14,102.895658116613
2013-04-15,102.601998327733
2013-04-16,102.624025647805
2013-04-17,102.067925767608
2013-04-18,101.807600054511
2013-04-19,102.046765726865
2013-04-20,101.991577575654
2013-04-21,101.936419270877
2013-04-22,101.657279057645
2013-04-23,101.492490597731
2013-04-24,101.709381822375
2013-04-25,101.88684131624
2013-04-26,102.131839765525
2013-04-27,102.076605605223
2013-04-28,102.021401316238
2013-04-29,102.094788023536
2013-04-30,102.348075131726
2013-05-01,102.298854107948
2013-05-02,102.015320351623
2013-05-03,102.200587801887
2013-05-04,102.151460483863
2013-05-05,102.102356781098
2013-05-06,102.067090333159
2013-05-07,102.270693924075
2013-05-08,102.496172715148
2013-05-09,102.540694000696
2013-05-10,101.793730068613
2013-05-11,101.744798325092
2013-05-12,101.69589010282
2013-05-13,101.961758510006
2013-05-14,101.746642822863
2013-05-15,101.231140469426
2013-05-16,101.251527914049
2013-05-17,100.970352560269
2013-05-18,100.921816610253
2013-05-19,100.873303991228
2013-05-20,101.124655864377
2013-05-21,101.085495267673
2013-05-22,100.786523738619
2013-05-23,101.075331828168
2013-05-24,100.924149905068
2013-05-25,100.87563616444
2013-05-26,100.827145744127
2013-05-27,100.806001930637
2013-05-28,100.235282746603
2013-05-29,99.668946016031
2013-05-30,99.774098374554
2013-05-31,99.202459823628
2013-06-01,99.142414519797
2013-06-02,99.08240556021
2013-06-03,99.365790401029
2013-06-04,99.145747695259
2013-06-05,99.366859194125
2013-06-06,99.76185222265
2013-06-07,99.544522935286
2013-06-08,99.48427058736
2013-06-09,99.424054708999
2013-06-10,99.292545857931
2013-06-11,99.375254474431
2013-06-12,99.571510777579
2013-06-13,99.837481886287
2013-06-14,99.931659136273
2013-06-15,99.871172462395
2013-06-16,99.810722399915
2013-06-17,99.512920705602
2013-06-18,99.324874191216
2013-06-19,99.285173853399
2013-06-20,99.225078484387
2013-06-21,99.165019489924
2013-06-22,99.104996847992
2013-06-23,99.045010536589
2013-06-24,97.463655459158
2013-06-25,97.651167622004
2013-06-26,98.063648859232
2013-06-27,98.399288557342
2013-06-28,97.923304909969
2013-06-29,97.864033853526
2013-06-30,97.804798672691
2013-07-01,97.827837644017
2013-07-02,97.261395813287
2013-07-03,97.03670882781
2013-07-04,96.927048047649
2013-07-05,96.561666710086
2013-07-06,96.497354763179
2013-07-07,96.43308564928
2013-07-08,96.639735273331
2013-07-09,96.575371331244
2013-07-10,96.298288051844
2013-07-11,96.890075799608
2013-07-12,96.979268425793
2013-07-13,96.914678348027
2013-07-14,96.850131288509
2013-07-15,97.336538309607
2013-07-16,97.409428114353
2013-07-17,97.781011495096
2013-07-18,97.969786370869
2013-07-19,97.945554015511
2013-07-20,97.880320372761
2013-07-21,97.815130176884
2013-07-22,97.776224971096
2013-07-23,98.122122467667
2013-07-24,97.423668717079
2013-07-25,97.659694618358
2013-07-26,97.756401405632
2013-07-27,97.691293742196
2013-07-28,97.62622944173
2013-07-29,97.462952293652
2013-07-30,97.286762970285
2013-07-31,97.144330180545
2013-08-01,96.908996347679
2013-08-02,97.349588016715
2013-08-03,97.30079395487
2013-08-04,97.252024349836
2013-08-05,96.873659407152
2013-08-06,97.200933667599
2013-08-07,97.160161994874
2013-08-08,97.77730164196
2013-08-09,97.829671702572
2013-08-10,97.780637010709
2013-08-11,97.731626896267
2013-08-12,97.664395196105
2013-08-13,97.184602821455
2013-08-14,97.123433020217
2013-08-15,96.986866468956
2013-08-16,96.383297042925
2013-08-17,96.334987310418
2013-08-18,96.286701791964
2013-08-19,96.238440475426
2013-08-20,96.111428279894
2013-08-21,95.543414158207
2013-08-22,95.635524825476
2013-08-23,96.779588022696
2013-08-24,96.731079659183
2013-08-25,96.682595609282
2013-08-26,96.356154841846
2013-08-27,96.511470051849
2013-08-28,97.369637260824
2013-08-29,96.674977485784
2013-08-30,96.482549578163
2013-08-31,96.434190097789
2013-09-01,96.371740303995
2013-09-02,96.309330952047
2013-09-03,96.759566956552
2013-09-04,97.157693748768
2013-09-05,97.331572008658
2013-09-06,97.971808764508
2013-09-07,97.908363224614
2013-09-08,97.844958771401
2013-09-09,98.355482821277
2013-09-10,98.406379351377
2013-09-11,98.865787311686
2013-09-12,98.691793763502
2013-09-13,98.618398874538
2013-09-14,98.554534609511
2013-09-15,98.490711702328
2013-09-16,98.818525163721
2013-09-17,99.222000334412
2013-09-18,100.206696235495
2013-09-19,100.581872643538
2013-09-20,100.500461791858
2013-09-21,100.435378722162
2013-09-22,100.370337799596
2013-09-23,100.714771943452
2013-09-24,100.674060557873
2013-09-25,100.067006487369
2013-09-26,99.776028585297
2013-09-27,99.608668505942
2013-09-28,99.544162952444
2013-09-29,99.479699172082
2013-09-30,100.070143164939
2013-10-01,100.092603876501
2013-10-02,100.547258657288
2013-10-03,100.688012078434
2013-10-04,100.496775258731
2013-10-05,100.409771134209
2013-10-06,100.322842332678
2013-10-07,100.41843470616
2013-10-08,100.32355132907
2013-10-09,100.10091696645
2013-10-10,100.838574910701
2013-10-11,100.685809292253
2013-10-12,100.59864151332
2013-10-13,100.51154919906
2013-10-14,100.42453228414
2013-10-15,100.380924347925
2013-10-16,100.833568048462
2013-10-17,101.112902876855
2013-10-18,100.954580232409
2013-10-19,100.867179767598
2013-10-20,100.779854968906
2013-10-21,100.714679827618
2013-10-22,100.852314256759
2013-10-23,100.514020457884
2013-10-24,100.249210388165
2013-10-25,100.657556590589
2013-10-26,100.570413271162
2013-10-27,100.483345395234
2013-10-28,100.541492206239
2013-10-29,100.444030187469
2013-10-30,100.520440886584
2013-10-31,99.389391815033
2013-11-01,99.042468132866
2013-11-02,98.964514574024
2013-11-03,98.886622370249
2013-11-04,99.30039672408
2013-11-05,98.656000700776
2013-11-06,98.578351319649
2013-11-07,97.856637495445
2013-11-08,97.834292884
2013-11-09,97.757290246132
2013-11-10,97.680348214889
2013-11-11,97.475869276028
2013-11-12,97.488978676952
2013-11-13,97.522466045712
2013-11-14,97.926359971788
2013-11-15,98.053994420677
2013-11-16,97.976818861869
2013-11-17,97.899704045788
2013-11-18,98.843744758886
2013-11-19,99.334170700124
2013-11-20,99.139118605712
2013-11-21,98.670616263336
2013-11-22,99.374899879546
2013-11-23,99.296684672966
2013-11-24,99.218531027389
2013-11-25,99.140438894362
2013-11-26,99.191979347362
2013-11-27,99.023897994759
2013-11-28,98.998285646009
2013-11-29,98.975183209829
2013-11-30,98.897282609069
2013-12-01,98.828960691122
2013-12-02,98.608245304952
2013-12-03,98.632529781599
2013-12-04,98.833349369767
2013-12-05,99.676825977828
2013-12-06,100.528430616385
2013-12-07,100.458892814921
2013-12-08,100.389403114337
2013-12-09,100.614954791395
2013-12-10,101.040723447924
2013-12-11,100.742149214903
2013-12-12,100.466353116353
2013-12-13,100.662966164061
2013-12-14,100.5933353013
2013-12-15,100.52375260379
2013-12-16,101.063551066014
2013-12-17,101.38083702982
2013-12-18,101.67301639656
2013-12-19,101.586656498116
2013-12-20,101.537608989205
2013-12-21,101.467373116113
2013-12-22,101.397185826771
2013-12-23,101.813278180308
2013-12-24,101.742851620568
2013-12-25,101.67247377648
2013-12-26,102.285648206306
2013-12-27,102.791102944093
2013-12-28,102.720000000728
2013-12-29,102.648946240886
2013-12-30,102.840102900496
2013-12-31,102.689804719666
2014-01-01,102.556046801012
2014-01-02,102.159732281706
2014-01-03,102.316693476579
2014-01-04,102.18342155148
2014-01-05,102.050323218836
2014-01-06,102.591897835148
2014-01-07,102.56565498605
2014-01-08,102.134798826115
2014-01-09,102.218199387755
2014-01-10,103.331883463096
2014-01-11,103.197289209067
2014-01-12,103.062870269884
2014-01-13,103.551519609045
2014-01-14,103.74856274106
2014-01-15,104.188190629849
2014-01-16,104.056647320091
2014-01-17,104.368137291848
2014-01-18,104.232193272322
2014-01-19,104.096426325769
2014-01-20,104.598191334332
2014-01-21,104.911535135702
2014-01-22,108.424541451287
2014-01-23,117.226675337065
2014-01-24,120.759608662628
2014-01-25,120.602314041645
2014-01-26,120.445224303719
2014-01-27,120.057497026124
2014-01-28,119.832558367358
2014-01-29,119.379339592483
2014-01-30,119.585801991713
2014-01-31,119.180988568678
2014-02-01,118.97470428873
2014-02-02,118.768777055697
2014-02-03,118.14343256784
2014-02-04,118.412106345316
2014-02-05,116.870911673141
2014-02-06,116.806850814451
2014-02-07,116.065225191528
2014-02-08,115.864333827116
2014-02-09,115.663790175295
2014-02-10,114.88644611548
2014-02-11,114.501924893057
2014-02-12,113.810027417582
2014-02-13,113.962475273532
2014-02-14,113.657460590296
2014-02-15,113.460736702534
2014-02-16,113.264353314092
2014-02-17,113.079673507294
2014-02-18,113.00034185423
2014-02-19,112.746395391183
2014-02-20,113.395883402934
2014-02-21,113.948457639227
2014-02-22,113.751230079551
2014-02-23,113.554343890974
2014-02-24,113.815219721543
2014-02-25,113.838853901882
2014-02-26,113.224272197694
2014-02-27,113.553984664627
2014-02-28,113.336564306256
2014-03-01,113.210350066978
2014-03-02,113.084276382818
2014-03-03,112.958343097251
2014-03-04,112.832371857577
2014-03-05,112.857646462635
2014-03-06,113.074148933085
2014-03-07,112.193143202105
2014-03-08,112.068025314001
2014-03-09,111.943046957471
2014-03-10,111.741289731203
2014-03-11,111.419082532742
2014-03-12,111.313053843697
2014-03-13,111.400550318392
2014-03-14,111.49876943143
2014-03-15,111.374425909542
2014-03-16,111.250221055654
2014-03-17,111.675102827165
2014-03-18,112.099086745671
2014-03-19,111.978541760314
2014-03-20,111.83725312773
2014-03-21,111.978773826039
2014-03-22,111.853895002844
2014-03-23,111.729155444618
2014-03-24,111.604554996053
2014-03-25,112.489860826935
2014-03-26,112.144872372505
2014-03-27,112.741042429994
2014-03-28,112.854614552099
2014-03-29,112.728758990586
2014-03-30,112.603043783302
2014-03-31,112.365579512395
2014-04-01,112.389732359413
2014-04-02,112.304179757929
2014-04-03,111.589343072838
2014-04-04,112.273713026126
2014-04-05,112.188248740145
2014-04-06,112.102849510747
2014-04-07,112.440756773828
2014-04-08,112.982261841135
2014-04-09,112.748118651917
2014-04-10,113.232611603341
2014-04-11,112.635245583375
2014-04-12,112.549506093866
2014-04-13,112.46383187043
2014-04-14,112.260820158377
2014-04-15,111.659338811312
2014-04-16,111.474659749406
2014-04-17,111.389803713708
2014-04-18,111.305012271585
2014-04-19,111.220285373868
2014-04-20,111.135622971425
2014-04-21,111.026507228823
2014-04-22,110.755473769343
2014-04-23,110.918965277827
2014-04-24,110.956587406296
2014-04-25,110.477455758724
2014-04-26,110.393358808343
2014-04-27,110.309325873711
2014-04-28,110.501745905679
2014-04-29,110.392481788537
2014-04-30,110.249206918268
2014-05-01,110.172635152474
2014-05-02,110.09605808999
2014-05-03,110.019534253485
2014-05-04,109.943063605966
2014-05-05,109.794169952109
2014-05-06,110.20849086933
2014-05-07,110.169417665351
2014-05-08,110.510111593356
2014-05-09,109.959985987232
2014-05-10,109.883556729585
2014-05-11,109.807180595184
2014-05-12,109.887846410051
2014-05-13,110.032258931964
2014-05-14,110.219058476369
2014-05-15,110.126584183426
2014-05-16,110.263970629827
2014-05-17,110.187330083316
2014-05-18,110.11074280691
2014-05-19,110.201977209612
2014-05-20,109.926546499334
2014-05-21,109.919504978946
2014-05-22,109.778225648985
2014-05-23,109.559778840654
2014-05-24,109.483627752696
2014-05-25,109.407529594638
2014-05-26,109.370662453545
2014-05-27,108.873026660549
2014-05-28,108.9134158147
2014-05-29,109.207941605735
2014-05-30,108.873272802899
2014-05-31,108.797598880761
2014-06-01,108.732321434747
2014-06-02,108.206648665318
2014-06-03,108.078226712743
2014-06-04,107.967101220103
2014-06-05,108.652059987792
2014-06-06,108.910184315474
2014-06-07,108.844839319352
2014-06-08,108.779533529558
2014-06-09,109.022391467715
2014-06-10,108.822623376711
2014-06-11,108.696140387166
2014-06-12,108.755759258297
2014-06-13,108.689541657677
2014-06-14,108.624329044891
2014-06-15,108.559155559006
2014-06-16,108.407165146394
2014-06-17,107.728053739168
2014-06-18,108.090676687517
2014-06-19,108.358753069091
2014-06-20,108.293738926073
2014-06-21,108.228763790876
2014-06-22,108.163827640096
2014-06-23,108.345950384403
2014-06-24,108.115367358517
2014-06-25,108.422982905537
2014-06-26,108.397299192065
2014-06-27,108.520209682669
2014-06-28,108.455098667336
2014-06-29,108.390026717946
2014-06-30,108.331979003184
2014-07-01,108.432732244857
2014-07-02,107.961872451463
2014-07-03,107.957578289808
2014-07-04,107.924529655658
2014-07-05,107.861094462781
2014-07-06,107.797696555439
2014-07-07,107.621761458346
2014-07-08,107.739678984669
2014-07-09,107.676352442143
2014-07-10,107.558801003411
2014-07-11,107.466509644252
2014-07-12,107.403343663462
2014-07-13,107.340214809969
2014-07-14,107.429769953608
2014-07-15,107.078508181071
2014-07-16,106.958960046512
2014-07-17,106.594331650835
2014-07-18,106.808966558226
2014-07-19,106.746187063925
2014-07-20,106.683444469754
2014-07-21,106.710632253761
2014-07-22,106.863060906813
2014-07-23,106.714672500258
2014-07-24,106.749531638122
2014-07-25,106.485923602595
2014-07-26,106.423333984424
2014-07-27,106.360781154781
2014-07-28,106.452090478581
2014-07-29,106.33707331201
2014-07-30,105.760880279135
2014-07-31,105.746532974842
2014-08-01,105.951786538244
2014-08-02,105.881721407777
2014-08-03,105.811702610861
2014-08-04,106.171114306033
2014-08-05,105.63478021662
2014-08-06,105.697837841446
2014-08-07,105.456364141301
2014-08-08,105.524770268369
2014-08-09,105.454987520593
2014-08-10,105.385250919631
2014-08-11,105.472258870449
2014-08-12,105.42654506387
2014-08-13,105.354382348439
2014-08-14,105.435133617501
2014-08-15,105.509967320159
2014-08-16,105.440194361463
2014-08-17,105.370467543107
2014-08-18,105.300786834579
2014-08-19,105.407320686734
2014-08-20,105.590625664298
2014-08-21,106.424376632633
2014-08-22,105.993730377364
2014-08-23,105.923637509747
2014-08-24,105.853590994024
2014-08-25,105.562248222327
2014-08-26,105.752145250958
2014-08-27,105.857787225078
2014-08-28,106.063985625627
2014-08-29,106.012964774766
2014-08-30,105.942859187585
2014-08-31,105.872799960708
2014-09-01,105.770535619453
2014-09-02,105.649420532375
2014-09-03,105.683591774456
2014-09-04,105.085320958824
2014-09-05,105.197294222045
2014-09-06,105.10475878221
2014-09-07,105.012304739979
2014-09-08,104.217304234129
2014-09-09,103.850444059255
2014-09-10,103.463159956239
2014-09-11,103.600319358309
2014-09-12,102.672316055592
2014-09-13,102.582001680157
2014-09-14,102.491766748596
2014-09-15,102.231444609801
2014-09-16,102.58352002407
2014-09-17,102.141968120898
2014-09-18,101.843434039337
2014-09-19,101.502613505676
2014-09-20,101.413328043967
2014-09-21,101.324121121061
2014-09-22,100.932671317639
2014-09-23,100.659159011024
2014-09-24,100.544627788812
2014-09-25,100.050209778626
2014-09-26,100.19770396945
2014-09-27,100.109566354545
2014-09-28,100.021506268753
2014-09-29,99.681948955581
2014-09-30,98.904448064204
2014-10-01,98.784593270453
2014-10-02,98.817941263515
2014-10-03,98.609376968158
2014-10-04,98.558513311052
2014-10-05,98.507675889906
2014-10-06,99.404775760514
2014-10-07,99.836451952376
2014-10-08,99.753761739775
2014-10-09,100.102921618934
2014-10-10,99.690167996705
2014-10-11,99.638746857279
2014-10-12,99.587352241367
2014-10-13,99.535984135288
2014-10-14,99.778224033123
2014-10-15,99.126820136337
2014-10-16,98.928198093744
2014-10-17,99.218706814775
2014-10-18,99.167528859523
2014-10-19,99.116377302348
2014-10-20,98.978040017493
2014-10-21,98.684250908245
2014-10-22,98.281000237963
2014-10-23,97.925686363585
2014-10-24,98.633127118153
2014-10-25,98.582251210494
2014-10-26,98.531401545112
2014-10-27,97.826302742582
2014-10-28,98.500124635858
2014-10-29,98.676457984982
2014-10-30,99.189547266129
2014-10-31,98.049721275504
2014-11-01,97.997736380714
2014-11-02,97.94577904775
2014-11-03,97.366513946872
2014-11-04,97.2548076914
2014-11-05,97.028147486574
2014-11-06,96.976704219086
2014-11-07,96.143398524413
2014-11-08,96.092424341193
2014-11-09,96.04147718393
2014-11-10,96.239199948712
2014-11-11,96.006748693193
2014-11-12,95.98321447849
2014-11-13,95.454216985808
2014-11-14,95.481599009589
2014-11-15,95.430975705267
2014-11-16,95.38037924087
2014-11-17,95.136426754242
2014-11-18,95.388261023827
2014-11-19,95.487115924549
2014-11-20,95.498075119156
2014-11-21,95.964297091854
2014-11-22,95.913417866264
2014-11-23,95.862565616285
2014-11-24,95.811740327615
2014-11-25,95.640518684915
2014-11-26,96.168880867512
2014-11-27,95.877912291299
2014-11-28,94.843055342344
2014-11-29,94.792770586922
2014-11-30,94.742512491931
2014-12-01,95.077347827521
2014-12-02,94.646420290369
2014-12-03,94.876237757149
2014-12-04,94.550179295962
2014-12-05,94.309904057718
2014-12-06,94.275754003311
2014-12-07,94.241616314797
2014-12-08,94.207490987699
2014-12-09,94.169225671313
2014-12-10,93.947827549097
2014-12-11,93.36074698227
2014-12-12,93.200804345611
2014-12-13,93.167055901363
2014-12-14,93.133319677583
2014-12-15,92.680631860232
2014-12-16,92.198576503967
2014-12-17,92.4817571068
2014-12-18,92.741980497871
2014-12-19,92.595514316971
2014-12-20,92.561985051054
2014-12-21,92.52846792624
2014-12-22,92.458474716354
2014-12-23,91.766486594794
2014-12-24,91.909390878801
2014-12-25,91.876110061368
2014-12-26,91.842841295075
2014-12-27,91.809584575556
2014-12-28,91.776339898449
2014-12-29,91.602719429269
2014-12-30,92.265969707062
2014-12-31,92.013875257816
2015-01-01,91.969003507866
2015-01-02,91.283464300438
2015-01-03,91.238948744787
2015-01-04,91.194454897719
2015-01-05,90.651180936724
2015-01-06,91.086679117203
2015-01-07,91.072682167507
2015-01-08,91.426299250778
2015-01-09,91.770699179798
2015-01-10,91.72594601779
2015-01-11,91.681214680237
2015-01-12,91.353309830741
2015-01-13,91.608516592294
2015-01-14,91.75887079916
2015-01-15,91.469288694222
2015-01-16,91.501800953214
2015-01-17,91.457178922885
2015-01-18,91.412578653064
2015-01-19,91.21208964373
2015-01-20,91.414259526198
2015-01-21,91.497385131897
2015-01-22,91.718491848835
2015-01-23,91.318413258411
2015-01-24,91.273880659451
2015-01-25,91.229369777386
2015-01-26,91.082846603058
2015-01-27,91.403508742714
2015-01-28,91.293656783194
2015-01-29,90.664188909682
2015-01-30,89.833329515782
2015-01-31,89.789521137013
2015-02-01,89.768277837578
2015-02-02,89.700729396731
2015-02-03,90.044791833832
2015-02-04,89.483622657627
2015-02-05,89.688284829864
2015-02-06,89.005592892467
2015-02-07,88.984535062585
2015-02-08,88.963482214775
2015-02-09,88.990543628179
2015-02-10,88.521177576517
2015-02-11,87.842849938469
2015-02-12,88.667111761898
2015-02-13,88.668908277854
2015-02-14,88.647930104173
2015-02-15,88.626956893717
2015-02-16,88.605988645312
2015-02-17,88.585025357784
2015-02-18,88.366850951156
2015-02-19,88.196956476476
2015-02-20,88.192043456573
2015-02-21,88.171178104322
2015-02-22,88.150317688604
2015-02-23,88.081395629349
2015-02-24,88.569878096215
2015-02-25,88.250501518545
2015-02-26,87.923505241972
2015-02-27,88.198420555023
2015-02-28,88.177553694015
2015-03-01,88.137381753143
2015-03-02,87.714802381537
2015-03-03,87.66344123792
2015-03-04,86.722235356404
2015-03-05,86.338729409273
2015-03-06,85.57186581705
2015-03-07,85.532831501044
2015-03-08,85.493814990864
2015-03-09,84.946877870257
2015-03-10,84.839347106693
2015-03-11,84.31158098881
2015-03-12,84.121446768353
2015-03-13,83.041792406034
2015-03-14,83.003912203988
2015-03-15,82.966049281311
2015-03-16,83.342111631816
2015-03-17,82.937677511953
2015-03-18,83.410486570945
2015-03-19,82.936008100381
2015-03-20,84.12550953077
2015-03-21,84.087134982174
2015-03-22,84.048777938446
2015-03-23,84.010438391602
2015-03-24,83.97211633366
2015-03-25,84.500729457587
2015-03-26,84.122767059729
2015-03-27,83.952844501752
2015-03-28,83.91454871574
2015-03-29,83.876270398669
2015-03-30,83.685587722869
2015-03-31,83.731921547016
2015-04-01,84.317166550434
2015-04-02,84.265962984678
2015-04-03,84.214790513482
2015-04-04,84.163649117962
2015-04-05,84.112538779247
2015-04-06,84.980848522074
2015-04-07,84.677260319203
2015-04-08,84.992169331306
2015-04-09,84.819742895641
2015-04-10,84.355973529317
2015-04-11,84.304746397118
2015-04-12,84.25355037379
2015-04-13,83.900952394975
2015-04-14,84.545691775428
2015-04-15,84.840508736115
2015-04-16,85.353809574075
2015-04-17,84.825920225447
2015-04-18,84.774407707157
2015-04-19,84.722926471045
2015-04-20,84.812503959314
2015-04-21,84.761458413478
2015-04-22,84.923691196345
2015-04-23,85.323103366276
2015-04-24,85.636652762899
2015-04-25,85.584647908368
2015-04-26,85.532674634999
2015-04-27,86.089007482498
2015-04-28,86.259652906031
2015-04-29,86.196811302462
2015-04-30,85.584933658116
2015-05-01,85.541209364952
2015-05-02,85.497484512969
2015-05-03,85.453782011181
2015-05-04,84.727192975773
2015-05-05,84.930854987917
2015-05-06,85.360685853044
2015-05-07,85.397854076898
2015-05-08,85.804983463851
2015-05-09,85.76112378231
2015-05-10,85.717286519883
2015-05-11,85.051094027795
2015-05-12,85.258213266478
2015-05-13,85.608875336361
2015-05-14,85.88946048024
2015-05-15,86.098778254433
2015-05-16,86.054768398096
2015-05-17,86.010781037634
2015-05-18,85.400513669809
2015-05-19,85.023282490797
2015-05-20,85.068178569465
2015-05-21,84.967930970294
2015-05-22,84.217827254044
2015-05-23,84.174778855987
2015-05-24,84.131752462352
2015-05-25,84.088748061891
2015-05-26,83.28043643821
2015-05-27,83.16204376621
2015-05-28,83.113969902217
2015-05-29,83.15367132489
2015-05-30,83.111166875894
2015-05-31,83.068684153277
2015-06-01,82.808871522145
2015-06-02,83.776796625636
2015-06-03,83.834366306855
2015-06-04,83.774034310135
2015-06-05,83.357476026932
2015-06-06,83.334862037179
2015-06-07,83.31225418236
2015-06-08,83.915114273906
2015-06-09,84.153783075739
2015-06-10,84.219822072347
2015-06-11,83.962933060442
2015-06-12,84.145034916483
2015-06-13,84.122207270446
2015-06-14,84.099385817304
2015-06-15,84.038082037725
2015-06-16,84.153851387388
2015-06-17,84.455501543769
2015-06-18,84.855129684257
2015-06-19,84.586657259234
2015-06-20,84.563709805788
2015-06-21,84.540768577741
2015-06-22,84.562352702138
2015-06-23,84.145504600716
2015-06-24,84.196459587984
2015-06-25,83.997434971949
2015-06-26,83.879670780365
2015-06-27,83.856915124773
2015-06-28,83.834165642547
2015-06-29,84.028351098554
2015-06-30,84.046616378826
2015-07-01,83.50458610218
2015-07-02,83.925665934929
2015-07-03,83.653488867309
2015-07-04,83.608624367292
2015-07-05,83.563783928713
2015-07-06,83.361191949495
2015-07-07,82.758291850048
2015-07-08,82.625741713103
2015-07-09,82.581428407815
2015-07-10,83.126867835964
2015-07-11,83.082285769944
2015-07-12,83.03772761389
2015-07-13,83.101549571802
2015-07-14,83.27784930266
2015-07-15,83.019114468458
2015-07-16,82.744414212927
2015-07-17,82.294625266361
2015-07-18,82.250489543312
2015-07-19,82.20637749085
2015-07-20,82.050900001414
2015-07-21,82.526786785239
2015-07-22,81.967469979245
2015-07-23,81.574017171378
2015-07-24,81.022886785065
2015-07-25,80.979433112602
2015-07-26,80.936002744933
2015-07-27,80.910946619863
2015-07-28,80.729116373109
2015-07-29,81.243531029886
2015-07-30,80.489388437438
2015-07-31,80.362553099862
2015-08-01,80.324091820523
2015-08-02,80.285648948638
2015-08-03,79.897024232942
2015-08-04,79.58830116154
2015-08-05,79.496230339428
2015-08-06,79.154426703056
2015-08-07,79.454469602227
2015-08-08,79.416442928954
2015-08-09,79.378434455134
2015-08-10,79.871316104393
2015-08-11,79.238031611762
2015-08-12,79.527693895178
2015-08-13,79.213576442616
2015-08-14,79.430060843483
2015-08-15,79.39204585217
2015-08-16,79.354049054718
2015-08-17,79.316070442421
2015-08-18,79.192430343194
2015-08-19,79.176735817951
2015-08-20,79.494817471974
2015-08-21,79.376164180932
2015-08-22,79.338174984402
2015-08-23,79.300203969387
2015-08-24,79.12032764042
2015-08-25,78.722199419537
2015-08-26,78.287836127994
2015-08-27,78.806035812737
2015-08-28,78.538231992242
2015-08-29,78.500643827569
2015-08-30,78.46307365248
2015-08-31,78.261964118319
2015-09-01,78.026498613765
2015-09-02,77.43349229047
2015-09-03,77.359544495874
2015-09-04,76.782627503792
2015-09-05,76.725218283865
2015-09-06,76.667851987952
2015-09-07,76.674827586014
2015-09-08,76.891379789161
2015-09-09,76.906688329565
2015-09-10,76.837459048047
2015-09-11,76.608881066288
2015-09-12,76.551601753969
2015-09-13,76.494365268533
2015-09-14,76.569796400051
2015-09-15,76.364490358756
2015-09-16,76.801523397007
2015-09-17,76.625348403125
2015-09-18,76.344987720577
2015-09-19,76.287905717357
2015-09-20,76.230866393496
2015-09-21,75.515547041023
2015-09-22,74.924999917846
2015-09-23,74.597364405473
2015-09-24,74.668032016574
2015-09-25,75.438938667127
2015-09-26,75.382534103207
2015-09-27,75.326171712134
2015-09-28,74.867028859449
2015-09-29,74.763751046421
2015-09-30,75.250673550988
2015-10-01,75.123849845774
2015-10-02,75.581904669874
2015-10-03,75.545780361013
2015-10-04,75.509673317736
2015-10-05,75.746024656187
2015-10-06,76.265747314683
2015-10-07,76.281908528526
2015-10-08,76.588906918611
2015-10-09,77.16387460505
2015-10-10,77.126994194966
2015-10-11,77.090131411843
2015-10-12,77.053286247257
2015-10-13,76.462224712423
2015-10-14,76.577173372188
2015-10-15,76.678479354944
2015-10-16,76.651327379056
2015-10-17,76.614691940495
2015-10-18,76.578074011811
2015-10-19,76.058647288147
2015-10-20,76.018070907598
2015-10-21,75.983416959824
2015-10-22,75.575984966359
2015-10-23,75.578061375084
2015-10-24,75.541938903122
2015-10-25,75.505833695866
2015-10-26,75.557564619361
2015-10-27,75.520652797564
2015-10-28,75.629791469495
2015-10-29,75.662255883695
2015-10-30,75.823812469061
2015-10-31,75.787572540567
2015-11-01,75.733699635039
2015-11-02,75.75211590418
2015-11-03,76.298890119562
2015-11-04,75.866228305872
2015-11-05,75.980596810067
2015-11-06,75.926586694995
2015-11-07,75.872614972522
2015-11-08,75.818681615356
2015-11-09,75.401854765469
2015-11-10,75.355937831028
2015-11-11,75.489383931593
2015-11-12,75.55494304705
2015-11-13,75.180519935353
2015-11-14,75.127078547639
2015-11-15,75.073675148249
2015-11-16,75.050260650594
2015-11-17,75.066993200162
2015-11-18,75.141115044795
2015-11-19,75.674095861822
2015-11-20,75.752813595897
2015-11-21,75.698965398448
2015-11-22,75.6451554785
2015-11-23,75.416853124612
2015-11-24,75.613972288876
2015-11-25,75.216382354957
2015-11-26,75.148213489254
2015-11-27,75.094795066284
2015-11-28,75.041414615312
2015-11-29,74.988072109348
2015-11-30,74.049950627852
2015-12-01,74.343161544585
2015-12-02,74.318545981113
2015-12-03,75.341951708901
2015-12-04,75.21669478129
2015-12-05,75.105229867955
2015-12-06,74.993930136391
2015-12-07,74.882795341814
2015-12-08,74.7718252398
2015-12-09,74.896403234435
2015-12-10,74.401448879586
2015-12-11,73.93045696845
2015-12-12,73.820898153046
2015-12-13,73.711501694735
2015-12-14,73.701376774778
2015-12-15,73.565004467514
2015-12-16,73.457460925133
2015-12-17,100.0
2015-12-18,98.499778929364
2015-12-19,98.353810413281
2015-12-20,98.208058210452
2015-12-21,94.778150767609
2015-12-22,95.701139334109
2015-12-23,95.989680823238
2015-12-24,96.578204545009
2015-12-25,96.435083643048
2015-12-26,96.292174834412
2015-12-27,96.149477804797
2015-12-28,95.949430034248
2015-12-29,95.243239862444
2015-12-30,94.74598239311
2015-12-31,94.864988060021
2016-01-01,94.753393978457
2016-01-02,94.638922885784
2016-01-03,94.524590085055
2016-01-04,94.622609914574
2016-01-05,97.970865285715
2016-01-06,99.388537986478
2016-01-07,99.162197691455
2016-01-08,98.931417057665
2016-01-09,98.81189851659
2016-01-10,98.674702883529
2016-01-11,96.843826690133
2016-01-12,95.929191741314
2016-01-13,96.131258147505
2016-01-14,93.821817308894
2016-01-15,94.507177847635
2016-01-16,94.393004207416
2016-01-17,94.27896849979
2016-01-18,95.302543511527
2016-01-19,94.267796033888
2016-01-20,94.010756157946
2016-01-21,94.369588154925
2016-01-22,95.384906869695
2016-01-23,95.269672849515
2016-01-24,95.154578042967
2016-01-25,95.717915807014
2016-01-26,96.151566955547
2016-01-27,96.242324843351
2016-01-28,96.012435862249
2016-01-29,97.053248661619
2016-01-30,96.935999126217
2016-01-31,96.818891239381
2016-02-01,98.117378605412
2016-02-02,97.943184334719
2016-02-03,98.983793700281
2016-02-04,100.003735971537
2016-02-05,100.561941295655
2016-02-06,100.482083439175
2016-02-07,100.402288999105
2016-02-08,100.322557925084
2016-02-09,100.242890166792
2016-02-10,101.030074342862
2016-02-11,101.658459944337
2016-02-12,102.078831422298
2016-02-13,101.997768978949
2016-02-14,101.916770908591
2016-02-15,102.332359656408
2016-02-16,101.923879766561
2016-02-17,103.563415885172
2016-02-18,103.491908409381
2016-02-19,103.418683772003
2016-02-20,103.336557330334
2016-02-21,103.254496106593
2016-02-22,105.055383204645
2016-02-23,105.065662908842
2016-02-24,105.308459768591
2016-02-25,105.720084494182
2016-02-26,105.579298074139
2016-02-27,105.49545585387
2016-02-28,105.411680214057
2016-02-29,107.630627711066
2016-03-01,107.633048525311
2016-03-02,107.217331682468
2016-03-03,104.859561980955
2016-03-04,105.623827578266
2016-03-05,105.5191670079
2016-03-06,105.414610143631
2016-03-07,106.336634167864
2016-03-08,106.617851225934
2016-03-09,106.479970993912
2016-03-10,106.918736765693
2016-03-11,103.731078627812
2016-03-12,103.628293545101
2016-03-13,103.525610310103
2016-03-14,102.917527135846
2016-03-15,99.770224461196
2016-03-16,99.977570636956
2016-03-17,104.105529532554
2016-03-18,103.020842778353
2016-03-19,102.918761454356
2016-03-20,102.816781280732
2016-03-21,100.54878266424
2016-03-22,99.959771388187
2016-03-23,99.769983296653
2016-03-24,99.671123185287
2016-03-25,99.572361032458
2016-03-26,99.473696741101
2016-03-27,99.375130214247
2016-03-28,101.854145377482
2016-03-29,100.482023540401
2016-03-30,100.703408718804
2016-03-31,101.750237797914
2016-04-01,102.242662201556
2016-04-02,102.085867187725
2016-04-03,101.929312628082
2016-04-04,101.064162997746
2016-04-05,100.048352042493
2016-04-06,99.341955062244
2016-04-07,97.994555083546
2016-04-08,98.632314672439
2016-04-09,98.481056334577
2016-04-10,98.330029960091
2016-04-11,99.436157997076
2016-04-12,98.743457923304
2016-04-13,97.988215633303
2016-04-14,97.420095931381
2016-04-15,95.132998785151
2016-04-16,94.987106849837
2016-04-17,94.841438648211
2016-04-18,95.166779310572
2016-04-19,95.731992811641
2016-04-20,96.543139632267
2016-04-21,95.789653754321
2016-04-22,95.321837818899
2016-04-23,95.175656288045
2016-04-24,95.029698934992
2016-04-25,95.340646763168
2016-04-26,95.314224644026
2016-04-27,94.229487602936
2016-04-28,95.554775269684
2016-04-29,95.487407085049
2016-04-30,95.340971644185
2016-05-01,95.228583116647
2016-05-02,94.592569230968
2016-05-03,93.868941825207
2016-05-04,94.02655481934
2016-05-05,93.674685442407
2016-05-06,93.76210287325
2016-05-07,93.651599900827
2016-05-08,93.541227161265
2016-05-09,92.962633676397
2016-05-10,93.401909521535
2016-05-11,93.463471671553
2016-05-12,92.816683703971
2016-05-13,92.006244334398
2016-05-14,91.897810722428
2016-05-15,91.789504904483
2016-05-16,91.666825069825
2016-05-17,91.663258214317
2016-05-18,91.059080558625
2016-05-19,90.207300359791
2016-05-20,90.084325870448
2016-05-21,89.978157328229
2016-05-22,89.872113910545
2016-05-23,89.116882312695
2016-05-24,89.279163449526
2016-05-25,89.173943828439
2016-05-26,88.839179797087
2016-05-27,87.939213100474
2016-05-28,87.835572672814
2016-05-29,87.732054390188
2016-05-30,88.225714460809
2016-05-31,87.89713170041
2016-06-01,87.683355555568
2016-06-02,87.361878525242
2016-06-03,87.869420661406
2016-06-04,87.790452693031
2016-06-05,87.711555692917
2016-06-06,87.359845689115
2016-06-07,88.095987088151
2016-06-08,89.078595577612
2016-06-09,88.257845881933
2016-06-10,87.500207354115
2016-06-11,87.421571196563
2016-06-12,87.343005709075
2016-06-13,86.900016079849
2016-06-14,86.267129152527
2016-06-15,86.582833267261
2016-06-16,87.338417759269
2016-06-17,87.259927001511
2016-06-18,87.181506783146
2016-06-19,87.103157040781
2016-06-20,87.024877711081
2016-06-21,88.087932351167
2016-06-22,88.765048755803
2016-06-23,91.500720284564
2016-06-24,93.479931795242
2016-06-25,93.395921678387
2016-06-26,93.311987061157
2016-06-27,94.940452290928
2016-06-28,93.254771120133
2016-06-29,94.357365593441
2016-06-30,94.953916106313
2016-07-01,94.639689783691
2016-07-02,94.592315919603
2016-07-03,94.544965769487
2016-07-04,94.738342938532
2016-07-05,92.416558108698
2016-07-06,91.44016219219
2016-07-07,91.38940107482
2016-07-08,91.343654210312
2016-07-09,91.297930245348
2016-07-10,91.252229168465
2016-07-11,91.050672867383
2016-07-12,90.722946329885
2016-07-13,90.787162878685
2016-07-14,92.270681577687
2016-07-15,93.159678311303
2016-07-16,93.113045297723
2016-07-17,93.066435627268
2016-07-18,94.329225738729
2016-07-19,93.133371863247
2016-07-20,93.659159022975
2016-07-21,93.022003010007
2016-07-22,92.288214051257
2016-07-23,92.242017267229
2016-07-24,92.195843607961
2016-07-25,92.328441424629
2016-07-26,92.395588639607
2016-07-27,92.450650689577
2016-07-28,93.024189737455
2016-07-29,93.337162232527
2016-07-30,93.290440375681
2016-07-31,93.243741906432
2016-08-01,92.551790647454
2016-08-02,92.268390252233
2016-08-03,92.354247375978
2016-08-04,92.558592095257
2016-08-05,92.304160836296
2016-08-06,92.309289146051
2016-08-07,92.314417740728
2016-08-08,91.621736485396
2016-08-09,92.485999582358
2016-08-10,92.327574598063
2016-08-11,92.090120306949
2016-08-12,91.923186058382
2016-08-13,91.92829320163
2016-08-14,91.933400628624
2016-08-15,91.938508339381
2016-08-16,92.260461410941
2016-08-17,92.318920462224
2016-08-18,93.600723051444
2016-08-19,93.337006956875
2016-08-20,93.342192650336
2016-08-21,93.347378631907
2016-08-22,92.692019207105
2016-08-23,92.790998565871
2016-08-24,92.802517860012
2016-08-25,92.996336216243
2016-08-26,93.235796947414
2016-08-27,93.240977017766
2016-08-28,93.246157375917
2016-08-29,93.924334042858
2016-08-30,93.076640636703
2016-08-31,92.699414637228
2016-09-01,92.623370528246
2016-09-02,92.982757011216
2016-09-03,92.938356096248
2016-09-04,92.893976383505
2016-09-05,92.919959411468
2016-09-06,93.689848240601
2016-09-07,93.878666174101
2016-09-08,93.947633430257
2016-09-09,92.494136198873
2016-09-10,92.449968609006
2016-09-11,92.405822109947
2016-09-12,92.463443890996
2016-09-13,92.077382433804
2016-09-14,92.160066633139
2016-09-15,92.481089742133
2016-09-16,92.87605761884
2016-09-17,92.831707654724
2016-09-18,92.787378868503
2016-09-19,92.991937839353
2016-09-20,92.915207724654
2016-09-21,93.19021581237
2016-09-22,93.616640318642
2016-09-23,93.370655322772
2016-09-24,93.326069179484
2016-09-25,93.28150432687
2016-09-26,93.75966228274
2016-09-27,93.953149755925
2016-09-28,94.513753276475
2016-09-29,94.167356158227
2016-09-30,94.009234809075
2016-10-01,93.935901017503
2016-10-02,93.8630019007
2016-10-03,93.249677264343
2016-10-04,92.668043713352
2016-10-05,92.889894832165
2016-10-06,92.843235027717
2016-10-07,92.589628808013
2016-10-08,92.517774468064
2016-10-09,92.445975890798
2016-10-10,92.37423303294
2016-10-11,92.057677731502
2016-10-12,91.468228272729
2016-10-13,91.792447706032
2016-10-14,91.819919864927
2016-10-15,91.74866285892
2016-10-16,91.677461152035
2016-10-17,91.770778891042
2016-10-18,91.914444897351
2016-10-19,91.853825105316
2016-10-20,91.69471250654
2016-10-21,91.114824458661
2016-10-22,91.044114643151
2016-10-23,90.973459702115
2016-10-24,91.3507287875
2016-10-25,91.984301912848
2016-10-26,91.430271817084
2016-10-27,91.06419643704
2016-10-28,90.85579524362
2016-10-29,90.785286448176
2016-10-30,90.714832371204
2016-10-31,90.484627372113
2016-11-01,89.676543466209
2016-11-02,90.088304167195
2016-11-03,89.991262760464
2016-11-04,89.860265865589
2016-11-05,89.8112018862
2016-11-06,89.762164695895
2016-11-07,89.598755121495
2016-11-08,89.102047767781
2016-11-09,88.406917982616
2016-11-10,87.551588148388
2016-11-11,89.043547049419
2016-11-12,88.994929000997
2016-11-13,88.946337498177
2016-11-14,89.79155505865
2016-11-15,88.983029404197
2016-11-16,88.876504633377
2016-11-17,88.583343288993
2016-11-18,88.539117722933
2016-11-19,88.490775094462
2016-11-20,88.442458861214
2016-11-21,88.187742630472
2016-11-22,88.590415103207
2016-11-23,88.386303614862
2016-11-24,88.268042784803
2016-11-25,88.188540029884
2016-11-26,88.140388817903
2016-11-27,88.092263896631
2016-11-28,88.044165251714
2016-11-29,89.188697484997
2016-11-30,90.103640102836
2016-12-01,89.433291135327
2016-12-02,90.172145142994
2016-12-03,90.148715238857
2016-12-04,90.125291422636
2016-12-05,90.18859926566
2016-12-06,90.574995181374
2016-12-07,91.025475053104
2016-12-08,91.001823423755
2016-12-09,90.978177939933
2016-12-10,90.954538600042
2016-12-11,90.930905402486
2016-12-12,91.383201752296
2016-12-13,91.148458538761
2016-12-14,91.112530490472
2016-12-15,90.015378453054
2016-12-16,89.527568904229
2016-12-17,89.504306483736
2016-12-18,89.481050107641
2016-12-19,89.247931799704
2016-12-20,89.389183037549
2016-12-21,89.213045560118
2016-12-22,89.05090295773
2016-12-23,87.99808895082
2016-12-24,87.975223943172
2016-12-25,87.952364876659
2016-12-26,88.107795144968
2016-12-27,88.067788280072
2016-12-28,88.985909662084
2016-12-29,90.445323832726
2016-12-30,90.316208636181
2016-12-31,90.292741299266
2017-01-01,90.257537906573
2017-01-02,90.033237038396
2017-01-03,90.253922760537
2017-01-04,91.327695267313
2017-01-05,91.239326767688
2017-01-06,89.951212334778
2017-01-07,89.916142097619
2017-01-08,89.881085533668
2017-01-09,90.426611311775
2017-01-10,90.19000900753
2017-01-11,90.124670129961
2017-01-12,90.367172500701
2017-01-13,90.257840108735
2017-01-14,90.222650323341
2017-01-15,90.187474257763
2017-01-16,90.06949409938
2017-01-17,90.721402064145
2017-01-18,90.872258774505
2017-01-19,90.420719866661
2017-01-20,90.776083307558
2017-01-21,90.740691469169
2017-01-22,90.705313429372
2017-01-23,91.062560532001
2017-01-24,91.118650455832
2017-01-25,91.16530312282
2017-01-26,90.70807482835
2017-01-27,90.832629317142
2017-01-28,90.797215432558
2017-01-29,90.761815355161
2017-01-30,91.221181534014
2017-01-31,90.902589788554
2017-02-01,90.243813039225
2017-02-02,89.944631137754
2017-02-03,89.765688301177
2017-02-04,89.717715519623
2017-02-05,89.669768375791
2017-02-06,90.284894414992
2017-02-07,89.415200676797
2017-02-08,89.503449847334
2017-02-09,88.940526023296
2017-02-10,88.604758666411
2017-02-11,88.55740631149
2017-02-12,88.510079262722
2017-02-13,88.033675423744
2017-02-14,88.016148064753
2017-02-15,87.672674897041
2017-02-16,88.073682698766
2017-02-17,89.161143712447
2017-02-18,89.113494012975
2017-02-19,89.065869778563
2017-02-20,89.075467470098
2017-02-21,88.432717243939
2017-02-22,88.295507072584
2017-02-23,88.148098751544
2017-02-24,87.627219298876
2017-02-25,87.580389362749
2017-02-26,87.533584453581
2017-02-27,87.486804557998
2017-02-28,87.440049662633
2017-03-01,86.892506832974
2017-03-02,86.241432216254
2017-03-03,86.564922099367
2017-03-04,86.498006628057
2017-03-05,86.431142883015
2017-03-06,86.716641465066
2017-03-07,87.12932836006
2017-03-08,87.04709022803
2017-03-09,86.283448091236
2017-03-10,86.342086021728
2017-03-11,86.275342804731
2017-03-12,86.208651180847
2017-03-13,86.437307396313
2017-03-14,86.157578140821
2017-03-15,86.623968248776
2017-03-16,86.879413048171
2017-03-17,87.121228470573
2017-03-18,87.053882969384
2017-03-19,86.986589526879
2017-03-20,87.425743196387
2017-03-21,87.268105473861
2017-03-22,87.414233485343
2017-03-23,86.698211938237
2017-03-24,86.631193432671
2017-03-25,86.564226733018
2017-03-26,86.497311799233
2017-03-27,86.557657066501
2017-03-28,86.054558130525
2017-03-29,85.526499610225
2017-03-30,85.127604443198
2017-03-31,84.994542154628
2017-04-01,84.925444159353
2017-04-02,84.856402338661
2017-04-03,84.794110501197
2017-04-04,84.589692300091
2017-04-05,84.678347347972
2017-04-06,84.638599096858
2017-04-07,83.979523273645
2017-04-08,83.911250458058
2017-04-09,83.843033146209
2017-04-10,83.142099320168
2017-04-11,83.408929437778
2017-04-12,82.809914515066
2017-04-13,82.74259255607
2017-04-14,82.675325327792
2017-04-15,82.608112785739
2017-04-16,82.540954885453
2017-04-17,83.180893896917
2017-04-18,83.698404306112
2017-04-19,83.867356215705
2017-04-20,83.538014079703
2017-04-21,84.079044161166
2017-04-22,84.010690438105
2017-04-23,83.942392284556
2017-04-24,83.680764025014
2017-04-25,83.690661169627
2017-04-26,83.64281189482
2017-04-27,83.277816825276
2017-04-28,83.048003717828
2017-04-29,82.980488199501
2017-04-30,82.913027569252
2017-05-01,82.879532105862
2017-05-02,82.435755814884
2017-05-03,82.40081856618
2017-05-04,82.253889724593
2017-05-05,82.724626499215
2017-05-06,82.691223199111
2017-05-07,82.657833386894
2017-05-08,82.878029648493
2017-05-09,83.082164254592
2017-05-10,83.178802330033
2017-05-11,82.898090996011
2017-05-12,83.205150466228
2017-05-13,83.171553135798
2017-05-14,83.137969371602
2017-05-15,83.861585099659
2017-05-16,84.427175934294
2017-05-17,84.42914768179
2017-05-18,84.561716099618
2017-05-19,85.603638565634
2017-05-20,85.569072751921
2017-05-21,85.534520895506
2017-05-22,86.205578973662
2017-05-23,85.595378620136
2017-05-24,85.652570362171
2017-05-25,85.617984790334
2017-05-26,85.208886971585
2017-05-27,85.174480554251
2017-05-28,85.140088029853
2017-05-29,85.155579409035
2017-05-30,85.779781234873
2017-05-31,85.858669249335
2017-06-01,85.293387141497
2017-06-02,85.072178187519
2017-06-03,85.039152225823
2017-06-04,85.006139085171
2017-06-05,84.921667614594
2017-06-06,85.031046253938
2017-06-07,84.945265700262
2017-06-08,84.358027604332
2017-06-09,84.39121563731
2017-06-10,84.358454032818
2017-06-11,84.325705146743
2017-06-12,84.003885508881
2017-06-13,83.891308467217
2017-06-14,84.229223398882
2017-06-15,84.441967674261
2017-06-16,84.781882848581
2017-06-17,84.748969582751
2017-06-18,84.716069094215
2017-06-19,85.092005403794
2017-06-20,85.058971744953
2017-06-21,84.994051440276
2017-06-22,84.621277966178
2017-06-23,84.829655762457
2017-06-24,84.796723950653
2017-06-25,84.763804923342
2017-06-26,85.723129786976
2017-06-27,86.127651994017
2017-06-28,86.772508433528
2017-06-29,86.939377952404
2017-06-30,87.569441491969
2017-07-01,87.532114603049
2017-07-02,87.494674809678
2017-07-03,89.232420799403
2017-07-04,88.885229196743
2017-07-05,89.954385167258
2017-07-06,89.610802292101
2017-07-07,89.320108039237
2017-07-08,89.281903473929
2017-07-09,89.24371524972
2017-07-10,89.401974220472
2017-07-11,89.605710523714
2017-07-12,89.668384838131
2017-07-13,89.571913238336
2017-07-14,89.443858496127
2017-07-15,89.405600999486
2017-07-16,89.367359866584
2017-07-17,89.800663181318
2017-07-18,91.60019230945
2017-07-19,91.33486714237
2017-07-20,91.870774251001
2017-07-21,93.027978202487
2017-07-22,92.988187683345
2017-07-23,92.948414183657
2017-07-24,92.844331388317
2017-07-25,92.911988543198
2017-07-26,93.05344436147
2017-07-27,93.890234805914
2017-07-28,94.804186097537
2017-07-29,94.763635847445
2017-07-30,94.723102941764
2017-07-31,94.176127134941
2017-08-01,93.703309453491
2017-08-02,93.88437777597
2017-08-03,94.236449205475
2017-08-04,94.09012266224
2017-08-05,94.062394854835
2017-08-06,94.034675218654
2017-08-07,94.15275715688
2017-08-08,94.341355067557
2017-08-09,94.026874739788
2017-08-10,94.005327044955
2017-08-11,94.102249116567
2017-08-12,94.074517735568
2017-08-13,94.046794526844
2017-08-14,90.559432749291
2017-08-15,90.10529781027
2017-08-16,91.092771210494
2017-08-17,91.809210761326
2017-08-18,91.492962002744
2017-08-19,91.465999563357
2017-08-20,91.439045069642
2017-08-21,91.412098519259
2017-08-22,91.032925345538
2017-08-23,91.29923508405
2017-08-24,91.301310696133
2017-08-25,91.35599285642
2017-08-26,91.329070781036
2017-08-27,91.302156639431
2017-08-28,91.558514585984
2017-08-29,92.386220223562
2017-08-30,92.232779433532
2017-08-31,91.844178412181
2017-09-01,91.135746246036
2017-09-02,91.074189895754
2017-09-03,91.012675122839
2017-09-04,91.46094006792
2017-09-05,91.542049853891
2017-09-06,91.626183448768
2017-09-07,91.772292324547
2017-09-08,91.865456309756
2017-09-09,91.803407087137
2017-09-10,91.741399774787
2017-09-11,91.224376877099
2017-09-12,90.431443036935
2017-09-13,90.052292834551
2017-09-14,89.686318605628
2017-09-15,89.668226238201
2017-09-16,89.607661103545
2017-09-17,89.547136876751
2017-09-18,90.054867937202
2017-09-19,90.158578643897
2017-09-20,90.549353576432
2017-09-21,90.522143189154
2017-09-22,90.787817535221
2017-09-23,90.726496188464
2017-09-24,90.665216260344
2017-09-25,91.150276364816
2017-09-26,91.169176633287
2017-09-27,90.585498828669
2017-09-28,90.314512840254
2017-09-29,89.512708427973
2017-09-30,89.45419802362
2017-10-01,89.411536864509
2017-10-02,89.831234185299
2017-10-03,89.900685742292
2017-10-04,89.81016560673
2017-10-05,89.783754979355
2017-10-06,89.788876445801
2017-10-07,89.746092682621
2017-10-08,89.703329305601
2017-10-09,89.669780911498
2017-10-10,89.589841722845
2017-10-11,89.62955629189
2017-10-12,89.55715168396
2017-10-13,89.306314163698
2017-10-14,89.263760338025
2017-10-15,89.221226788949
2017-10-16,89.178713506807
2017-10-17,88.709719715872
2017-10-18,88.805316650814
2017-10-19,89.340612621888
2017-10-20,88.861576918323
2017-10-21,88.819235006796
2017-10-22,88.776913270889
2017-10-23,88.32485474999
2017-10-24,88.350535108866
2017-10-25,88.500527523792
2017-10-26,88.746507601567
2017-10-27,88.614828965584
2017-10-28,88.572604627707
2017-10-29,88.530400409427
2017-10-30,88.799958766852
2017-10-31,88.560146951411
2017-11-01,88.476986800028
2017-11-02,88.024443697996
2017-11-03,88.08681751231
2017-11-04,88.050093991642
2017-11-05,88.013385781063
2017-11-06,87.976692874189
2017-11-07,88.179670731767
2017-11-08,87.815853343499
2017-11-09,87.765432784138
2017-11-10,87.414904425095
2017-11-11,87.378461025958
2017-11-12,87.342032820126
2017-11-13,87.141213802597
2017-11-14,87.268715703768
2017-11-15,87.135114432865
2017-11-16,87.300888102514
2017-11-17,87.57032586447
2017-11-18,87.533817669911
2017-11-19,87.497324695672
2017-11-20,87.460846935405
2017-11-21,87.420093171977
2017-11-22,87.320368658616
2017-11-23,87.518819866212
2017-11-24,87.212392911219
2017-11-25,87.176033939423
2017-11-26,87.139690125734
2017-11-27,86.958634559772
2017-11-28,87.150110387373
2017-11-29,87.096397974756
2017-11-30,86.174767706453
2017-12-01,85.999885909724
2017-12-02,85.925768385119
2017-12-03,85.851714737429
2017-12-04,86.308754600541
2017-12-05,85.899777525425
2017-12-06,85.562907392182
2017-12-07,85.192120308917
2017-12-08,85.118698943221
2017-12-09,85.045340854468
2017-12-10,84.972045988124
2017-12-11,84.585995742315
2017-12-12,84.727875882142
2017-12-13,84.707530951665
2017-12-14,85.256080855675
2017-12-15,85.721170163423
2017-12-16,85.647292845196
2017-12-17,85.573479196868
2017-12-18,86.014217903697
2017-12-19,86.59543041026
2017-12-20,87.015222418279
2017-12-21,87.650531095924
2017-12-22,87.934759387283
2017-12-23,87.858974325203
2017-12-24,87.783254577177
2017-12-25,87.707600086915
2017-12-26,89.108323720501
2017-12-27,89.633486886372
2017-12-28,93.4868649072
2017-12-29,90.859029571745
2017-12-30,90.780724277631
2017-12-31,90.70248646959
2018-01-01,90.658261863962
2018-01-02,90.087359087652
2018-01-03,90.320161705454
2018-01-04,91.419636009898
2018-01-05,92.45940699698
2018-01-06,92.414325754225
2018-01-07,92.369266492125
2018-01-08,92.992055676698
2018-01-09,92.111441208561
2018-01-10,90.846225198865
2018-01-11,91.446015238795
2018-01-12,91.702080045802
2018-01-13,91.65736805958
2018-01-14,91.612677873973
2018-01-15,92.376964510465
2018-01-16,92.622773466986
2018-01-17,92.517582534047
2018-01-18,92.624174096592
2018-01-19,93.280823387987
2018-01-20,93.235341640049
2018-01-21,93.189882068044
2018-01-22,93.899613419482
2018-01-23,94.492972616129
2018-01-24,96.927909215044
2018-01-25,97.076903129476
2018-01-26,96.971317464498
2018-01-27,96.924036310044
2018-01-28,96.876778208877
2018-01-29,96.499009223035
2018-01-30,96.665542537355
2018-01-31,96.797506103792
2018-02-01,95.694013255333
2018-02-02,95.635365231654
2018-02-03,95.576954419075
2018-02-04,95.518579281825
2018-02-05,95.085820014612
2018-02-06,95.352827691705
2018-02-07,95.552865109559
2018-02-08,96.391690695854
2018-02-09,96.1999250161
2018-02-10,96.141169389699
2018-02-11,96.082449649228
2018-02-12,96.023765772767
2018-02-13,95.965117738412
2018-02-14,96.538006385753
2018-02-15,95.540820547886
2018-02-16,96.145364107115
2018-02-17,96.086641804653
2018-02-18,96.027955367767
2018-02-19,96.364054108371
2018-02-20,95.695781766384
2018-02-21,95.936915352358
2018-02-22,96.031050423877
2018-02-23,96.27437409319
2018-02-24,96.215572995838
2018-02-25,96.156807812187
2018-02-26,97.214405803208
2018-02-27,96.958357450191
2018-02-28,96.294938850982
2018-03-01,96.349837085909
2018-03-02,96.978627690161
2018-03-03,96.901274688688
2018-03-04,96.823881033823
2018-03-05,96.415808392377
2018-03-06,97.54136813714
2018-03-07,97.431246966692
2018-03-08,96.752292669666
2018-03-09,96.269328321167
2018-03-10,96.19243939278
2018-03-11,96.115611874474
2018-03-12,95.767525517728
2018-03-13,95.965855085034
2018-03-14,95.932780294415
2018-03-15,95.917073435609
2018-03-16,95.141210671921
2018-03-17,95.065222754881
2018-03-18,94.989295528297
2018-03-19,94.963922019466
2018-03-20,94.909203674489
2018-03-21,95.217709311062
2018-03-22,94.734036929762
2018-03-23,94.617522192582
2018-03-24,94.541952538
2018-03-25,94.466443239815
2018-03-26,94.695776742663
2018-03-27,94.170712361607
2018-03-28,93.720936428604
2018-03-29,93.646082864181
2018-03-30,93.571289084223
2018-03-31,93.496555040983
2018-04-01,93.419592736495
2018-04-02,93.340131576073
2018-04-03,93.40622286044
2018-04-04,93.268329279822
2018-04-05,93.163972924458
2018-04-06,92.84503747275
2018-04-07,92.766065019532
2018-04-08,92.687159738976
2018-04-09,92.494904307001
2018-04-10,92.348342997245
2018-04-11,92.597822007752
2018-04-12,92.440525971449
2018-04-13,92.299390594214
2018-04-14,92.220882259206
2018-04-15,92.142440702089
2018-04-16,92.027201050414
2018-04-17,92.019154585288
2018-04-18,91.857691973648
2018-04-19,91.661605509435
2018-04-20,91.466292472674
2018-04-21,91.388492757149
2018-04-22,91.310759216775
2018-04-23,90.943228239666
2018-04-24,90.718480809824
2018-04-25,90.101315442694
2018-04-26,91.366286068177
2018-04-27,91.465691073943
2018-04-28,91.387891869957
2018-04-29,91.310158840688
2018-04-30,91.232491929848
2018-05-01,91.183518976572
2018-05-02,93.142344006346
2018-05-03,101.023301910514
2018-05-04,95.727206459574
2018-05-05,95.677499614647
2018-05-06,95.627818580256
2018-05-07,95.70140020891
2018-05-08,97.194817297667
2018-05-09,98.228788196451
2018-05-10,98.770488822735
2018-05-11,100.990821740098
2018-05-12,100.938381735831
2018-05-13,100.885968961305
2018-05-14,107.865495957989
2018-05-15,103.055891829777
2018-05-16,103.794539270675
2018-05-17,103.557071734687
2018-05-18,103.353090643467
2018-05-19,103.299424018906
2018-05-20,103.245785261016
2018-05-21,103.545297040363
2018-05-22,103.696817966138
2018-05-23,104.264839315247
2018-05-24,104.789172487036
2018-05-25,104.734760169582
2018-05-26,104.680376106004
2018-05-27,104.626020281631
2018-05-28,104.313959267199
2018-05-29,104.350302154127
2018-05-30,104.881876736992
2018-05-31,105.076820762311
2018-06-01,105.107302824707
2018-06-02,104.998050894348
2018-06-03,104.888912523979
2018-06-04,104.93648857787
2018-06-05,104.167045859455
2018-06-06,103.565072116574
2018-06-07,102.873499782475
2018-06-08,105.801920487348
2018-06-09,105.691946548922
2018-06-10,105.582086920966
2018-06-11,108.353061783643
2018-06-12,107.221095492288
2018-06-13,108.150796540004
2018-06-14,114.128942733102
2018-06-15,112.730282708973
2018-06-16,112.613107206749
2018-06-17,112.496053500533
2018-06-18,113.340647755672
2018-06-19,113.744485458467
2018-06-20,113.6262557611
2018-06-21,112.11312912138
2018-06-22,110.35146834639
2018-06-23,110.23676546076
2018-06-24,110.12218180102
2018-06-25,110.178166580253
2018-06-26,109.834056567083
2018-06-27,110.124300357818
2018-06-28,112.674458766905
2018-06-29,115.565726602777
2018-06-30,115.445603848455
2018-07-01,115.346741563757
2018-07-02,112.781148514649
2018-07-03,111.184492175251
2018-07-04,112.114066559423
2018-07-05,111.534034802578
2018-07-06,111.485700007584
2018-07-07,111.393404519848
2018-07-08,111.30118544063
2018-07-09,111.209042706673
2018-07-10,109.381520680619
2018-07-11,108.508112102486
2018-07-12,107.843580389751
2018-07-13,107.782651551555
2018-07-14,107.693421700608
2018-07-15,107.604265720235
2018-07-16,108.159659100401
2018-07-17,108.74636682372
2018-07-18,108.857704979772
2018-07-19,109.006160025883
2018-07-20,109.154705390795
2018-07-21,109.064339659835
2018-07-22,108.974048739809
2018-07-23,108.736679425151
2018-07-24,108.584627370342
2018-07-25,108.656469025986
2018-07-26,108.280221650499
2018-07-27,108.014018731211
2018-07-28,107.924597338688
2018-07-29,107.83524997531
2018-07-30,107.599016998178
2018-07-31,107.85542814625
2018-08-01,108.599117683205
2018-08-02,107.872266187088
2018-08-03,107.496470359855
2018-08-04,107.376071026815
2018-08-05,107.255806544709
2018-08-06,106.745082252006
2018-08-07,106.717458571561
2018-08-08,107.485590065683
2018-08-09,108.55011162472
2018-08-10,111.820448796297
2018-08-11,111.695206475221
2018-08-12,111.570104429374
2018-08-13,113.314596937994
2018-08-14,112.111750063748
2018-08-15,113.461129902185
2018-08-16,112.528240619299
2018-08-17,112.229124698089
2018-08-18,112.10342464751
2018-08-19,111.97786538483
2018-08-20,111.852446752363
2018-08-21,112.437239921656
2018-08-22,112.634258950724
2018-08-23,112.723486474189
2018-08-24,114.483100153727
2018-08-25,114.354875581732
2018-08-26,114.226794625178
2018-08-27,114.732082900894
2018-08-28,115.677784363095
2018-08-29,125.074131275608
2018-08-30,137.806176901089
2018-08-31,135.271549359134
2018-09-01,134.992463560695
2018-09-02,134.704679794632
2018-09-03,136.863493117073
2018-09-04,141.313676642371
2018-09-05,139.503733586238
2018-09-06,135.422079464421
2018-09-07,134.149556236544
2018-09-08,133.863569422976
2018-09-09,133.578192290572
2018-09-10,133.519542967791
2018-09-11,134.844532130693
2018-09-12,136.321495497504
2018-09-13,140.371748050642
2018-09-14,141.025178873692
2018-09-15,140.724534259797
2018-09-16,140.424530575306
2018-09-17,139.146304509535
2018-09-18,139.731873414078
2018-09-19,138.034895683129
2018-09-20,134.882795476537
2018-09-21,131.148970992127
2018-09-22,130.869380978049
2018-09-23,130.590387008114
2018-09-24,130.338448850594
2018-09-25,132.585189301602
2018-09-26,134.544927619302
2018-09-27,138.45484426907
2018-09-28,143.275990563334
2018-09-29,142.970547555161
2018-09-30,142.665755705851
2018-10-01,137.797823221487
2018-10-02,133.203045646244
2018-10-03,131.547786082762
2018-10-04,132.979737070493
2018-10-05,131.563965286986
2018-10-06,131.344367802727
2018-10-07,131.125136855423
2018-10-08,130.027281784017
2018-10-09,128.846665118186
2018-10-10,128.608335757506
2018-10-11,126.109735574978
2018-10-12,126.309111052354
2018-10-13,126.098284607852
2018-10-14,125.887810060291
2018-10-15,125.677686822307
2018-10-16,123.746454234819
2018-10-17,124.309178682064
2018-10-18,125.025784599399
2018-10-19,124.635268477006
2018-10-20,124.427235894925
2018-10-21,124.219550546462
2018-10-22,123.808701614399
2018-10-23,123.855621354603
2018-10-24,124.501169828459
2018-10-25,123.966714756684
2018-10-26,124.316987487818
2018-10-27,124.109486158382
2018-10-28,123.902331175834
2018-10-29,123.412520339469
2018-10-30,122.044350722716
2018-10-31,118.99042741289
2018-11-01,119.764266944066
2018-11-02,118.934420996182
2018-11-03,118.800171858976
2018-11-04,118.666074257638
2018-11-05,118.75153604756
2018-11-06,118.617493344676
2018-11-07,118.349199772907
2018-11-08,117.360082785911
2018-11-09,116.230023898353
2018-11-10,116.09882739279
2018-11-11,115.967778977389
2018-11-12,116.108020902593
2018-11-13,116.972430313678
2018-11-14,116.720916558722
2018-11-15,117.313273179479
2018-11-16,117.499195698792
2018-11-17,117.366566595182
2018-11-18,117.234087198803
2018-11-19,117.101757340669
2018-11-20,117.524727420623
2018-11-21,117.537210390544
2018-11-22,118.03591296922
2018-11-23,121.132652892238
2018-11-24,120.995922465486
2018-11-25,120.859346375398
2018-11-26,124.439142029749
2018-11-27,122.714019428259
2018-11-28,122.949168810792
2018-11-29,120.725513625197
2018-11-30,120.589242763429
2018-12-01,120.493297696881
2018-12-02,120.400501091843
2018-12-03,116.965616097626
2018-12-04,119.540860963566
2018-12-05,119.414975837257
2018-12-06,119.978401390363
2018-12-07,118.965675952381
2018-12-08,118.874055828645
2018-12-09,118.782506265152
2018-12-10,118.271079178708
2018-12-11,118.778160427947
2018-12-12,118.93550009147
2018-12-13,119.180910507655
2018-12-14,119.72197040062
2018-12-15,119.629767824926
2018-12-16,119.537636258044
2018-12-17,120.072022973148
2018-12-18,119.978772291204
2018-12-19,120.664729948723
2018-12-20,119.954495752681
2018-12-21,118.958140199844
2018-12-22,118.866525879686
2018-12-23,118.774982115302
2018-12-24,118.683508852354
2018-12-25,118.592106036546
2018-12-26,120.178436287809
2018-12-27,119.615933416133
2018-12-28,117.920760160778
2018-12-29,117.829944767594
2018-12-30,117.739199314899
2018-12-31,117.68468222362
2019-01-01,117.577284437955
2019-01-02,117.549453167524
2019-01-03,117.573004082044
2019-01-04,117.697091541924
2019-01-05,117.589682431647
2019-01-06,117.482371341779
2019-01-07,117.355372908266
2019-01-08,118.198371344115
2019-01-09,117.887230534159
2019-01-10,116.673325320079
2019-01-11,116.035844443587
2019-01-12,115.929951369692
2019-01-13,115.824154932686
2019-01-14,116.188467118284
2019-01-15,115.884301879079
2019-01-16,117.04994659112
2019-01-17,117.333965385811
2019-01-18,116.555794669276
2019-01-19,116.449427094351
2019-01-20,116.34315658934
2019-01-21,116.582520789453
2019-01-22,115.746792765406
2019-01-23,115.978984562362
2019-01-24,115.20872852751
2019-01-25,114.359634550418
2019-01-26,114.255271167791
2019-01-27,114.151003026074
2019-01-28,114.468935450026
2019-01-29,116.466058630564
2019-01-30,115.780708414102
2019-01-31,116.130726594176
2019-02-01,115.396763237815
2019-02-02,115.275284797568
2019-02-03,115.153934237956
2019-02-04,114.765591637031
2019-02-05,114.630515006147
2019-02-06,115.13052866963
2019-02-07,115.726484857609
2019-02-08,115.477179157115
2019-02-09,115.355616062843
2019-02-10,115.234180938322
2019-02-11,114.691611248997
2019-02-12,115.463667907412
2019-02-13,115.582814708475
2019-02-14,115.542607434799
2019-02-15,116.844649331199
2019-02-16,116.721646697903
2019-02-17,116.598773549766
2019-02-18,116.931454193883
2019-02-19,118.636433277095
2019-02-20,119.817530867982
2019-02-21,118.781316961199
2019-02-22,118.081706887907
2019-02-23,117.957402001254
2019-02-24,117.833227970643
2019-02-25,117.288962324716
2019-02-26,116.475690407789
2019-02-27,116.437851960959
2019-02-28,117.138739114697
2019-03-01,118.52155881942
2019-03-02,118.354943837506
2019-03-03,118.188563079243
2019-03-04,118.022424336769
2019-03-05,117.856519137042
2019-03-06,119.863009412902
2019-03-07,124.053513771254
2019-03-08,120.177560976017
2019-03-09,120.008626281034
2019-03-10,119.839929059095
2019-03-11,120.183213632858
2019-03-12,121.160983428127
2019-03-13,120.04122240059
2019-03-14,118.330959044884
2019-03-15,116.328937157583
2019-03-16,116.16541250825
2019-03-17,116.002117727009
2019-03-18,116.17971729834
2019-03-19,117.690844994784
2019-03-20,118.659968903181
2019-03-21,118.625338796106
2019-03-22,119.60906879603
2019-03-23,119.440933235697
2019-03-24,119.273034025056
2019-03-25,120.207998410973
2019-03-26,121.556767222547
2019-03-27,124.06603622087
2019-03-28,123.186833917156
2019-03-29,122.513733931943
2019-03-30,122.341515257301
2019-03-31,122.169538672023
2019-04-01,120.50357683562
2019-04-02,120.383687166961
2019-04-03,120.849120461298
2019-04-04,122.374546023898
2019-04-05,123.622634923394
2019-04-06,123.499642086758
2019-04-07,123.376771616369
2019-04-08,122.873400090939
2019-04-09,121.754704155728
2019-04-10,121.055886114192
2019-04-11,119.764829211655
2019-04-12,118.057712185414
2019-04-13,117.940255920892
2019-04-14,117.822916514252
2019-04-15,116.119090121189
2019-04-16,117.832385214098
2019-04-17,116.192492968603
2019-04-18,116.076892420897
2019-04-19,115.961406884809
2019-04-20,115.846036245914
2019-04-21,115.730780389899
2019-04-22,117.029014269663
2019-04-23,116.328427920883
2019-04-24,119.945201385287
2019-04-25,122.465929549627
2019-04-26,125.659704898132
2019-04-27,125.534685369421
2019-04-28,125.409790223323
2019-04-29,120.676733459041
2019-04-30,120.368134545356
2019-05-01,120.258331586862
2019-05-02,121.24051598949
2019-05-03,120.546446577513
2019-05-04,120.440045969135
2019-05-05,120.333739275507
2019-05-06,120.688168377674
2019-05-07,122.031010704894
2019-05-08,121.711489144317
2019-05-09,121.862276578055
2019-05-10,120.510787567163
2019-05-11,120.404418433295
2019-05-12,120.298143186397
2019-05-13,120.433467439373
2019-05-14,120.050122458833
2019-05-15,119.993715980911
2019-05-16,118.89037879329
2019-05-17,118.408015999598
2019-05-18,118.303502882066
2019-05-19,118.199082013286
2019-05-20,118.769015019486
2019-05-21,117.911260858977
2019-05-22,118.304430481989
2019-05-23,118.580015440722
2019-05-24,118.252410202948
2019-05-25,118.148034431243
2019-05-26,118.043750787062
2019-05-27,117.807667640898
2019-05-28,117.216847992691
2019-05-29,116.675440102259
2019-05-30,117.010699493317
2019-05-31,117.724625389103
2019-06-01,117.628438729319
2019-06-02,117.529128409018
2019-06-03,118.282093696029
2019-06-04,118.459368273162
2019-06-05,118.373495706957
2019-06-06,118.488674410123
2019-06-07,118.440082037493
2019-06-08,118.340086470003
2019-06-09,118.240175325906
2019-06-10,118.017022527976
2019-06-11,117.753700018718
2019-06-12,114.856814445737
2019-06-13,113.988229004114
2019-06-14,114.731242638144
2019-06-15,114.634378337486
2019-06-16,114.537595816582
2019-06-17,114.440895006388
2019-06-18,113.445879761241
2019-06-19,112.966944109322
2019-06-20,112.871569355359
2019-06-21,112.270744834046
2019-06-22,112.175957861182
2019-06-23,112.081250914243
2019-06-24,111.152519851494
2019-06-25,110.724986680798
2019-06-26,111.528309142088
2019-06-27,111.430774999202
2019-06-28,110.767698785151
2019-06-29,110.674180790997
2019-06-30,110.580741751406
2019-07-01,110.091785697115
2019-07-02,109.417064297611
2019-07-03,109.083399928774
2019-07-04,109.065852671558
2019-07-05,108.395579065888
2019-07-06,108.334576934528
2019-07-07,108.273609133536
2019-07-08,108.21267564359
2019-07-09,108.151776445382
2019-07-10,108.709553862609
2019-07-11,108.339966657863
2019-07-12,108.256869338982
2019-07-13,108.195945269745
2019-07-14,108.135055486944
2019-07-15,109.996286314262
2019-07-16,110.384678622552
2019-07-17,109.970055372261
2019-07-18,109.894290004447
2019-07-19,109.781949174137
2019-07-20,109.720166830778
2019-07-21,109.658419256869
2019-07-22,109.687998954851
2019-07-23,109.716270144691
2019-07-24,110.37302332905
2019-07-25,111.315505790294
2019-07-26,111.273715252186
2019-07-27,111.211093382796
2019-07-28,111.148506755318
2019-07-29,112.084656140953
2019-07-30,112.285915644303
2019-07-31,112.317388033302
2019-08-01,112.26009096559
2019-08-02,112.439280401155
2019-08-03,112.312308599278
2019-08-04,112.18548018002
2019-08-05,113.508158621229
2019-08-06,113.099241303863
2019-08-07,113.397234484903
2019-08-08,112.735208557448
2019-08-09,112.556216662187
2019-08-10,112.429112810303
2019-08-11,112.302152490155
2019-08-12,130.938058274591
2019-08-13,137.809916643961
2019-08-14,148.231242081218
2019-08-15,140.106663864808
2019-08-16,134.822977799355
2019-08-17,134.670729258058
2019-08-18,134.51865264308
2019-08-19,134.366747760274
2019-08-20,133.072004563093
2019-08-21,133.614177855202
2019-08-22,133.156562828071
2019-08-23,132.788643507625
2019-08-24,132.638692233704
2019-08-25,132.488910291918
2019-08-26,131.973683746581
2019-08-27,134.313972138274
2019-08-28,138.22308718663
2019-08-29,137.521160800152
2019-08-30,141.113486571692
2019-08-31,140.954134487658
2019-09-01,140.683728190365
2019-09-02,131.826306660984
2019-09-03,131.822546123231
2019-09-04,132.402942174839
2019-09-05,132.314463070209
2019-09-06,132.273611577455
2019-09-07,132.011407924277
2019-09-08,131.749724032789
2019-09-09,131.28930820821
2019-09-10,131.006334834436
2019-09-11,131.279121143956
2019-09-12,131.237227561681
2019-09-13,130.954265620421
2019-09-14,130.694677283523
2019-09-15,130.435603524019
2019-09-16,130.135480529272
2019-09-17,130.442012413334
2019-09-18,130.32927073738
2019-09-19,129.590786675295
2019-09-20,129.376240809575
2019-09-21,129.119780563498
2019-09-22,128.863828694055
2019-09-23,128.872269615105
2019-09-24,128.528143011121
2019-09-25,128.428799336957
2019-09-26,128.691651690545
2019-09-27,128.670646161756
2019-09-28,128.415584603536
2019-09-29,128.161028649356
2019-09-30,128.262222902504
2019-10-01,128.459992939116
2019-10-02,128.941461731416
2019-10-03,129.488182624816
2019-10-04,129.389585582032
2019-10-05,129.259418442612
2019-10-06,129.129382252558
2019-10-07,129.071836276938
2019-10-08,128.959626259038
2019-10-09,128.666322313343
2019-10-10,128.718933645446
2019-10-11,129.159063318554
2019-10-12,129.029128086698
2019-10-13,128.899323570907
2019-10-14,128.769649639679
2019-10-15,128.563582566468
2019-10-16,128.562904743097
2019-10-17,128.717090265539
2019-10-18,129.103672731597
2019-10-19,128.973793223192
2019-10-20,128.844044374794
2019-10-21,128.695830528289
2019-10-22,129.589484514631
2019-10-23,130.323214263104
2019-10-24,131.273408513333
2019-10-25,132.509497610903
2019-10-26,132.376191810654
2019-10-27,132.243020117292
2019-10-28,131.294271503894
2019-10-29,130.955576810862
2019-10-30,131.02290337802
2019-10-31,130.94715751234
2019-11-01,131.759604878986
2019-11-02,131.585879582852
2019-11-03,131.41238334386
2019-11-04,130.698481227429
2019-11-05,130.457218686789
2019-11-06,130.285210589391
2019-11-07,129.109612240932
2019-11-08,128.149538616616
2019-11-09,127.980573199893
2019-11-10,127.811830564402
2019-11-11,128.185906367647
2019-11-12,127.095775886063
2019-11-13,126.543517517843
2019-11-14,126.291458360467
2019-11-15,126.4106518993
2019-11-16,126.243979208107
2019-11-17,126.077526275183
2019-11-18,125.911292810775
2019-11-19,125.618876294314
2019-11-20,125.372058709961
2019-11-21,125.264393812805
2019-11-22,125.059178843171
2019-11-23,124.89428807184
2019-11-24,124.729614709312
2019-11-25,124.214306359241
2019-11-26,124.059913545123
2019-11-27,123.43452372987
2019-11-28,123.620217050076
2019-11-29,123.785614581182
2019-11-30,123.622403006816
2019-12-01,123.499119779598
2019-12-02,123.837893183853
2019-12-03,123.843745971778
2019-12-04,123.805147339559
2019-12-05,124.124931633904
2019-12-06,124.15627645372
2019-12-07,124.036360905911
2019-12-08,123.91656117777
2019-12-09,123.863241459688
2019-12-10,123.861739969741
2019-12-11,123.602211571918
2019-12-12,123.836045374665
2019-12-13,123.77573922375
2019-12-14,123.656191215398
2019-12-15,123.536758671728
2019-12-16,123.903878412815
2019-12-17,123.825355722062
2019-12-18,123.670303496594
2019-12-19,123.62122142055
2019-12-20,123.118566138541
2019-12-21,122.999652856622
2019-12-22,122.880854426339
2019-12-23,123.334389879056
2019-12-24,123.215268145154
2019-12-25,123.096261464219
2019-12-26,122.961277535224
2019-12-27,122.997651461519
2019-12-28,122.87885496427
2019-12-29,122.760173205861
2019-12-30,123.126286644573
2019-12-31,123.033737094621
2020-01-01,122.957094356009
2020-01-02,122.525500067964
2020-01-03,122.317698995618
2020-01-04,122.241502306376
2020-01-05,122.165353083163
2020-01-06,121.845726386933
2020-01-07,121.575581761462
2020-01-08,121.744841183077
2020-01-09,121.345475308269
2020-01-10,121.428144802097
2020-01-11,121.352502252484
2020-01-12,121.276906823705
2020-01-13,121.07179365524
2020-01-14,121.264702056209
2020-01-15,120.651627969266
2020-01-16,120.445367015762
2020-01-17,120.503920152664
2020-01-18,120.428853340324
2020-01-19,120.353833290167
2020-01-20,120.30779384887
2020-01-21,120.132434799694
2020-01-22,120.078167851447
2020-01-23,119.955170593227
2020-01-24,119.82613661126
2020-01-25,119.751492017963
2020-01-26,119.676893923832
2020-01-27,119.325372718612
2020-01-28,119.360957393316
2020-01-29,119.224209078454
2020-01-30,118.864519482068
2020-01-31,118.944349446141
2020-02-01,118.886030307151
2020-02-02,118.827739762391
2020-02-03,119.011127708563
2020-02-04,119.178451599661
2020-02-05,119.100895776434
2020-02-06,119.097183635088
2020-02-07,118.546723313679
2020-02-08,118.488599133204
2020-02-09,118.430503451368
2020-02-10,118.649913176674
2020-02-11,118.881535740356
2020-02-12,118.827876081206
2020-02-13,118.973853576601
2020-02-14,119.365410856646
2020-02-15,119.306885268682
2020-02-16,119.24838837617
2020-02-17,119.444977318112
2020-02-18,118.986221602395
2020-02-19,118.837645422841
2020-02-20,118.543167150284
2020-02-21,118.811991404569
2020-02-22,118.753737161533
2020-02-23,118.695511480907
2020-02-24,118.637314348687
2020-02-25,118.579145750876
2020-02-26,118.51865286562
2020-02-27,118.552400720937
2020-02-28,118.377377655204
2020-02-29,118.319336505936
2020-03-01,118.178204050191
2020-03-02,118.76603892806
2020-03-03,118.603278476855
2020-03-04,117.911247026508
2020-03-05,117.206533976309
2020-03-06,117.450898716759
2020-03-07,117.31064013243
2020-03-08,117.170549043376
2020-03-09,116.251209514923
2020-03-10,116.629134428684
2020-03-11,116.046589558777
2020-03-12,114.679892011501
2020-03-13,114.857885056372
2020-03-14,114.720723020722
2020-03-15,114.583724782481
2020-03-16,113.243031389472
2020-03-17,112.757059616313
2020-03-18,111.104037341088
2020-03-19,110.814601634133
2020-03-20,112.115432822808
2020-03-21,111.981545793753
2020-03-22,111.84781865113
2020-03-23,111.714251204004
2020-03-24,111.580843261669
2020-03-25,112.42732849426
2020-03-26,113.378406311697
2020-03-27,113.171430898526
2020-03-28,113.036282808068
2020-03-29,112.901296109987
2020-03-30,111.888753689464
2020-03-31,111.755137358162
2020-04-01,110.958972511951
2020-04-02,110.906307939506
2020-04-03,110.762170325755
2020-04-04,110.695575633365
2020-04-05,110.629020980395
2020-04-06,111.256678812074
2020-04-07,112.089704612563
2020-04-08,112.232953465623
2020-04-09,112.165474478979
2020-04-10,112.098036063429
2020-04-11,112.030638194578
2020-04-12,111.96328084805
2020-04-13,112.422555535338
2020-04-14,112.691315601262
2020-04-15,112.138520012849
2020-04-16,111.949638569744
2020-04-17,112.296575654759
2020-04-18,112.229058415884
2020-04-19,112.161581771102
2020-04-20,111.957732946088
2020-04-21,111.787089326549
2020-04-22,111.40436805834
2020-04-23,110.931903759634
2020-04-24,109.601495404781
2020-04-25,109.535598557053
2020-04-26,109.469741329173
2020-04-27,109.898486055865
2020-04-28,111.404661246184
2020-04-29,112.385081665305
2020-04-30,112.418738219844
2020-05-01,112.358248489318
2020-05-02,112.297813092991
2020-05-03,112.23741020373
2020-05-04,111.422501154457
2020-05-05,111.284276953053
2020-05-06,110.518583456178
2020-05-07,109.876431847254
2020-05-08,110.491416083939
2020-05-09,110.431984821779
2020-05-10,110.372585526581
2020-05-11,110.010012050193
2020-05-12,110.156151307747
2020-05-13,109.64046037153
2020-05-14,109.816422006506
2020-05-15,110.149802405382
2020-05-16,110.090554890818
2020-05-17,110.031339244382
2020-05-18,111.108775881613
2020-05-19,111.221348015582
2020-05-20,111.742029392122
2020-05-21,112.434809267204
2020-05-22,112.511418464927
2020-05-23,112.45090068134
2020-05-24,112.390415449134
2020-05-25,112.329962750802
2020-05-26,113.90624524723
2020-05-27,114.15851253414
2020-05-28,114.411914043275
2020-05-29,113.980153287046
2020-05-30,113.918845498521
2020-05-31,113.857570686307
2020-06-01,114.242560165636
2020-06-02,115.822530243851
2020-06-03,117.040804590211
2020-06-04,117.154640063661
2020-06-05,118.144397089079
2020-06-06,118.07102753926
2020-06-07,117.997703553099
2020-06-08,118.756640195537
2020-06-09,118.7516200274
2020-06-10,118.861515836206
2020-06-11,118.099140096517
2020-06-12,117.051227622191
2020-06-13,116.978536947999
2020-06-14,116.905891415872
2020-06-15,116.833290997776
2020-06-16,116.691488822126
2020-06-17,116.303379786021
2020-06-18,115.311989541455
2020-06-19,115.673822614307
2020-06-20,115.601987330535
2020-06-21,115.530196657616
2020-06-22,116.283583088163
2020-06-23,117.217776724072
2020-06-24,115.926714980191
2020-06-25,115.593076082628
2020-06-26,115.149100976095
2020-06-27,115.077591552806
2020-06-28,115.006126538007
2020-06-29,115.103619400596
2020-06-30,115.249734818349
2020-07-01,116.018881912666
2020-07-02,116.086017709402
2020-07-03,116.307755671962
2020-07-04,116.25796137916
2020-07-05,116.208188404555
2020-07-06,116.611764664094
2020-07-07,116.495633780137
2020-07-08,116.678458790732
2020-07-09,116.628505790546
2020-07-10,116.578574176504
2020-07-11,116.528663939449
2020-07-12,116.478775070228
2020-07-13,117.104838439921
2020-07-14,117.192808149551
2020-07-15,117.216206569455
2020-07-16,117.433457345384
2020-07-17,117.330893064793
2020-07-18,117.280660740987
2020-07-19,117.230449922911
2020-07-20,117.765025734164
2020-07-21,119.256279368077
2020-07-22,119.760750193835
2020-07-23,119.432554427878
2020-07-24,119.630637033291
2020-07-25,119.57942013091
2020-07-26,119.52822515578
2020-07-27,120.199781225314
2020-07-28,120.395866350973
2020-07-29,120.61243834301
2020-07-30,120.674859359683
2020-07-31,120.322337379939
2020-08-01,120.229701156504
2020-08-02,120.13713625374
2020-08-03,119.486474326619
2020-08-04,119.562853386607
2020-08-05,119.821491828038
2020-08-06,119.588745553138
2020-08-07,118.827900963782
2020-08-08,118.736415307638
2020-08-09,118.645000086343
2020-08-10,118.456819190769
2020-08-11,119.089335035226
2020-08-12,118.501523576297
2020-08-13,119.329561898311
2020-08-14,118.918370366586
2020-08-15,118.826815058007
2020-08-16,118.735330237902
2020-08-17,118.643915852003
2020-08-18,118.923703546801
2020-08-19,118.677405490062
2020-08-20,118.083660448655
2020-08-21,117.838038209568
2020-08-22,117.747314649218
2020-08-23,117.65666093698
2020-08-24,118.013288916458
2020-08-25,118.405303891651
2020-08-26,118.009884207175
2020-08-27,118.411553742194
2020-08-28,119.64483163484
2020-08-29,119.552717023393
2020-08-30,119.460673331028
2020-08-31,119.551147312363
2020-09-01,120.276308243221
2020-09-02,120.023854273791
2020-09-03,120.392450848151
2020-09-04,120.314339985638
2020-09-05,120.195847058114
2020-09-06,120.077470829679
2020-09-07,120.353081233205
2020-09-08,119.965341846722
2020-09-09,120.405987929968
2020-09-10,120.447385492928
2020-09-11,120.086250018746
2020-09-12,119.967981728185
2020-09-13,119.849829915477
2020-09-14,120.704284806732
2020-09-15,120.778790245623
2020-09-16,121.03047588244
2020-09-17,121.053466223667
2020-09-18,120.305309201058
2020-09-19,120.186825167604
2020-09-20,120.068457824479
2020-09-21,119.551192849931
2020-09-22,118.908305170058
2020-09-23,118.063835017437
2020-09-24,118.412533849756
2020-09-25,117.921093878474
2020-09-26,117.804957966228
2020-09-27,117.688936431738
2020-09-28,117.457002796427
2020-09-29,117.588919381471
2020-09-30,117.72087641673
2020-10-01,117.67130147289
2020-10-02,118.433603932554
2020-10-03,118.295486849284
2020-10-04,118.15753083794
2020-10-05,118.740166566914
2020-10-06,118.857676468423
2020-10-07,118.585167644487
2020-10-08,118.363986891926
2020-10-09,119.135217289562
2020-10-10,118.996281985895
2020-10-11,118.857508708361
2020-10-12,118.718897268006
2020-10-13,118.38372969726
2020-10-14,118.391026682655
2020-10-15,117.936173765902
2020-10-16,117.866977754513
2020-10-17,117.729521469804
2020-10-18,117.592225486398
2020-10-19,118.1304776841
2020-10-20,118.466691873014
2020-10-21,118.350496437284
2020-10-22,118.663106580308
2020-10-23,118.445673407813
2020-10-24,118.30754224914
2020-10-25,118.169572178808
2020-10-26,118.053875552914
2020-10-27,117.858481576956
2020-10-28,116.990999066348
2020-10-29,116.42285741817
2020-10-30,116.461488809707
2020-10-31,116.325671604002
2020-11-01,116.206088715038
2020-11-02,116.617367280045
2020-11-03,117.168124826472
2020-11-04,117.819192245643
2020-11-05,118.839555560455
2020-11-06,118.717388396654
2020-11-07,118.5953468208
2020-11-08,118.47343070379
2020-11-09,119.849268953479
2020-11-10,120.019952898445
2020-11-11,119.520584167102
2020-11-12,119.488924500236
2020-11-13,119.253584250428
2020-11-14,119.130991464783
2020-11-15,119.008524704625
2020-11-16,119.776482123546
2020-11-17,120.517897208649
2020-11-18,120.838663640152
2020-11-19,120.675847808954
2020-11-20,120.394619974988
2020-11-21,120.270854203652
2020-11-22,120.147215663633
2020-11-23,120.023704224137
2020-11-24,120.237116094177
2020-11-25,120.88681852139
2020-11-26,121.023823392253
2020-11-27,120.941075011184
2020-11-28,120.816747483607
2020-11-29,120.692547764834
2020-11-30,120.723802881064
2020-12-01,121.909548856976
2020-12-02,122.145912136367
2020-12-03,123.075384338114
2020-12-04,122.946489715283
2020-12-05,122.822958345194
2020-12-06,122.699551094137
2020-12-07,122.576267837404
2020-12-08,122.45310845041
2020-12-09,122.776805134101
2020-12-10,123.595589466966
2020-12-11,123.598625954882
2020-12-12,123.474439346214
2020-12-13,123.350377514935
2020-12-14,123.270815619737
2020-12-15,123.512957650239
2020-12-16,123.31507041438
2020-12-17,124.11284340765
2020-12-18,123.820154299775
2020-12-19,123.695745108908
2020-12-20,123.571460919072
2020-12-21,123.574406487187
2020-12-22,123.317036770732
2020-12-23,123.070978101786
2020-12-24,122.947321651095
2020-12-25,122.823789445112
2020-12-26,122.700381359002
2020-12-27,122.577097268055
2020-12-28,122.95521522836
2020-12-29,123.698995370682
2020-12-30,124.072586444344
2020-12-31,123.947923620464
2021-01-01,123.807122819244
2021-01-02,123.666481963145
2021-01-03,123.526000870474
2021-01-04,123.79729978765
2021-01-05,123.789049098944
2021-01-06,123.76852834721
2021-01-07,122.700083832564
2021-01-08,122.804080231756
2021-01-09,122.664578799342
2021-01-10,122.525235836009
2021-01-11,121.75485483252
2021-01-12,122.510046953081
2021-01-13,122.988929638173
2021-01-14,123.755910844441
2021-01-15,123.092546625177
2021-01-16,122.952717504343
2021-01-17,122.813047224833
2021-01-18,123.031188313491
2021-01-19,122.774663965615
2021-01-20,123.235978135992
2021-01-21,122.800222445872
2021-01-22,122.089133099144
2021-01-23,121.95044382337
2021-01-24,121.811912094093
2021-01-25,121.722225300229
2021-01-26,122.986366534242
2021-01-27,122.537783550304
2021-01-28,122.438636745736
2021-01-29,122.165854882457
2021-01-30,122.027078453238
2021-01-31,121.888459669519
2021-02-01,121.931834526587
2021-02-02,122.603217539576
2021-02-03,122.551594073194
2021-02-04,121.925136621589
2021-02-05,122.660451042666
2021-02-06,122.547272749979
2021-02-07,122.434198886435
2021-02-08,122.757180057382
2021-02-09,122.846103446499
2021-02-10,122.931690037875
2021-02-11,122.758398396517
2021-02-12,122.904772099713
2021-02-13,122.791368372993
2021-02-14,122.678069283424
2021-02-15,122.564874734458
2021-02-16,122.451784629636
2021-02-17,122.426992990413
2021-02-18,122.213267622065
2021-02-19,122.100501943677
2021-02-20,121.987840313715
2021-02-21,121.875282636175
2021-02-22,122.463223570611
2021-02-23,122.523674567658
2021-02-24,122.827885345323
2021-02-25,122.243997035523
2021-02-26,121.259905059765
2021-02-27,121.148019045084
2021-02-28,121.036236267168
2021-03-01,121.162382081367
2021-03-02,120.426652946361
2021-03-03,119.887938423352
2021-03-04,120.470992752347
2021-03-05,119.578117512633
2021-03-06,119.40338415658
2021-03-07,119.228906129398
2021-03-08,118.819946848369
2021-03-09,118.541589617967
2021-03-10,119.037721738347
2021-03-11,120.347901419779
2021-03-12,119.885518227932
2021-03-13,119.710335683016
2021-03-14,119.535409123348
2021-03-15,119.33811586809
2021-03-16,119.254246855864
2021-03-17,119.137489232677
2021-03-18,119.712731181668
2021-03-19,120.046165611632
2021-03-20,119.870748320953
2021-03-21,119.695587358543
2021-03-22,119.532140425329
2021-03-23,119.294255456961
2021-03-24,119.119936893938
2021-03-25,117.788469357232
2021-03-26,117.21741726814
2021-03-27,117.046133481999
2021-03-28,116.87509998405
2021-03-29,116.497800350029
2021-03-30,116.356417523879
2021-03-31,116.829135409569
2021-04-01,116.681194303888
2021-04-02,116.533440536501
2021-04-03,116.385873870178
2021-04-04,116.238494067995
2021-04-05,116.614605398133
2021-04-06,117.058646383851
2021-04-07,117.07457828317
2021-04-08,117.389346506832
2021-04-09,116.468489798213
2021-04-10,116.321005379217
2021-04-11,116.17370772021
2021-04-12,116.114312802448
2021-04-13,116.238815725978
2021-04-14,116.223269462807
2021-04-15,116.67048328055
2021-04-16,116.861603801494
2021-04-17,116.713621580986
2021-04-18,116.565826750834
2021-04-19,116.846412199169
2021-04-20,116.984318655794
2021-04-21,116.73874980911
2021-04-22,117.172730310196
2021-04-23,116.999121473252
2021-04-24,116.850965113679
2021-04-25,116.702996364974
2021-04-26,117.170514464426
2021-04-27,117.166489116639
2021-04-28,117.404721913724
2021-04-29,117.601247196787
2021-04-30,116.858435279371
2021-05-01,116.755307897179
2021-05-02,116.652270277311
2021-05-03,116.938308822196
2021-05-04,116.728910405883
2021-05-05,116.906557410348
2021-05-06,117.592010558585
2021-05-07,118.419665227176
2021-05-08,118.315158796844
2021-05-09,118.210744594387
2021-05-10,118.31113586581
2021-05-11,118.155406160357
2021-05-12,117.406781573247
2021-05-13,117.045976122375
2021-05-14,117.500748885953
2021-05-15,117.39705340764
2021-05-16,117.293449441529
2021-05-17,117.390400265569
2021-05-18,117.563883745109
2021-05-19,117.349868324773
2021-05-20,117.21126602601
2021-05-21,116.673188211593
2021-05-22,116.570223063094
2021-05-23,116.467348782273
2021-05-24,116.36456528894
2021-05-25,116.261872502973
2021-05-26,116.722425861686
2021-05-27,117.193244354591
2021-05-28,117.373782875239
2021-05-29,117.270199445584
2021-05-30,117.166707429247
2021-05-31,117.291252249496
2021-06-01,117.549274979475
2021-06-02,118.106445442229
2021-06-03,117.730699598849
2021-06-04,118.074239086718
2021-06-05,117.969299628716
2021-06-06,117.864453436527
2021-06-07,118.062220660229
2021-06-08,117.993459351514
2021-06-09,117.682355122209
2021-06-10,117.619610758811
2021-06-11,117.022717259697
2021-06-12,116.918712350429
2021-06-13,116.814799876385
2021-06-14,117.236168440882
2021-06-15,117.158844607436
2021-06-16,117.149185471426
2021-06-17,116.598643987716
2021-06-18,115.967977190676
2021-06-19,115.864909690381
2021-06-20,115.76193379218
2021-06-21,115.659049414662
2021-06-22,116.306813403736
2021-06-23,116.575011970435
2021-06-24,116.926123081406
2021-06-25,116.59868248919
2021-06-26,116.495054444337
2021-06-27,116.391518499767
2021-06-28,116.492869106139
2021-06-29,116.361374179316
2021-06-30,115.703489516119
2021-07-01,115.244841035661
2021-07-02,115.343120335544
2021-07-03,115.26551572693
2021-07-04,115.187963331879
2021-07-05,114.91893450436
2021-07-06,114.029923441023
2021-07-07,113.433967806276
2021-07-08,113.516384717302
2021-07-09,113.440009164242
2021-07-10,113.363684997818
2021-07-11,113.287412183456
2021-07-12,113.872977309064
2021-07-13,113.691110197309
2021-07-14,114.394105855031
2021-07-15,113.926856969124
2021-07-16,114.108659388257
2021-07-17,114.031885343776
2021-07-18,113.955162954041
2021-07-19,112.955074947641
2021-07-20,112.989577234387
2021-07-21,113.120626252685
2021-07-22,113.14694291049
2021-07-23,113.065618250221
2021-07-24,112.989545979708
2021-07-25,112.913524891777
2021-07-26,113.183408756825
2021-07-27,113.07311116049
2021-07-28,112.918785662121
2021-07-29,114.11562020803
2021-07-30,113.279585089509
2021-07-31,113.203368858847
2021-08-01,113.137329866193
2021-08-02,113.478994980979
2021-08-03,112.620898892098
2021-08-04,112.873126062861
2021-08-05,112.852289332453
2021-08-06,112.233520592332
2021-08-07,112.16804737615
2021-08-08,112.102612354813
2021-08-09,112.199399463505
2021-08-10,112.24323518468
2021-08-11,112.268549281632
2021-08-12,112.178855428003
2021-08-13,112.20856385095
2021-08-14,112.143105193681
2021-08-15,112.077684722765
2021-08-16,112.012302415925
2021-08-17,111.55012923851
2021-08-18,111.098992944248
2021-08-19,110.511099078329
2021-08-20,110.499981164078
2021-08-21,110.435519235799
2021-08-22,110.371094912415
2021-08-23,110.754283340217
2021-08-24,111.587492574551
2021-08-25,111.726912262866
2021-08-26,111.556206202971
2021-08-27,111.992040085495
2021-08-28,111.926707740821
2021-08-29,111.861413508814
2021-08-30,112.107640927922
2021-08-31,112.365322036342
2021-09-01,112.399128737602
2021-09-02,112.375351730176
2021-09-03,112.287236851233
2021-09-04,112.156157462948
2021-09-05,112.025231091217
2021-09-06,111.972461440179
2021-09-07,111.73423230417
2021-09-08,110.759724013097
2021-09-09,110.620823529485
2021-09-10,110.906468760251
2021-09-11,110.777001222447
2021-09-12,110.647684819591
2021-09-13,110.75630725384
2021-09-14,110.641056635218
2021-09-15,110.498307447118
2021-09-16,110.12777048249
2021-09-17,109.756202734948
2021-09-18,109.628077969227
2021-09-19,109.500102770959
2021-09-20,109.138803400566
2021-09-21,109.494661527844
2021-09-22,109.419132677897
2021-09-23,109.257697570881
2021-09-24,108.716801426156
2021-09-25,108.589890013721
2021-09-26,108.46312675232
2021-09-27,108.265679297714
2021-09-28,107.524698014815
2021-09-29,107.199251424352
2021-09-30,107.073751265486
2021-10-01,107.730108503806
2021-10-02,107.630012378734
2021-10-03,107.530009256763
2021-10-04,107.043720158612
2021-10-05,106.756830657759
2021-10-06,106.313074305481
2021-10-07,106.306574013772
2021-10-08,106.207800548523
2021-10-09,106.109118857444
2021-10-10,106.010528855262
2021-10-11,105.912030456786
2021-10-12,105.538670039576
2021-10-13,105.668596066822
2021-10-14,105.703975512622
2021-10-15,106.0812817174
2021-10-16,105.982717579759
2021-10-17,105.884245021793
2021-10-18,105.577008792858
2021-10-19,105.429168521002
2021-10-20,105.516310871015
2021-10-21,104.609167849556
2021-10-22,104.661773997853
2021-10-23,104.564528778611
2021-10-24,104.467373913587
2021-10-25,105.124573581079
2021-10-26,104.943232628109
2021-10-27,105.018484556144
2021-10-28,104.878921401551
2021-10-29,104.208358735418
2021-10-30,104.111534801474
2021-10-31,104.014800830315
2021-11-01,103.948318371703
2021-11-02,103.851876591284
2021-11-03,104.27061976248
2021-11-04,104.136228641474
2021-11-05,104.699061235625
2021-11-06,104.629006906406
2021-11-07,104.558999450663
2021-11-08,104.630180506631
2021-11-09,105.076997138095
2021-11-10,104.779570304874
2021-11-11,105.015078563612
2021-11-12,104.6710884285
2021-11-13,104.601052815936
2021-11-14,104.531064064326
2021-11-15,104.405997135846
2021-11-16,103.922149248715
2021-11-17,103.83747737285
2021-11-18,103.521961618528
2021-11-19,103.254167700869
2021-11-20,103.185080152499
2021-11-21,103.116038830731
2021-11-22,103.047043704636
2021-11-23,102.677391958436
2021-11-24,102.780198020598
2021-11-25,102.955575823902
2021-11-26,103.052297698672
2021-11-27,102.983345221882
2021-11-28,102.914438881318
2021-11-29,102.740258520643
2021-11-30,102.764402756597
2021-12-01,102.63612871691
2021-12-02,102.597762037644
2021-12-03,102.472407482979
2021-12-04,102.367685461673
2021-12-05,102.263070461389
2021-12-06,101.967616359446
2021-12-07,102.357510103972
2021-12-08,102.252905502428
2021-12-09,102.533426189237
2021-12-10,102.445534924879
2021-12-11,102.340840366075
2021-12-12,102.236252800226
2021-12-13,101.904627116378
2021-12-14,101.658797373643
2021-12-15,101.381384466778
2021-12-16,101.768110153653
2021-12-17,101.664212458575
2021-12-18,101.560316374891
2021-12-19,101.456526468159
2021-12-20,101.13970409812
2021-12-21,100.997994053578
2021-12-22,101.471918223863
2021-12-23,101.48085963011
2021-12-24,101.377150924465
2021-12-25,101.273548204281
2021-12-26,101.170051361245
2021-12-27,101.466933305689
2021-12-28,101.39738055339
2021-12-29,101.178226539018
2021-12-30,101.780361850004
2021-12-31,101.821804221013
2022-01-01,101.714485816094
2022-01-02,101.607280522902
2022-01-03,101.088099195805
2022-01-04,100.926292792619
2022-01-05,101.056406653697
2022-01-06,100.793460117946
2022-01-07,101.26892801938
2022-01-08,101.162192336331
2022-01-09,101.055569150828
2022-01-10,100.840625784711
2022-01-11,101.322672167424
2022-01-12,101.905281447339
2022-01-13,102.04549331628
2022-01-14,101.790027719849
2022-01-15,101.682742806808
2022-01-16,101.575570970193
2022-01-17,101.909702346543
2022-01-18,101.335968761011
2022-01-19,102.000867580212
2022-01-20,102.370162880518
2022-01-21,102.111405511062
2022-01-22,102.003781871437
2022-01-23,101.89627166525
2022-01-24,101.519186700197
2022-01-25,101.707043883633
2022-01-26,101.954010142695
2022-01-27,101.44619887874
2022-01-28,101.502128235991
2022-01-29,101.395146763982
2022-01-30,101.288278048578
2022-01-31,102.115372664022
2022-02-01,102.275231261348
2022-02-02,102.290118096751
2022-02-03,102.449144687863
2022-02-04,102.195691137644
2022-02-05,102.075543769156
2022-02-06,101.955537653102
2022-02-07,102.373226085901
2022-02-08,102.375847029233
2022-02-09,102.738311484302
2022-02-10,102.816409419625
2022-02-11,102.91106820661
2022-02-12,102.790079798041
2022-02-13,102.669233630683
2022-02-14,102.495556294529
2022-02-15,102.771016656699
2022-02-16,103.048419139563
2022-02-17,102.91805927555
2022-02-18,103.040850441935
2022-02-19,102.919709453606
2022-02-20,102.79871088587
2022-02-21,103.193496826406
2022-02-22,103.504091766341
2022-02-23,103.780072364707
2022-02-24,102.367804235466
2022-02-25,102.469519205775
2022-02-26,102.349049908627
2022-02-27,102.228722242393
2022-02-28,102.108536040562
2022-03-01,101.922779436047
2022-03-02,102.085898495403
2022-03-03,102.515706069847
2022-03-04,102.033044176018
2022-03-05,101.847186492573
2022-03-06,101.661667357083
2022-03-07,101.366605300504
2022-03-08,101.632964745193
2022-03-09,102.245388541915
2022-03-10,101.618286630506
2022-03-11,101.319227650103
2022-03-12,101.134670214896
2022-03-13,100.950448959185
2022-03-14,100.611922010155
2022-03-15,100.2175242824
2022-03-16,100.517874339099
2022-03-17,101.258221072926
2022-03-18,101.31035160994
2022-03-19,101.125810342831
2022-03-20,100.941605225767
2022-03-21,101.266508776029
2022-03-22,101.354540316574
2022-03-23,101.666559838405
2022-03-24,101.481369722321
2022-03-25,102.120652617554
2022-03-26,101.934635351474
2022-03-27,101.748956924037
2022-03-28,101.608317020662
2022-03-29,101.938214278639
2022-03-30,101.918409698106
2022-03-31,102.037485876364
2022-04-01,102.096992780166
2022-04-02,101.916676572562
2022-04-03,101.736678826196
2022-04-04,102.339918987979
2022-04-05,101.877973483501
2022-04-06,101.426875158343
2022-04-07,101.030373113812
2022-04-08,101.039976333552
2022-04-09,100.861526950736
2022-04-10,100.683392732111
2022-04-11,101.045828610232
2022-04-12,101.150714666069
2022-04-13,101.225704218361
2022-04-14,101.046926816601
2022-04-15,100.868465158353
2022-04-16,100.690318685975
2022-04-17,100.512486842807
2022-04-18,100.814678292601
2022-04-19,100.608495802624
2022-04-20,101.004291441713
2022-04-21,100.73158223162
2022-04-22,99.23710862072
2022-04-23,99.061843330403
2022-04-24,98.886887580765
2022-04-25,98.184256645409
2022-04-26,97.513430816536
2022-04-27,97.496145104194
2022-04-28,96.797533681113
2022-04-29,97.312951030846
2022-04-30,97.141084046297
2022-05-01,97.005489883442
2022-05-02,96.171307111807
2022-05-03,96.855945454891
2022-05-04,96.716753668309
2022-05-05,96.073642590774
2022-05-06,95.943309164524
2022-05-07,95.809400591475
2022-05-08,95.675678915314
2022-05-09,95.321530742146
2022-05-10,95.377047898403
2022-05-11,95.362225519702
2022-05-12,94.900474404639
2022-05-13,95.376874436251
2022-05-14,95.243756439084
2022-05-15,95.110824235393
2022-05-16,95.387200624783
2022-05-17,96.506528000041
2022-05-18,96.371833339548
2022-05-19,97.123043296155
2022-05-20,97.163382466744
2022-05-21,97.027771031073
2022-05-22,96.892348868986
2022-05-23,97.921886004033
2022-05-24,98.025799997397
2022-05-25,97.888984881117
2022-05-26,97.877736983772
2022-05-27,98.318653452144
2022-05-28,98.181429598782
2022-05-29,98.044397269461
2022-05-30,98.444553083215
2022-05-31,98.301992063992
2022-06-01,97.694400485749
2022-06-02,98.006434958361
2022-06-03,98.003547813271
2022-06-04,97.860898329415
2022-06-05,97.718456479627
2022-06-06,97.930169333106
2022-06-07,97.34646096774
2022-06-08,97.218806499837
2022-06-09,97.064441918416
2022-06-10,96.043019903476
2022-06-11,95.903224074418
2022-06-12,95.763631725779
2022-06-13,95.038254302334
2022-06-14,94.718850582049
2022-06-15,95.154286377687
2022-06-16,95.710041999675
2022-06-17,95.570730838032
2022-06-18,95.431622451347
2022-06-19,95.29271654447
2022-06-20,95.15401282268
2022-06-21,95.01649245514
2022-06-22,95.005216343992
2022-06-23,94.494443075699
2022-06-24,94.480866713574
2022-06-25,94.343344683284
2022-06-26,94.206022823774
2022-06-27,94.559520127618
2022-06-28,94.242119563796
2022-06-29,94.281966137111
2022-06-30,94.433569230715
2022-07-01,93.678979856029
2022-07-02,93.477633027485
2022-07-03,93.276718959262
2022-07-04,93.369780849653
2022-07-05,92.421705208556
2022-07-06,92.066875652172
2022-07-07,92.452309341647
2022-07-08,92.665634839979
2022-07-09,92.466466021971
2022-07-10,92.267725283026
2022-07-11,91.834567921652
2022-07-12,91.376178411183
2022-07-13,91.534063389883
2022-07-14,90.847444626266
2022-07-15,91.297863546198
2022-07-16,91.101634516952
2022-07-17,90.905827248199
2022-07-18,91.431537984718
2022-07-19,91.681674137454
2022-07-20,91.114053968518
2022-07-21,90.828426622859
2022-07-22,90.935655350938
2022-07-23,90.740204825808
2022-07-24,90.54517438791
2022-07-25,91.327110384244
2022-07-26,91.39576927867
2022-07-27,91.669506671589
2022-07-28,92.3332897376
2022-07-29,92.423284654898
2022-07-30,92.224636726862
2022-07-31,92.026415758325
2022-08-01,92.350048594381
2022-08-02,91.803129095536
2022-08-03,91.736387038791
2022-08-04,92.141675294235
2022-08-05,92.041116713011
2022-08-06,91.849825407875
2022-08-07,91.65893166814
2022-08-08,92.50403675374
2022-08-09,92.397887448853
2022-08-10,93.109755400677
2022-08-11,92.55049542063
2022-08-12,92.937973923887
2022-08-13,92.744818658464
2022-08-14,92.552064832356
2022-08-15,92.359711611241
2022-08-16,92.048652324057
2022-08-17,91.672776603446
2022-08-18,91.274043468204
2022-08-19,91.218661937733
2022-08-20,91.029079960483
2022-08-21,90.839891996095
2022-08-22,90.721015980405
2022-08-23,91.261943692269
2022-08-24,91.050269665029
2022-08-25,91.159808494734
2022-08-26,91.207686257888
2022-08-27,91.018127091662
2022-08-28,90.828961890889
2022-08-29,91.383243631361
2022-08-30,90.844382380774
2022-08-31,90.399725153522
2022-09-01,89.849270835157
2022-09-02,89.660720960039
2022-09-03,89.472566759311
2022-09-04,89.284807402645
2022-09-05,90.319699165948
2022-09-06,89.677005681256
2022-09-07,89.741787080165
2022-09-08,89.968756580928
2022-09-09,90.416794567554
2022-09-10,90.227053736429
2022-09-11,90.03771107893
2022-09-12,90.931244414156
2022-09-13,90.131059043264
2022-09-14,90.074884525993
2022-09-15,89.62785986654
2022-09-16,89.434724848273
2022-09-17,89.247044903354
2022-09-18,89.059758807265
2022-09-19,89.948602010462
2022-09-20,89.828781038838
2022-09-21,89.305607724794
2022-09-22,89.499736887644
2022-09-23,88.382786837755
2022-09-24,88.19731439857
2022-09-25,88.012231175735
2022-09-26,87.202012536125
2022-09-27,87.298185890544
2022-09-28,87.715645096532
2022-09-29,87.605742120472
2022-09-30,87.7906683203
2022-10-01,87.622573439541
2022-10-02,87.454674504817
2022-10-03,88.86526350357
2022-10-04,89.22209100311
2022-10-05,88.912851615898
2022-10-06,88.832466757532
2022-10-07,88.662249472739
2022-10-08,88.492358351623
2022-10-09,88.322792769202
2022-10-10,88.153552101693
2022-10-11,88.551136552129
2022-10-12,87.936806146042
2022-10-13,88.473320027039
2022-10-14,87.79420974335
2022-10-15,87.625981925879
2022-10-16,87.458076459948
2022-10-17,88.101347300572
2022-10-18,88.207453404757
2022-10-19,87.906033320103
2022-10-20,88.382633594926
2022-10-21,88.57546595648
2022-10-22,88.40574112653
2022-10-23,88.236341516635
2022-10-24,88.056581625159
2022-10-25,88.156483709734
2022-10-26,88.506381089512
2022-10-27,88.453306984497
2022-10-28,89.205750825875
2022-10-29,89.034818268807
2022-10-30,88.864213245992
2022-10-31,88.714279149797
2022-11-01,89.226757409076
2022-11-02,89.118899996839
2022-11-03,88.91339812726
2022-11-04,90.13626399617
2022-11-05,89.992161648189
2022-11-06,89.848289679034
2022-11-07,89.995298029365
2022-11-08,89.999808490303
2022-11-09,89.900424815431
2022-11-10,89.456219970113
2022-11-11,90.054298695453
2022-11-12,89.910327386765
2022-11-13,89.766586247408
2022-11-14,90.529013386691
2022-11-15,90.693030331307
2022-11-16,90.354326424182
2022-11-17,89.601702932737
2022-11-18,90.267738413383
2022-11-19,90.12342587506
2022-11-20,89.979344051597
2022-11-21,89.835492574147
2022-11-22,90.261330344907
2022-11-23,90.292284444401
2022-11-24,90.82135023894
2022-11-25,90.475785875379
2022-11-26,90.33114072811
2022-11-27,90.186726827448
2022-11-28,90.584821735656
2022-11-29,91.071218082932
2022-11-30,91.494234495749
2022-12-01,92.481595482079
2022-12-02,92.593714953951
2022-12-03,92.455638596938
2022-12-04,92.317768140296
2022-12-05,92.639401245948
2022-12-06,92.604938776927
2022-12-07,93.167254247299
2022-12-08,93.028322624717
2022-12-09,92.889598177886
2022-12-10,92.751080597862
2022-12-11,92.612769576165
2022-12-12,92.663086095356
2022-12-13,93.331096201039
2022-12-14,93.11380613889
2022-12-15,92.962173234161
2022-12-16,93.103090532028
2022-12-17,92.964254590801
2022-12-18,92.825625682643
2022-12-19,93.002494453949
2022-12-20,93.719305662653
2022-12-21,93.899603377852
2022-12-22,93.84864628173
2022-12-23,94.053151195493
2022-12-24,93.912898517553
2022-12-25,93.77285498533
2022-12-26,93.905647145478
2022-12-27,93.52709040037
2022-12-28,93.793351780029
2022-12-29,93.753619538295
2022-12-30,94.083972082368
2022-12-31,93.943673444118
2023-01-01,93.782102782055
2023-01-02,93.67997690568
2023-01-03,92.944600262314
2023-01-04,93.081027999801
2023-01-05,93.373960239052
2023-01-06,94.437233179483
2023-01-07,94.274813660117
2023-01-08,94.112673480789
2023-01-09,94.786082407159
2023-01-10,94.937566908559
2023-01-11,95.288698365146
2023-01-12,96.091687537318
2023-01-13,96.16274888706
2023-01-14,95.997361709468
2023-01-15,95.832258975892
2023-01-16,95.791180489111
2023-01-17,95.80161833745
2023-01-18,95.55818842046
2023-01-19,95.211213407343
2023-01-20,95.43778455288
2023-01-21,95.273644217818
2023-01-22,95.109786182368
2023-01-23,95.39213712135
2023-01-24,95.669843226938
2023-01-25,96.074693549636
2023-01-26,96.034405597621
2023-01-27,95.909311618735
2023-01-28,95.74436031964
2023-01-29,95.579692714909
2023-01-30,95.86614319691
2023-01-31,96.220110198809
2023-02-01,96.236049344239
2023-02-02,96.788813479593
2023-02-03,95.713794254447
2023-02-04,95.525232502064
2023-02-05,95.337042227323
2023-02-06,94.901189334735
2023-02-07,95.419187114206
2023-02-08,94.96849430215
2023-02-09,94.890021974419
2023-02-10,94.638593819349
2023-02-11,94.452150274481
2023-02-12,94.266074034261
2023-02-13,95.067700393441
2023-02-14,94.865176535775
2023-02-15,94.535809239314
2023-02-16,94.61535667589
2023-02-17,94.907404275293
2023-02-18,94.720431158161
2023-02-19,94.533826388967
2023-02-20,94.347589242042
2023-02-21,94.16171899315
2023-02-22,94.561025430107
2023-02-23,94.660468134534
2023-02-24,93.986494811131
2023-02-25,93.80133593931
2023-02-26,93.616541841257
2023-02-27,94.100420449755
2023-02-28,94.026034893395
2023-03-01,94.520119643304
2023-03-02,94.081666000115
2023-03-03,94.235508088834
2023-03-04,94.010804578693
2023-03-05,93.786636871548
2023-03-06,94.281779156414
2023-03-07,93.757917759265
2023-03-08,93.933070516002
2023-03-09,93.900747626038
2023-03-10,93.919814462351
2023-03-11,93.695863720115
2023-03-12,93.472446985908
2023-03-13,93.767763162346
2023-03-14,93.543318519629
2023-03-15,92.713160808736
2023-03-16,92.95269942338
2023-03-17,93.104182725163
2023-03-18,92.88217684764
2023-03-19,92.660700340637
2023-03-20,93.250029896827
2023-03-21,93.338785518714
2023-03-22,93.40024781616
2023-03-23,93.54432981573
2023-03-24,93.321274412415
2023-03-25,93.098750882203
2023-03-26,92.876757956848
2023-03-27,93.376846640087
2023-03-28,93.796414023977
2023-03-29,93.909002148843
2023-03-30,94.12452102069
2023-03-31,94.229849759495
2023-04-01,93.984259721903
2023-04-02,93.739309762446
2023-04-03,94.121688518567
2023-04-04,94.09317094309
2023-04-05,94.095849021146
2023-04-06,93.850608227943
2023-04-07,93.606006602645
2023-04-08,93.362042479396
2023-04-09,93.118714196684
2023-04-10,93.624270755232
2023-04-11,94.027060500749
2023-04-12,94.615039433718
2023-04-13,94.883725770784
2023-04-14,94.556491644377
2023-04-15,94.310050284268
2023-04-16,94.064251221086
2023-04-17,94.177723264836
2023-04-18,94.029553303888
2023-04-19,93.489640813349
2023-04-20,93.637675796663
2023-04-21,93.52979385477
2023-04-22,93.286028363819
2023-04-23,93.042898195712
2023-04-24,93.593165725444
2023-04-25,93.246328687674
2023-04-26,93.57288047922
2023-04-27,93.870223053696
2023-04-28,93.922272604246
2023-04-29,93.677484201011
2023-04-30,93.433333786623
2023-05-01,93.214414246306
2023-05-02,93.353870431984
2023-05-03,93.850623161022
2023-05-04,93.838994151281
2023-05-05,94.199929219201
2023-05-06,93.979203558948
2023-05-07,93.758995094595
2023-05-08,93.778254360397
2023-05-09,93.70336130681
2023-05-10,93.77767669308
2023-05-11,93.676446553395
2023-05-12,93.534295517741
2023-05-13,93.315129544842
2023-05-14,93.096477113242
2023-05-15,93.615478872273
2023-05-16,93.303733984363
2023-05-17,93.250305468775
2023-05-18,92.645303354127
2023-05-19,92.744040972363
2023-05-20,92.526726693597
2023-05-21,92.309921617312
2023-05-22,92.842908840798
2023-05-23,92.665938785461
2023-05-24,92.782329376487
2023-05-25,92.564925381801
2023-05-26,92.348030799815
2023-05-27,92.131644436892
2023-05-28,91.915765102194
2023-05-29,92.24370049432
2023-05-30,92.014832430678
2023-05-31,91.73801567869
2023-06-01,92.414871655476
2023-06-02,92.707258433997
2023-06-03,92.53470398577
2023-06-04,92.362470710212
2023-06-05,93.086977083307
2023-06-06,93.160407996771
2023-06-07,93.024097499103
2023-06-08,93.392366131243
2023-06-09,93.617312021805
2023-06-10,93.443063706265
2023-06-11,93.269139716161
2023-06-12,93.719787070207
2023-06-13,93.753288494589
2023-06-14,94.161117236559
2023-06-15,94.697737612951
2023-06-16,94.792961295918
2023-06-17,94.616524764318
2023-06-18,94.440416631042
2023-06-19,94.264636284849
2023-06-20,94.089183115634
2023-06-21,95.023949865906
2023-06-22,95.040533145577
2023-06-23,94.90258986901
2023-06-24,94.725949287606
2023-06-25,94.54963748432
2023-06-26,94.843187186662
2023-06-27,94.899529279419
2023-06-28,94.528523412048
2023-06-29,94.28025255834
2023-06-30,94.759650527712
2023-07-01,94.590739218545
2023-07-02,94.422051353194
2023-07-03,94.66880713987
2023-07-04,94.861492998428
2023-07-05,94.585523975671
2023-07-06,94.244624833767
2023-07-07,94.909106898606
2023-07-08,94.739851274035
2023-07-09,94.570897490534
2023-07-10,94.884806975468
2023-07-11,95.113419045833
2023-07-12,95.981896935889
2023-07-13,96.265982381648
2023-07-14,96.335230871134
2023-07-15,96.163431976358
2023-07-16,95.99193945818
2023-07-17,96.33081734794
2023-07-18,96.355972845666
2023-07-19,96.277971630158
2023-07-20,96.298344248863
2023-07-21,96.495445781339
2023-07-22,96.3233611682
2023-07-23,96.151583441192
2023-07-24,96.68760823404
2023-07-25,96.731722373588
2023-07-26,96.979155976791
2023-07-27,96.979429230457
2023-07-28,97.037079373057
2023-07-29,96.864028840684
2023-07-30,96.691286917009
2023-07-31,96.948315611318
2023-08-01,96.326522215356
2023-08-02,96.221663728909
2023-08-03,95.670545842549
2023-08-04,96.060572814782
2023-08-05,95.714958274003
2023-08-06,95.370587213325
2023-08-07,95.964292694395
2023-08-08,95.805604947527
2023-08-09,95.755280525512
2023-08-10,95.995273889689
2023-08-11,95.714146785904
2023-08-12,95.369778644864
2023-08-13,95.026649499526
2023-08-14,114.813908853754
2023-08-15,114.048267111157
2023-08-16,113.58732416439
2023-08-17,113.089713155593
2023-08-18,112.889447292888
2023-08-19,112.483284458941
2023-08-20,112.078582950669
2023-08-21,111.675337510395
2023-08-22,111.385666062737
2023-08-23,111.63819207229
2023-08-24,111.115375850387
2023-08-25,110.63861720928
2023-08-26,110.240552594852
2023-08-27,109.843920169665
2023-08-28,109.203459033659
2023-08-29,109.208721659249
2023-08-30,108.953030817321
2023-08-31,107.912791284105
2023-09-01,107.370263690325
2023-09-02,106.929063236145
2023-09-03,106.489675740544
2023-09-04,106.088865161282
2023-09-05,105.002870213917
2023-09-06,104.494980841021
2023-09-07,103.872364369029
2023-09-08,103.379610728348
2023-09-09,102.954808463375
2023-09-10,102.531751774373
2023-09-11,102.658896953337
2023-09-12,102.237056208937
2023-09-13,102.048519960269
2023-09-14,101.610701734867
2023-09-15,101.327877164019
2023-09-16,100.911505778783
2023-09-17,100.496845325772
2023-09-18,100.184880431152
2023-09-19,99.600707042418
2023-09-20,99.366278185728
2023-09-21,98.372000326389
2023-09-22,97.937348038846
2023-09-23,97.534908844316
2023-09-24,97.134123332559
2023-09-25,96.316196256001
2023-09-26,95.752911524368
2023-09-27,94.607858833698
2023-09-28,94.543139744227
2023-09-29,94.401241864218
2023-09-30,94.01333305824
2023-10-01,93.76426045925
2023-10-02,93.020245756532
2023-10-03,92.328278186331
2023-10-04,91.998991539416
2023-10-05,91.729512612054
2023-10-06,91.631794739989
2023-10-07,91.389158231988
2023-10-08,91.147164213585
2023-10-09,90.998240775047
2023-10-10,91.087380194064
2023-10-11,90.931825789073
2023-10-12,90.502475904644
2023-10-13,90.26282977765
2023-10-14,90.023818221872
2023-10-15,89.785439556996
2023-10-16,89.547692107158
2023-10-17,89.468055267581
2023-10-18,89.12694840375
2023-10-19,89.022071583618
2023-10-20,88.758042579635
2023-10-21,88.523015626713
2023-10-22,88.28861101366
2023-10-23,88.308773992742
2023-10-24,87.996379169714
2023-10-25,87.735730529812
2023-10-26,87.464767075111
2023-10-27,87.282456607292
2023-10-28,87.051336933809
2023-10-29,86.82082925391
2023-10-30,86.477876555847
2023-10-31,86.214889760756
2023-11-01,86.088577945918
2023-11-02,86.159513052145
2023-11-03,86.465555398078
2023-11-04,86.112962389384
2023-11-05,85.761807199822
2023-11-06,85.41208396619
2023-11-07,85.017173304412
2023-11-08,84.483238770649
2023-11-09,84.091422984397
2023-11-10,83.674586880778
2023-11-11,83.333375005094
2023-11-12,82.993554538061
2023-11-13,82.625429704637
2023-11-14,83.045297069207
2023-11-15,83.414132813928
2023-11-16,83.245558699558
2023-11-17,83.022481851873
2023-11-18,82.683929158484
2023-11-19,82.346757030017
2023-11-20,82.010959836745
2023-11-21,82.398286566205
2023-11-22,81.986110669604
2023-11-23,81.900730773123
2023-11-24,81.795237005723
2023-11-25,81.461688824833
2023-11-26,81.129500801246
2023-11-27,81.071742971267
2023-11-28,81.177053774081
2023-11-29,80.868277821537
2023-11-30,80.304094361707
2023-12-01,80.180100687999
2023-12-02,79.608086344198
2023-12-03,79.040152818539
2023-12-04,78.268091125036
2023-12-05,77.81428721561
2023-12-06,77.502041424765
2023-12-07,81.538497992564
2023-12-08,80.956792681352
2023-12-09,80.379237324793
2023-12-10,79.805802316617
2023-12-11,74.905224485302
2023-12-12,74.470602963083
2023-12-13,161.340103676494
2023-12-14,162.200986345984
2023-12-15,160.434407922022
2023-12-16,159.289849836124
2023-12-17,158.1534571633
2023-12-18,157.367080167186
2023-12-19,157.273959015825
2023-12-20,155.764346490305
2023-12-21,154.857605707322
2023-12-22,154.284967464341
2023-12-23,153.184280215695
2023-12-24,152.09144540037
2023-12-25,151.006406998174
2023-12-26,150.617244275023
2023-12-27,149.873090245185
2023-12-28,148.730623776989
2023-12-29,147.818820659341
2023-12-30,146.764263668575
2023-12-31,145.717230012401
2024-01-01,144.851257387629
2024-01-02,143.371304340525
2024-01-03,142.307143818201
2024-01-04,141.63051808499
2024-01-05,141.228693136431
2024-01-06,140.389395120142
2024-01-07,139.5550849087
2024-01-08,139.006838389789
2024-01-09,137.842479755247
2024-01-10,137.213854874635
2024-01-11,136.462054332473
2024-01-12,136.075716769565
2024-01-13,135.267042012237
2024-01-14,134.463173070956
2024-01-15,133.828819545818
2024-01-16,132.209294271215
2024-01-17,131.398747845718
2024-01-18,130.63668513347
2024-01-19,130.230565742098
2024-01-20,129.456627719589
2024-01-21,128.687289078641
2024-01-22,127.772553900565
2024-01-23,127.086466086935
2024-01-24,127.09729597623
2024-01-25,126.113033610561
2024-01-26,125.542190347896
2024-01-27,124.796114540073
2024-01-28,124.054472533425
2024-01-29,123.132474317993
2024-01-30,122.466058524307
2024-01-31,122.117821442991
2024-02-01,121.909094896759
2024-02-02,120.708430977607
2024-02-03,120.240601129735
2024-02-04,119.77458445071
2024-02-05,119.277266061954
2024-02-06,119.231938177458
2024-02-07,118.787249483128
2024-02-08,118.121587119398
2024-02-09,118.073957211607
2024-02-10,117.61633779768
2024-02-11,117.160491980006
2024-02-12,116.706412884655
2024-02-13,116.254093664338
2024-02-14,115.936755501316
2024-02-15,115.596754951722
2024-02-16,115.269370987391
2024-02-17,114.822621312521
2024-02-18,114.377603106039
2024-02-19,114.242729221831
2024-02-20,114.190847285356
2024-02-21,113.731050705476
2024-02-22,113.274029640271
2024-02-23,112.677442762847
2024-02-24,112.240738628104
2024-02-25,111.805727028233
2024-02-26,111.566514223754
2024-02-27,111.558579030651
2024-02-28,111.029845221315
2024-02-29,110.586226721273
2024-03-01,110.453888611009
2024-03-02,110.072455984722
2024-03-03,109.69256595482
2024-03-04,109.554214270925
2024-03-05,109.261228973291
2024-03-06,109.140391234842
2024-03-07,108.958778707198
2024-03-08,108.499899692243
2024-03-09,108.125436982479
2024-03-10,107.752266645532
2024-03-11,107.60239357861
2024-03-12,107.24594271063
2024-03-13,107.184044127349
2024-03-14,106.622916427003
2024-03-15,106.220407672655
2024-03-16,105.853812110796
2024-03-17,105.488481770084
2024-03-18,105.137233914286
2024-03-19,104.765101265389
2024-03-20,104.585579614074
2024-03-21,104.396633182022
2024-03-22,103.761042644785
2024-03-23,103.402935021581
2024-03-24,103.046063325335
2024-03-25,103.120304711619
2024-03-26,102.782727098693
2024-03-27,102.607565441271
2024-03-28,102.253438782109
2024-03-29,101.900534310514
2024-03-30,101.548847808383
2024-03-31,101.198375072173
2024-04-01,100.920274466309
2024-04-02,100.642938101442
2024-04-03,100.368236032715
2024-04-04,100.332348166459
2024-04-05,99.849379250875
2024-04-06,99.574985785121
2024-04-07,99.301346372868
2024-04-08,99.485340101374
2024-04-09,99.377034951314
2024-04-10,98.527515236697
2024-04-11,98.228935057612
2024-04-12,97.544429488508
2024-04-13,97.276370194868
2024-04-14,97.009047547957
2024-04-15,96.477533173478
2024-04-16,95.772630572229
2024-04-17,95.929277021742
2024-04-18,95.501366556037
2024-04-19,95.820352226297
2024-04-20,95.557030824257
2024-04-21,95.29443304887
2024-04-22,95.193776535433
2024-04-23,95.384153090392
2024-04-24,94.996572206672
2024-04-25,94.853678279551
2024-04-26,94.838889548182
2024-04-27,94.57826527804
2024-04-28,94.318357222633
2024-04-29,94.402492290022
2024-04-30,93.545571818847
2024-05-01,93.431750218878
2024-05-02,94.113988473894
2024-05-03,94.350519788545
2024-05-04,94.235703217538
2024-05-05,94.12102636855
2024-05-06,94.343826706983
2024-05-07,94.104419505012
2024-05-08,93.924675605231
2024-05-09,93.625637027618
2024-05-10,93.590921985522
2024-05-11,93.477029780542
2024-05-12,93.363276172705
2024-05-13,93.409576977869
2024-05-14,93.559412478889
2024-05-15,93.728663102628
2024-05-16,93.660518569619
2024-05-17,93.77454724753
2024-05-18,93.660431586198
2024-05-19,93.546454793937
2024-05-20,93.60643757866
2024-05-21,93.487347504619
2024-05-22,93.112241944941
2024-05-23,92.947222195391
2024-05-24,93.012081021477
2024-05-25,92.8988932168
2024-05-26,92.78584315207
2024-05-27,92.897903449005
2024-05-28,92.835132883667
2024-05-29,92.320892764484
2024-05-30,92.349838380916
2024-05-31,92.168186761692
2024-06-01,92.038183928823
2024-06-02,91.908364464393
2024-06-03,92.094996682411
2024-06-04,91.623893804252
2024-06-05,91.52060172395
2024-06-06,91.6675600976
2024-06-07,91.09438110479
2024-06-08,90.965892870203
2024-06-09,90.837585867721
2024-06-10,90.571673008292
2024-06-11,90.342904114899
2024-06-12,90.300446510979
2024-06-13,90.088180158857
2024-06-14,89.912880883605
2024-06-15,89.786059150022
2024-06-16,89.659416297951
2024-06-17,89.532952075082
2024-06-18,89.466788257963
2024-06-19,89.330718412022
2024-06-20,89.204717816113
2024-06-21,89.078894943505
2024-06-22,88.953249543521
2024-06-23,88.827781365835
2024-06-24,89.156579235497
2024-06-25,88.76808142628
2024-06-26,88.394761731806
2024-06-27,88.30184198807
2024-06-28,88.005189640535
2024-06-29,87.881058697284
2024-06-30,87.757102840198
2024-07-01,87.688053532485
2024-07-02,87.257084408477
2024-07-03,87.94249710359
2024-07-04,88.380475061148
2024-07-05,88.615544536036
2024-07-06,88.523151154913
2024-07-07,88.430854106063
2024-07-08,88.390714553664
2024-07-09,88.298555587421
2024-07-10,88.586965522124
2024-07-11,88.5827375952
2024-07-12,88.853618431888
2024-07-13,88.76097682736
2024-07-14,88.668431813911
2024-07-15,88.514122517472
2024-07-16,88.55053075779
2024-07-17,88.365994522913
2024-07-18,87.842155447899
2024-07-19,87.802899518707
2024-07-20,87.711353427088
2024-07-21,87.619902784332
2024-07-22,87.591729930857
2024-07-23,87.26786578909
2024-07-24,87.084164294698
2024-07-25,87.24975276882
2024-07-26,87.129372844889
2024-07-27,87.038528993571
2024-07-28,86.947779858938
2024-07-29,86.933235721798
2024-07-30,86.949048597865
2024-07-31,86.75169605255
2024-08-01,86.360877848209
2024-08-02,86.84902421058
2024-08-03,86.743800324027
2024-08-04,86.638703923838
2024-08-05,86.667996471419
2024-08-06,86.934139322829
2024-08-07,86.925533206995
2024-08-08,87.008560714954
2024-08-09,87.546209712714
2024-08-10,87.440141135402
2024-08-11,87.334201067858
2024-08-12,87.239538852443
2024-08-13,87.574170999823
2024-08-14,87.573068046958
2024-08-15,87.343447035201
2024-08-16,87.605862884884
2024-08-17,87.499722033431
2024-08-18,87.393709779311
2024-08-19,87.928189642374
2024-08-20,87.470507514077
2024-08-21,87.428338740936
2024-08-22,86.805546544948
2024-08-23,87.694046361122
2024-08-24,87.587798668998
2024-08-25,87.481679703651
2024-08-26,87.550432589407
2024-08-27,87.300858078013
2024-08-28,86.791083553986
2024-08-29,86.473541581625
2024-08-30,86.408799850748
2024-08-31,86.304109327909
2024-09-01,86.19536928871
2024-09-02,86.15501571598
2024-09-03,85.84666994163
2024-09-04,85.926473536655
2024-09-05,86.199400152023
2024-09-06,86.330197309823
2024-09-07,86.221424400716
2024-09-08,86.112788541519
2024-09-09,85.962290609727
2024-09-10,85.389464253598
2024-09-11,85.4230989008
2024-09-12,85.616493128942
2024-09-13,86.212769218297
2024-09-14,86.104144264315
2024-09-15,85.995656173824
2024-09-16,86.186867397003
2024-09-17,86.117180593172
2024-09-18,86.495651383685
2024-09-19,86.443274065946
2024-09-20,86.096209083563
2024-09-21,85.987730991112
2024-09-22,85.879389577112
2024-09-23,85.666244027443
2024-09-24,86.092320473631
2024-09-25,86.064414776657
2024-09-26,86.218422865662
2024-09-27,86.286134056568
2024-09-28,86.177416665558
2024-09-29,86.068836254506
2024-09-30,85.893407727319
2024-10-01,85.614335656476
2024-10-02,85.622486908374
2024-10-03,85.419734141106
2024-10-04,85.434306642665
2024-10-05,85.361520479714
2024-10-06,85.288796327279
2024-10-07,85.272634112374
2024-10-08,84.824687247815
2024-10-09,84.368272928928
2024-10-10,84.563445932943
2024-10-11,84.491401703906
2024-10-12,84.419418853291
2024-10-13,84.347497328808
2024-10-14,84.361765402729
2024-10-15,83.804532900416
2024-10-16,83.733345794859
2024-10-17,83.502437779562
2024-10-18,83.713226011082
2024-10-19,83.641906130942
2024-10-20,83.570647012112
2024-10-21,83.279484843902
2024-10-22,83.215670716341
2024-10-23,83.124110587619
2024-10-24,83.276517890958
2024-10-25,83.242830122099
2024-10-26,83.171910997969
2024-10-27,83.101052293722
2024-10-28,83.140233163593
2024-10-29,82.809054217011
2024-10-30,82.850963422373
2024-10-31,82.907809321524
2024-11-01,82.525437455503
2024-11-02,82.456697496715
2024-11-03,82.388014795205
2024-11-04,82.838972726409
2024-11-05,83.036124610488
2024-11-06,82.966959272385
2024-11-07,82.849312200119
2024-11-08,82.341349852288
2024-11-09,82.272763230152
2024-11-10,82.204233737571
2024-11-11,81.99036348121
2024-11-12,81.704144252095
2024-11-13,81.554288350705
2024-11-14,81.639301619817
2024-11-15,81.713029962978
2024-11-16,81.644966702906
2024-11-17,81.576960136453
2024-11-18,81.509010216395
2024-11-19,81.638046506593
2024-11-20,81.534531543632
2024-11-21,81.369402311708
2024-11-22,81.238036118553
2024-11-23,81.170368506881
2024-11-24,81.10275725927
2024-11-25,81.251644755714
2024-11-26,81.129111179309
2024-11-27,81.026863543041
2024-11-28,80.598406296162
2024-11-29,80.667836050245
2024-11-30,80.600643389454
2024-12-01,80.544439182617
2024-12-02,80.197200609042
2024-12-03,80.122582748279
2024-12-04,80.339529227464
2024-12-05,80.534563886579
2024-12-06,80.179495617789
2024-12-07,80.123543112159
2024-12-08,80.067629652458
2024-12-09,80.153221502378
2024-12-10,80.096830862024
2024-12-11,80.202773602076
2024-12-12,80.175155547608
2024-12-13,80.168035969908
2024-12-14,80.112091461285
2024-12-15,80.05618599301
2024-12-16,79.967115789943
2024-12-17,79.738103511147
2024-12-18,79.293269190691
2024-12-19,79.287126050826
2024-12-20,79.684517671681
2024-12-21,79.628910581747
2024-12-22,79.573342296697
2024-12-23,79.335107679519
2024-12-24,79.279744422056
2024-12-25,79.224419799321
2024-12-26,79.328013961754
2024-12-27,79.342008282943
2024-12-28,79.286640209959
2024-12-29,79.231310775063
2024-12-30,79.203799911711
2024-12-31,79.148528286137
2025-01-01,79.099429909066
2025-01-02,78.873227164315
2025-01-03,78.959103579206
2025-01-04,78.910122708372
2025-01-05,78.861172221947
2025-01-06,79.261100468247
2025-01-07,79.431240429714
2025-01-08,79.103172009433
2025-01-09,79.291972314557
2025-01-10,79.139867562277
2025-01-11,79.090774557732
2025-01-12,79.041712007156
2025-01-13,79.01270697302
2025-01-14,79.316955046931
2025-01-15,79.431765147154
2025-01-16,79.306017196509
2025-01-17,79.410595786451
2025-01-18,79.361334840483
2025-01-19,79.312104452664
2025-01-20,79.804899945197
2025-01-21,79.91875200691
2025-01-22,80.384536729523
2025-01-23,80.632670476012
2025-01-24,80.828829357093
2025-01-25,80.778688635239
2025-01-26,80.728579017287
2025-01-27,80.635171105333
2025-01-28,80.687720843533
2025-01-29,80.644504546122
2025-01-30,80.678879675184
2025-01-31,80.890826510909
2025-02-01,80.849532448879
2025-02-02,80.808259467108
2025-02-03,80.57037616291
2025-02-04,81.008293961811
2025-02-05,81.031916558253
2025-02-06,80.993749647134
2025-02-07,80.832377135437
2025-02-08,80.791112911304
2025-02-09,80.749869752197
2025-02-10,80.716200718158
2025-02-11,80.788040007408
2025-02-12,80.954378952403
2025-02-13,80.994649493049
2025-02-14,81.494162775127
2025-02-15,81.452560715192
2025-02-16,81.410979892746
2025-02-17,81.411522925861
2025-02-18,81.318979578595
2025-02-19,81.149767133965
2025-02-20,81.475897865286
2025-02-21,81.425296844081
2025-02-22,81.383729939603
2025-02-23,81.342184254668
2025-02-24,81.201970819346
2025-02-25,81.139277996097
2025-02-26,80.984801558277
2025-02-27,80.560113961157
2025-02-28,80.387782536943
2025-03-01,80.292145134689
2025-03-02,80.196621512321
2025-03-03,80.101211534474
2025-03-04,80.005457518755
2025-03-05,81.123753949583
2025-03-06,81.16320378414
2025-03-07,81.200385858538
2025-03-08,81.103317875733
2025-03-09,81.006365929239
2025-03-10,80.545147142186
2025-03-11,80.780696178103
2025-03-12,80.737537578885
2025-03-13,80.581325273475
2025-03-14,81.046726516337
2025-03-15,80.94984221988
2025-03-16,80.853073740154
2025-03-17,81.017333494251
2025-03-18,81.153735662949
2025-03-19,81.022066457723
2025-03-20,80.756111906886
2025-03-21,80.52592154271
2025-03-22,80.429659823199
2025-03-23,80.333513176183
2025-03-24,80.237481464101
2025-03-25,80.255723238292
2025-03-26,79.840783736519
2025-03-27,79.77220750576
2025-03-28,79.752105695088
2025-03-29,79.656769004967
2025-03-30,79.561546281549
2025-03-31,79.632010658474
2025-04-01,79.746203919252
2025-04-02,79.678797236375
2025-04-03,80.329242009094
2025-04-04,79.185925569167
2025-04-05,79.118992470024
2025-04-06,79.052115947093
2025-04-07,78.504654798732
2025-04-08,78.032208255376
2025-04-09,78.516785991436
2025-04-10,78.820894404928
2025-04-11,79.246839116516
2025-04-12,79.179854529277
2025-04-13,79.112926561772
2025-04-14,87.945650441335
2025-04-15,87.75007947021
2025-04-16,83.241612137184
2025-04-17,83.171250907737
2025-04-18,83.10094915218
2025-04-19,83.030706820244
2025-04-20,82.960523861699
2025-04-21,80.466319811231
2025-04-22,81.368272531961
2025-04-23,85.392961439517
2025-04-24,86.544516417909
2025-04-25,86.145520635614
2025-04-26,86.072704833664
2025-04-27,85.999950580371
2025-04-28,86.677019118416
2025-04-29,85.812538120161
2025-04-30,85.843305835007
2025-05-01,85.807745234517
2025-05-02,85.772268929903
2025-05-03,85.736807292593
2025-05-04,85.70136031652
2025-05-05,87.752750857057
2025-05-06,87.468957152322
2025-05-07,82.035748395484
2025-05-08,81.325899302386
2025-05-09,83.110831393242
2025-05-10,83.076470099128
2025-05-11,83.042123011328
2025-05-12,82.215970149585
2025-05-13,82.310093544487
2025-05-14,82.74231911169
2025-05-15,82.856979817321
2025-05-16,83.047696992755
2025-05-17,83.013361800891
2025-05-18,82.97904080455
2025-05-19,83.176590034391
2025-05-20,83.20543608069
2025-05-21,83.630831808608
2025-05-22,82.955758117703
2025-05-23,82.701691018011
2025-05-24,82.667498878658
2025-05-25,82.633320875683
2025-05-26,83.332886109275
2025-05-27,84.198288856312
2025-05-28,84.162595292918
2025-05-29,86.150479187377
2025-05-30,86.111342343011
2025-05-31,86.075740519384
2025-06-01,86.038729996056
2025-06-02,85.679115387675
2025-06-03,86.143698448003
2025-06-04,86.322471064108
2025-06-05,86.986390357514
2025-06-06,86.440681471347
2025-06-07,86.403514032081
2025-06-08,86.36636257393
2025-06-09,86.419586670408
2025-06-10,86.627558914338
2025-06-11,86.472944428889
2025-06-12,86.771831435511
2025-06-13,86.418718883494
2025-06-14,86.381560887619
2025-06-15,86.344418868798
2025-06-16,86.307292820164
2025-06-17,84.720219735108
2025-06-18,83.489561119102
2025-06-19,84.796028669834
2025-06-20,84.759568392197
2025-06-21,84.723123791612
2025-06-22,84.68669486134
2025-06-23,85.36976436662
2025-06-24,85.820100943226
2025-06-25,86.823572653599
2025-06-26,87.086400397173
2025-06-27,87.017209342539
2025-06-28,86.979794009985
2025-06-29,86.942394765136
2025-06-30,88.490644733272
2025-07-01,89.587728662352
2025-07-02,90.252780761828
2025-07-03,90.326097650009
2025-07-04,91.01442290204
2025-07-05,90.978899277933
2025-07-06,90.943389518967
2025-07-07,92.138540518953
2025-07-08,91.61094712908
2025-07-09,91.575190677012
2025-07-10,90.896929604453
2025-07-11,91.339045437662
2025-07-12,91.303395110901
2025-07-13,91.267758698734
2025-07-14,92.353978608346
2025-07-15,90.712263763204
2025-07-16,90.998109572
2025-07-17,91.748024157499
2025-07-18,92.56164907556
2025-07-19,92.525521557265
2025-07-20,92.489408139816
2025-07-21,91.898272999008
2025-07-22,90.62409475508
2025-07-23,91.046347220019
2025-07-24,91.953930029189
2025-07-25,92.161880171532
2025-07-26,92.125908686091
2025-07-27,92.089951240597
2025-07-28,92.641534587542
2025-07-29,92.401907728722
2025-07-30,93.725539829024
2025-07-31,97.733633890515
2025-08-01,97.477515408225
2025-08-02,97.426827688287
2025-08-03,97.376166325658
2025-08-04,97.369431621854
2025-08-05,95.862164239913
2025-08-06,95.698340844725
2025-08-07,95.263183913097
2025-08-08,95.415876932986
2025-08-09,95.366261252618
2025-08-10,95.316671372104
2025-08-11,94.750054683782
2025-08-12,94.847336879533
2025-08-13,94.534321468961
2025-08-14,93.240908658577
2025-08-15,93.19242394859
2025-08-16,93.14396445036
2025-08-17,93.095530150776
2025-08-18,92.511277996517
2025-08-19,92.139590689834
2025-08-20,92.804022571992
2025-08-21,93.605567263836
2025-08-22,94.591921928737
2025-08-23,94.542734699999
2025-08-24,94.493573048324
2025-08-25,97.320214888789
2025-08-26,96.704376511791
2025-08-27,96.232311669489
2025-08-28,95.241534961308
2025-08-29,95.715418389928
2025-08-30,95.665646949809
2025-08-31,95.615901390539
2025-09-01,97.546354659158
2025-09-02,96.476767000322
2025-09-03,96.448507076647
2025-09-04,96.408934056212
2025-09-05,96.318549482777
2025-09-06,96.240878208028
2025-09-07,96.163269567393
2025-09-08,99.772761936988
2025-09-09,100.172820334799
2025-09-10,100.806290548292
2025-09-11,101.548687647317
2025-09-12,103.138497636294
2025-09-13,103.055326755606
2025-09-14,102.972222943914
2025-09-15,104.1992287979
2025-09-16,104.590124263474
2025-09-17,104.975826686773
2025-09-18,104.635849377816
2025-09-19,104.338681806355
2025-09-20,104.254543097197
2025-09-21,104.170472237491
2025-09-22,99.361026009429
2025-09-23,96.860176079554
2025-09-24,94.139347502065
2025-09-25,93.683187196281
2025-09-26,92.996480043639
2025-09-27,92.921487685564
2025-09-28,92.846555801323
2025-09-29,95.351103805821
2025-09-30,96.71835354144
2025-10-01,99.552436519589
2025-10-02,99.453014332016
2025-10-03,99.43700448183
2025-10-04,99.356214797171
2025-10-05,99.275490751789
2025-10-06,99.688602014947
2025-10-07,99.282317449296
2025-10-08,99.114461767176
2025-10-09,98.139189867083
2025-10-10,98.05945461919
2025-10-11,97.979784153876
2025-10-12,97.900178418506
2025-10-13,92.50697939776
2025-10-14,93.118346805136
2025-10-15,94.542542918064
2025-10-16,96.163093219681
2025-10-17,99.53066125285
2025-10-18,99.449795474779
2025-10-19,99.368995397808
2025-10-20,101.243668576461
2025-10-21,102.066091816235
2025-10-22,101.763230661884
2025-10-23,101.154742331081
2025-10-24,101.944218020772
2025-10-25,101.861391297766
2025-10-26,101.778631869073
2025-10-27,97.970941968251
2025-10-28,100.41723780616
2025-10-29,98.078026132353
2025-10-30,97.725208987512
2025-10-31,97.99168390986
2025-11-01,97.907502819902
2025-11-02,97.823394046855
2025-11-03,100.429076723445
2025-11-04,98.073829327331
2025-11-05,98.055801242827
2025-11-06,97.971565072001
2025-11-07,95.723253177604
2025-11-08,95.641020813945
2025-11-09,95.558859093117
2025-11-10,96.029973869232
2025-11-11,95.716471931125
2025-11-12,95.467108457122
2025-11-13,95.164247533472
2025-11-14,94.832129811029
2025-11-15,94.750662979028
2025-11-16,94.669266132219
2025-11-17,93.294980640098
2025-11-18,93.966490783262
2025-11-19,94.121166972536
2025-11-20,95.292070425089
2025-11-21,95.210208474843
2025-11-22,95.12841684922
2025-11-23,95.046695487806
2025-11-24,94.96504433024
2025-11-25,96.263222823061
2025-11-26,96.906531190082
2025-11-27,96.535705152439
2025-11-28,96.661063762693
2025-11-29,96.578025760085
2025-11-30,96.495059092404
2025-12-01,96.368083626494
2025-12-02,96.622173404803
2025-12-03,96.71037229109
2025-12-04,96.014173069084
2025-12-05,94.685795968733
2025-12-06,94.614377955504
2025-12-07,94.543013810256
2025-12-08,94.471703492358
2025-12-09,94.668551767056
2025-12-10,94.185277455944
2025-12-11,94.645266471612
2025-12-12,94.946814219544
2025-12-13,94.875199329849
2025-12-14,94.803638456632
2025-12-15,94.517345913056
2025-12-16,95.044186921552
2025-12-17,94.635820426121
2025-12-18,94.567237723449
2025-12-19,94.334217063192
2025-12-20,94.263064233
2025-12-21,94.191965070771
2025-12-22,94.015942711951
2025-12-23,94.208639227151
2025-12-24,94.137581115702
2025-12-25,94.066576600773
2025-12-26,94.176803950029
2025-12-27,94.105769850759
2025-12-28,94.034789329897
2025-12-29,93.973435518117
2025-12-30,94.374601483483
2025-12-31,94.303418192808
2026-01-01,94.220675482339
2026-01-02,95.751864437777
2026-01-03,95.667850846882
2026-01-04,95.583910970305
2026-01-05,95.296069376094
2026-01-06,95.19365603645
2026-01-07,94.452682203048
2026-01-08,94.641811927583
2026-01-09,94.708959348454
2026-01-10,94.625860812342
2026-01-11,94.54283518767
2026-01-12,94.715862696994
2026-01-13,93.814497517017
2026-01-14,93.491422116674
2026-01-15,92.770019406458
2026-01-16,91.876167671365
2026-01-17,91.795554653445
2026-01-18,91.715012366149
2026-01-19,92.145384633159
2026-01-20,92.1248080893
2026-01-21,92.012295230662
2026-01-22,92.135923141185
2026-01-23,92.402330350059
2026-01-24,92.321255672032
2026-01-25,92.240252129693
2026-01-26,92.775808822126
2026-01-27,93.542583074273
2026-01-28,93.521228347772
2026-01-29,93.459083883472
2026-01-30,93.065519357778
2026-01-31,92.983862791447
2026-02-01,92.927046805528
2026-02-02,93.052497920978
2026-02-03,92.932071194586
2026-02-04,92.752492403423
2026-02-05,92.360002416396
2026-02-06,91.977617452923
2026-02-07,91.921416313702
2026-02-08,91.865249515096
2026-02-09,91.112214115427
2026-02-10,90.363994590802
2026-02-11,90.055292380281
2026-02-12,89.556953777007
2026-02-13,89.673350124409
2026-02-14,89.618556963047
2026-02-15,89.563797281984
2026-02-16,89.509071060761
2026-02-17,89.454378278935
2026-02-18,89.011063797177
2026-02-19,88.409709755854
2026-02-20,87.752319147737
2026-02-21,87.698699795095
2026-02-22,87.645113205518
2026-02-23,87.430930331491
2026-02-24,88.135908931981
2026-02-25,89.463211071196
2026-02-26,89.794176357498
2026-02-27,89.160617735221
2026-02-28,89.106137869041
2026-03-01,89.01451826696
2026-03-02,88.257395775784
2026-03-03,88.508195965967
2026-03-04,87.955394805099
2026-03-05,87.871313516866
2026-03-06,88.294633806381
2026-03-07,88.203872373756
2026-03-08,88.113204238282
2026-03-09,88.25614608307
2026-03-10,87.891019569768
2026-03-11,87.23676401079
2026-03-12,86.613194959498
2026-03-13,86.258183521932
2026-03-14,86.169515434478
2026-03-15,86.080938492345
2026-03-16,86.072002205825
2026-03-17,86.492829252501
2026-03-18,86.11722414907
2026-03-19,85.892362406856
2026-03-20,85.129097433367
2026-03-21,85.041589976708
2026-03-22,84.954172472312
2026-03-23,84.866844827713
2026-03-24,84.779606950542
2026-03-25,84.409350573113
2026-03-26,83.389407396452
2026-03-27,84.148719578709
2026-03-28,84.06221988996
2026-03-29,83.975809117551
2026-03-30,84.701877133579
2026-03-31,84.156048292326
2026-04-01,85.190694159134
2026-04-02,85.129432903774
2026-04-03,85.068215701834
2026-04-04,85.007042521634
2026-04-05,84.945913331519
2026-04-06,84.745187733009
2026-04-07,84.736596970488
2026-04-08,85.044679208298
2026-04-09,84.846275144565
2026-04-10,84.310321385787
2026-04-11,84.24969321297
2026-04-12,84.189108638318
2026-04-13,83.304162371221
2026-04-14,84.066892182346
2026-04-15,83.645547820117
2026-04-16,83.466118203464
2026-04-17,83.976097258861
2026-04-18,83.915709429075
2026-04-19,83.855365024621
2026-04-20,84.549671900199
2026-04-21,84.361443307832
2026-04-22,84.392832776792
2026-04-23,85.041475971543
2026-04-24,85.323452117938
2026-04-25,85.262095395353
2026-04-26,85.200782794838
2026-04-27,86.426776454778
2026-04-28,85.48803840865
2026-04-29,84.419204525642
2026-04-30,84.671753232029
2026-05-01,84.615657044544
2026-05-02,84.559598021546
2026-05-03,84.503576138413
2026-05-04,85.027317058616
2026-05-05,84.725349792722
2026-05-06,84.538274152323
2026-05-07,85.003864566011
2026-05-08,85.243160360049
2026-05-09,85.186685607575
2026-05-10,85.130248270391
2026-05-11,84.674383061086
2026-05-12,84.054194311652
2026-05-13,84.125195365586
2026-05-14,83.831737280902
2026-05-15,83.423255558431
2026-05-16,83.367986517627
2026-05-17,83.312754093312
2026-05-18,83.770029096639
2026-05-19,83.505896496014
2026-05-20,83.599632539088
