fecha,sector,indice,var_interanual
2004-01-01,"Actividades inmobiliarias, empresariales y de alquiler",91.41838181645646,
2004-01-01,Administración pública y defensa; planes de seguridad social de afiliación obligatoria,97.26126782495695,
2004-01-01,"Agricultura, ganadería, caza y silvicultura",65.99535021807492,
2004-01-01,"Comercio mayorista, minorista y reparaciones",92.06533783698931,
2004-01-01,Construcción,95.9380474530423,
2004-01-01,"Electricidad, gas y agua",99.91798255351931,
2004-01-01,Enseñanza,95.62769506542772,
2004-01-01,Explotación de minas y canteras,100.7044990358751,
2004-01-01,Hoteles y restaurantes,108.41168235047203,
2004-01-01,Impuestos netos de subsidios,98.3148555955895,
2004-01-01,Industria manufacturera,91.45461030871807,
2004-01-01,Intermediación financiera,103.8902559331949,
2004-01-01,"Otras actividades de servicios comunitarios, sociales y personales",97.00617764220874,
2004-01-01,Pesca,42.54786775960567,
2004-01-01,Servicios sociales y de salud,94.19839355990248,
2004-01-01,Transporte y comunicaciones,95.50672550581247,
2004-02-01,"Actividades inmobiliarias, empresariales y de alquiler",94.04697785156941,
2004-02-01,Administración pública y defensa; planes de seguridad social de afiliación obligatoria,97.88228480743238,
2004-02-01,"Agricultura, ganadería, caza y silvicultura",64.92659776537022,
2004-02-01,"Comercio mayorista, minorista y reparaciones",91.4647184549155,
2004-02-01,Construcción,98.85338769931154,
2004-02-01,"Electricidad, gas y agua",92.89344027217716,
2004-02-01,Enseñanza,96.08424638742525,
2004-02-01,Explotación de minas y canteras,95.41418582146751,
2004-02-01,Hoteles y restaurantes,103.44825644014013,
2004-02-01,Impuestos netos de subsidios,89.72999976417917,
2004-02-01,Industria manufacturera,89.42485185270863,
2004-02-01,Intermediación financiera,96.48146398756707,
2004-02-01,"Otras actividades de servicios comunitarios, sociales y personales",96.83613489123869,
2004-02-01,Pesca,62.440770600668316,
2004-02-01,Servicios sociales y de salud,90.31346220534452,
2004-02-01,Transporte y comunicaciones,90.73641381150813,
2004-03-01,"Actividades inmobiliarias, empresariales y de alquiler",99.64872482538144,
2004-03-01,Administración pública y defensa; planes de seguridad social de afiliación obligatoria,97.7184588847403,
2004-03-01,"Agricultura, ganadería, caza y silvicultura",110.66655949085373,
2004-03-01,"Comercio mayorista, minorista y reparaciones",109.12777978859177,
2004-03-01,Construcción,103.12452920231961,
2004-03-01,"Electricidad, gas y agua",103.77021006661795,
2004-03-01,Enseñanza,96.38030439218049,
2004-03-01,Explotación de minas y canteras,100.25103841449805,
2004-03-01,Hoteles y restaurantes,101.0618421535548,
2004-03-01,Impuestos netos de subsidios,99.1391189515047,
2004-03-01,Industria manufacturera,101.42643285289911,
2004-03-01,Intermediación financiera,98.30456801948347,
2004-03-01,"Otras actividades de servicios comunitarios, sociales y personales",96.15504322897569,
2004-03-01,Pesca,174.08464601017343,
2004-03-01,Servicios sociales y de salud,98.0814880028068,
2004-03-01,Transporte y comunicaciones,97.17580912674539,
2004-04-01,"Actividades inmobiliarias, empresariales y de alquiler",97.60226068857601,
2004-04-01,Administración pública y defensa; planes de seguridad social de afiliación obligatoria,98.4055416204263,
2004-04-01,"Agricultura, ganadería, caza y silvicultura",150.06592035600744,
2004-04-01,"Comercio mayorista, minorista y reparaciones",99.42014095632524,
2004-04-01,Construcción,95.81549161968314,
2004-04-01,"Electricidad, gas y agua",97.0098487517803,
2004-04-01,Enseñanza,97.71186743483784,
2004-04-01,Explotación de minas y canteras,96.69754719789138,
2004-04-01,Hoteles y restaurantes,93.24299923099592,
2004-04-01,Impuestos netos de subsidios,98.3217698965634,
2004-04-01,Industria manufacturera,98.43731178277758,
2004-04-01,Intermediación financiera,95.3158956976717,
2004-04-01,"Otras actividades de servicios comunitarios, sociales y personales",98.08313722746847,
2004-04-01,Pesca,153.8776382756672,
2004-04-01,Servicios sociales y de salud,102.18434539466101,
2004-04-01,Transporte y comunicaciones,99.70693254611032,
2004-05-01,"Actividades inmobiliarias, empresariales y de alquiler",99.8034928949714,
2004-05-01,Administración pública y defensa; planes de seguridad social de afiliación obligatoria,99.20851776084743,
2004-05-01,"Agricultura, ganadería, caza y silvicultura",209.38807630870556,
2004-05-01,"Comercio mayorista, minorista y reparaciones",100.53274443266969,
2004-05-01,Construcción,97.99456691591435,
2004-05-01,"Electricidad, gas y agua",102.47182526012439,
2004-05-01,Enseñanza,99.13688775469664,
2004-05-01,Explotación de minas y canteras,104.10053344597175,
2004-05-01,Hoteles y restaurantes,90.9852602514906,
2004-05-01,Impuestos netos de subsidios,103.82546299883985,
2004-05-01,Industria manufacturera,100.35313827560788,
2004-05-01,Intermediación financiera,97.00467097650875,
2004-05-01,"Otras actividades de servicios comunitarios, sociales y personales",98.05434869746522,
2004-05-01,Pesca,132.35766446086802,
2004-05-01,Servicios sociales y de salud,102.76126474050066,
2004-05-01,Transporte y comunicaciones,105.55243660699769,
2004-06-01,"Actividades inmobiliarias, empresariales y de alquiler",101.71298297929216,
2004-06-01,Administración pública y defensa; planes de seguridad social de afiliación obligatoria,100.44540491248367,
2004-06-01,"Agricultura, ganadería, caza y silvicultura",144.66131892695208,
2004-06-01,"Comercio mayorista, minorista y reparaciones",104.34201574712796,
2004-06-01,Construcción,99.15678357520751,
2004-06-01,"Electricidad, gas y agua",101.91111618061552,
2004-06-01,Enseñanza,102.20950891488643,
2004-06-01,Explotación de minas y canteras,100.67785279683703,
2004-06-01,Hoteles y restaurantes,90.55608355379577,
2004-06-01,Impuestos netos de subsidios,105.96429118242318,
2004-06-01,Industria manufacturera,100.66693075399978,
2004-06-01,Intermediación financiera,97.31215316503452,
2004-06-01,"Otras actividades de servicios comunitarios, sociales y personales",99.76658305409597,
2004-06-01,Pesca,158.95985830761643,
2004-06-01,Servicios sociales y de salud,104.26445708823915,
2004-06-01,Transporte y comunicaciones,101.67564570697552,
2004-07-01,"Actividades inmobiliarias, empresariales y de alquiler",100.85959206909504,
2004-07-01,Administración pública y defensa; planes de seguridad social de afiliación obligatoria,100.16518520906278,
2004-07-01,"Agricultura, ganadería, caza y silvicultura",94.8624643575419,
2004-07-01,"Comercio mayorista, minorista y reparaciones",100.8272219979002,
2004-07-01,Construcción,98.90599790877408,
2004-07-01,"Electricidad, gas y agua",105.41653944029727,
2004-07-01,Enseñanza,100.500092269058,
2004-07-01,Explotación de minas y canteras,100.8017412567892,
2004-07-01,Hoteles y restaurantes,99.05111939030186,
2004-07-01,Impuestos netos de subsidios,103.83952358315376,
2004-07-01,Industria manufacturera,102.50853353708393,
2004-07-01,Intermediación financiera,99.01951232124716,
2004-07-01,"Otras actividades de servicios comunitarios, sociales y personales",108.73009624594619,
2004-07-01,Pesca,77.4033392711031,
2004-07-01,Servicios sociales y de salud,101.8439723826757,
2004-07-01,Transporte y comunicaciones,99.83019995361455,
2004-08-01,"Actividades inmobiliarias, empresariales y de alquiler",101.57448020082933,
2004-08-01,Administración pública y defensa; planes de seguridad social de afiliación obligatoria,100.67622816822595,
2004-08-01,"Agricultura, ganadería, caza y silvicultura",64.86115725394072,
2004-08-01,"Comercio mayorista, minorista y reparaciones",99.55236758031816,
2004-08-01,Construcción,102.03281151242167,
2004-08-01,"Electricidad, gas y agua",103.97781467084899,
2004-08-01,Enseñanza,101.3931506083962,
2004-08-01,Explotación de minas y canteras,102.27351330809226,
2004-08-01,Hoteles y restaurantes,98.17050375461078,
2004-08-01,Impuestos netos de subsidios,103.10351301414325,
2004-08-01,Industria manufacturera,101.01093955827332,
2004-08-01,Intermediación financiera,101.1803112765918,
2004-08-01,"Otras actividades de servicios comunitarios, sociales y personales",100.45682005864171,
2004-08-01,Pesca,99.29888043955242,
2004-08-01,Servicios sociales y de salud,104.49315763460505,
2004-08-01,Transporte y comunicaciones,99.2236969419032,
2004-09-01,"Actividades inmobiliarias, empresariales y de alquiler",103.00433717602115,
2004-09-01,Administración pública y defensa; planes de seguridad social de afiliación obligatoria,101.52658512871714,
2004-09-01,"Agricultura, ganadería, caza y silvicultura",60.749898024587466,
2004-09-01,"Comercio mayorista, minorista y reparaciones",99.96031607873131,
2004-09-01,Construcción,106.81512672912761,
2004-09-01,"Electricidad, gas y agua",97.65631536795324,
2004-09-01,Enseñanza,101.80328263566352,
2004-09-01,Explotación de minas y canteras,100.58407732540546,
2004-09-01,Hoteles y restaurantes,100.05104504398903,
2004-09-01,Impuestos netos de subsidios,100.83807621030441,
2004-09-01,Industria manufacturera,102.56271800938768,
2004-09-01,Intermediación financiera,100.80853161089038,
2004-09-01,"Otras actividades de servicios comunitarios, sociales y personales",99.92451551768158,
2004-09-01,Pesca,68.15817989055986,
2004-09-01,Servicios sociales y de salud,104.6999377535065,
2004-09-01,Transporte y comunicaciones,98.89114536318195,
2004-10-01,"Actividades inmobiliarias, empresariales y de alquiler",100.69115399702089,
2004-10-01,Administración pública y defensa; planes de seguridad social de afiliación obligatoria,101.68980591346828,
2004-10-01,"Agricultura, ganadería, caza y silvicultura",62.6692643948672,
2004-10-01,"Comercio mayorista, minorista y reparaciones",101.16295679513598,
2004-10-01,Construcción,97.84211306402896,
2004-10-01,"Electricidad, gas y agua",96.18752545347111,
2004-10-01,Enseñanza,102.21213248534436,
2004-10-01,Explotación de minas y canteras,101.39272794152402,
2004-10-01,Hoteles y restaurantes,102.93943101065378,
2004-10-01,Impuestos netos de subsidios,94.76383515619794,
2004-10-01,Industria manufacturera,105.90568801256933,
2004-10-01,Intermediación financiera,102.07930459957161,
2004-10-01,"Otras actividades de servicios comunitarios, sociales y personales",101.16163986392151,
2004-10-01,Pesca,84.44641731793372,
2004-10-01,Servicios sociales y de salud,100.22067124088095,
2004-10-01,Transporte y comunicaciones,101.57252379302936,
2004-11-01,"Actividades inmobiliarias, empresariales y de alquiler",103.28028127358648,
2004-11-01,Administración pública y defensa; planes de seguridad social de afiliación obligatoria,102.03611720607452,
2004-11-01,"Agricultura, ganadería, caza y silvicultura",78.41525035315105,
2004-11-01,"Comercio mayorista, minorista y reparaciones",102.41598293877985,
2004-11-01,Construcción,101.65557420428593,
2004-11-01,"Electricidad, gas y agua",95.06963333711947,
2004-11-01,Enseñanza,102.50137288754718,
2004-11-01,Explotación de minas y canteras,96.38346903497334,
2004-11-01,Hoteles y restaurantes,106.49311079692086,
2004-11-01,Impuestos netos de subsidios,100.22598795780688,
2004-11-01,Industria manufacturera,104.37510684609097,
2004-11-01,Intermediación financiera,102.96217070408062,
2004-11-01,"Otras actividades de servicios comunitarios, sociales y personales",100.02634228314047,
2004-11-01,Pesca,70.43561462318554,
2004-11-01,Servicios sociales y de salud,99.69656165027571,
2004-11-01,Transporte y comunicaciones,104.54272103781288,
2004-12-01,"Actividades inmobiliarias, empresariales y de alquiler",106.35733422720028,
2004-12-01,Administración pública y defensa; planes de seguridad social de afiliación obligatoria,102.9846025635643,
2004-12-01,"Agricultura, ganadería, caza y silvicultura",92.73814254994757,
2004-12-01,"Comercio mayorista, minorista y reparaciones",99.1284173925149,
2004-12-01,Construcción,101.86557011588344,
2004-12-01,"Electricidad, gas y agua",103.71774864547531,
2004-12-01,Enseñanza,104.4394591645364,
2004-12-01,Explotación de minas y canteras,100.71881442067479,
2004-12-01,Hoteles y restaurantes,105.58866602307442,
2004-12-01,Impuestos netos de subsidios,101.9335656892939,
2004-12-01,Industria manufacturera,101.87373820988374,
2004-12-01,Intermediación financiera,105.64116170815811,
2004-12-01,"Otras actividades de servicios comunitarios, sociales y personales",103.79916128921558,
2004-12-01,Pesca,75.98912304306637,
2004-12-01,Servicios sociales y de salud,97.24228834660124,
2004-12-01,Transporte y comunicaciones,105.58574960630847,
2005-01-01,"Actividades inmobiliarias, empresariales y de alquiler",95.90729859079447,4.9102999693765526
2005-01-01,Administración pública y defensa; planes de seguridad social de afiliación obligatoria,102.39479474569761,5.278079378915335
2005-01-01,"Agricultura, ganadería, caza y silvicultura",65.69547159432358,-0.4543935637289942
2005-01-01,"Comercio mayorista, minorista y reparaciones",99.65136700126264,8.239831995951752
2005-01-01,Construcción,105.31704600911682,9.776099060870669
2005-01-01,"Electricidad, gas y agua",109.06421829500736,9.153743408088765
2005-01-01,Enseñanza,101.47356974921009,6.113160711217258
2005-01-01,Explotación de minas y canteras,101.1973097523045,0.4893631577014723
2005-01-01,Hoteles y restaurantes,118.47379272180471,9.281389379056026
2005-01-01,Impuestos netos de subsidios,104.69782667466885,6.492377006924777
2005-01-01,Industria manufacturera,97.29836903486196,6.389791292552061
2005-01-01,Intermediación financiera,105.08495302754406,1.149960680737383
2005-01-01,"Otras actividades de servicios comunitarios, sociales y personales",106.67906149790865,9.97141016253289
2005-01-01,Pesca,35.83964076200325,-15.766305929838198
2005-01-01,Servicios sociales y de salud,103.77331517610253,10.164633657060374
2005-01-01,Transporte y comunicaciones,107.25697754900058,12.303062408388188
2005-02-01,"Actividades inmobiliarias, empresariales y de alquiler",98.55162758603817,4.789786803759144
2005-02-01,Administración pública y defensa; planes de seguridad social de afiliación obligatoria,102.94993710971457,5.177292614544071
2005-02-01,"Agricultura, ganadería, caza y silvicultura",69.20974870188769,6.596912642790542
2005-02-01,"Comercio mayorista, minorista y reparaciones",99.73581884315455,9.04294084971793
2005-02-01,Construcción,109.0146911771433,10.27916565564757
2005-02-01,"Electricidad, gas y agua",99.19242475429753,6.780871139732136
2005-02-01,Enseñanza,102.04401598311159,6.202650090687811
2005-02-01,Explotación de minas y canteras,93.22341074994272,-2.2960685066516495
2005-02-01,Hoteles y restaurantes,112.70657486022917,8.949709486352075
2005-02-01,Impuestos netos de subsidios,94.30116442361016,5.094354921926381
2005-02-01,Industria manufacturera,94.70784582006063,5.907746960602855
2005-02-01,Intermediación financiera,102.1031368244808,5.826686914326018
2005-02-01,"Otras actividades de servicios comunitarios, sociales y personales",105.45618284877602,8.901685271948256
2005-02-01,Pesca,88.96042743406443,42.47170010600776
2005-02-01,Servicios sociales y de salud,99.89042502899608,10.604136514971096
2005-02-01,Transporte y comunicaciones,102.01017056689908,12.424732565263774
2005-03-01,"Actividades inmobiliarias, empresariales y de alquiler",102.9795926349769,3.342609567189414
2005-03-01,Administración pública y defensa; planes de seguridad social de afiliación obligatoria,103.54587795955952,5.963478283762846
2005-03-01,"Agricultura, ganadería, caza y silvicultura",138.56357694528728,25.208172715208654
2005-03-01,"Comercio mayorista, minorista y reparaciones",118.32504856008126,8.427981206349955
2005-03-01,Construcción,114.23107350056061,10.770031518351097
2005-03-01,"Electricidad, gas y agua",107.90897686046176,3.9883958904842087
2005-03-01,Enseñanza,103.90570074703818,7.8080230212141055
2005-03-01,Explotación de minas y canteras,101.59124822950987,1.3368537984320694
2005-03-01,Hoteles y restaurantes,110.76757419396486,9.603755318118012
2005-03-01,Impuestos netos de subsidios,106.25889101891708,7.181597075615653
2005-03-01,Industria manufacturera,107.56973699280914,6.056906436628595
2005-03-01,Intermediación financiera,106.16691484159573,7.997946565976455
2005-03-01,"Otras actividades de servicios comunitarios, sociales y personales",104.69417790170992,8.880589500022218
2005-03-01,Pesca,146.68698068088452,-15.738128523803185
2005-03-01,Servicios sociales y de salud,110.52482489343409,12.686733392820472
2005-03-01,Transporte y comunicaciones,111.18570600217686,14.417062231155198
2005-04-01,"Actividades inmobiliarias, empresariales y de alquiler",103.97995931894646,6.534375930819936
2005-04-01,Administración pública y defensa; planes de seguridad social de afiliación obligatoria,103.45544659536006,5.131728245968548
2005-04-01,"Agricultura, ganadería, caza y silvicultura",208.89982274353596,39.205372044468525
2005-04-01,"Comercio mayorista, minorista y reparaciones",112.52418024433308,13.180467420343312
2005-04-01,Construcción,108.78738358105183,13.538407769024996
2005-04-01,"Electricidad, gas y agua",103.21116586064156,6.392461372379432
2005-04-01,Enseñanza,103.64102188069391,6.06799829080138
2005-04-01,Explotación de minas y canteras,99.12523605748072,2.5106002478233247
2005-04-01,Hoteles y restaurantes,102.6942970993951,10.13620105138935
2005-04-01,Impuestos netos de subsidios,113.87392708147912,15.817613130110386
2005-04-01,Industria manufacturera,107.55165695688387,9.259035023446183
2005-04-01,Intermediación financiera,106.6390622814397,11.879620393731027
2005-04-01,"Otras actividades de servicios comunitarios, sociales y personales",106.03203852141105,8.104248618707999
2005-04-01,Pesca,122.48874139651107,-20.398608420883
2005-04-01,Servicios sociales y de salud,109.49178290107928,7.151229944464732
2005-04-01,Transporte y comunicaciones,115.2244549419971,15.56313287314357
2005-05-01,"Actividades inmobiliarias, empresariales y de alquiler",105.89731637906559,6.105821857865279
2005-05-01,Administración pública y defensa; planes de seguridad social de afiliación obligatoria,104.50985165589404,5.343627759690994
2005-05-01,"Agricultura, ganadería, caza y silvicultura",294.8643953878796,40.82196110974073
2005-05-01,"Comercio mayorista, minorista y reparaciones",115.05014023436289,14.44046502820382
2005-05-01,Construcción,111.05513420882332,13.327848373589713
2005-05-01,"Electricidad, gas y agua",108.03870550347574,5.432595964031917
2005-05-01,Enseñanza,105.178237220573,6.0939470692533915
2005-05-01,Explotación de minas y canteras,104.30551499883155,0.19690730304104953
2005-05-01,Hoteles y restaurantes,99.66979847216389,9.54499464712033
2005-05-01,Impuestos netos de subsidios,119.64238777588989,15.234148079095755
2005-05-01,Industria manufacturera,109.43598963539675,9.050889205720614
2005-05-01,Intermediación financiera,109.78718274940775,13.177212647826497
2005-05-01,"Otras actividades de servicios comunitarios, sociales y personales",107.59592595469374,9.730906771578173
2005-05-01,Pesca,193.2542459638483,46.00910854012881
2005-05-01,Servicios sociales y de salud,111.68503007074344,8.683977715511414
2005-05-01,Transporte y comunicaciones,124.37399469228238,17.83147664829643
2005-06-01,"Actividades inmobiliarias, empresariales y de alquiler",107.11669986859758,5.312711053224706
2005-06-01,Administración pública y defensa; planes de seguridad social de afiliación obligatoria,106.00524995174152,5.535191026510411
2005-06-01,"Agricultura, ganadería, caza y silvicultura",197.5538122916128,36.56298294319382
2005-06-01,"Comercio mayorista, minorista y reparaciones",112.99622366243307,8.294077753182872
2005-06-01,Construcción,111.98182845028131,12.934107393011974
2005-06-01,"Electricidad, gas y agua",106.26374951934534,4.271009387254399
2005-06-01,Enseñanza,108.16450822979897,5.826267416930353
2005-06-01,Explotación de minas y canteras,99.49474596279319,-1.1751411071820206
2005-06-01,Hoteles y restaurantes,100.19354705742727,10.642535681113308
2005-06-01,Impuestos netos de subsidios,109.59798829536096,3.42917134856513
2005-06-01,Industria manufacturera,107.96514088593476,7.249858595341152
2005-06-01,Intermediación financiera,110.43084237136986,13.48103888328005
2005-06-01,"Otras actividades de servicios comunitarios, sociales y personales",110.56180305535999,10.820476827807735
2005-06-01,Pesca,110.95701359643498,-30.19809228710255
2005-06-01,Servicios sociales y de salud,117.95139068568794,13.127132658318551
2005-06-01,Transporte y comunicaciones,118.4790365159009,16.526465794327947
2005-07-01,"Actividades inmobiliarias, empresariales y de alquiler",104.60414876500121,3.7126431101772717
2005-07-01,Administración pública y defensa; planes de seguridad social de afiliación obligatoria,104.98282025654203,4.809690150748458
2005-07-01,"Agricultura, ganadería, caza y silvicultura",98.41302758621259,3.742853670012658
2005-07-01,"Comercio mayorista, minorista y reparaciones",109.8562459123376,8.954946626046523
2005-07-01,Construcción,108.84565036469876,10.049595237988008
2005-07-01,"Electricidad, gas y agua",112.6538681068171,6.865458404294045
2005-07-01,Enseñanza,106.39712196242621,5.867685850059456
2005-07-01,Explotación de minas y canteras,104.12866353372219,3.3004611184818344
2005-07-01,Hoteles y restaurantes,113.50016323638403,14.587461439125216
2005-07-01,Impuestos netos de subsidios,104.97673864861905,1.0951659119994073
2005-07-01,Industria manufacturera,108.63270529476243,5.974304329954139
2005-07-01,Intermediación financiera,112.5399216996601,13.654287989774105
2005-07-01,"Otras actividades de servicios comunitarios, sociales y personales",122.563695189541,12.722879332602965
2005-07-01,Pesca,74.54624769989273,-3.69117353090348
2005-07-01,Servicios sociales y de salud,111.83936674972071,9.814419187703738
2005-07-01,Transporte y comunicaciones,116.43925973497925,16.63730994136241
2005-08-01,"Actividades inmobiliarias, empresariales y de alquiler",107.84917603318915,6.177433367075791
2005-08-01,Administración pública y defensa; planes de seguridad social de afiliación obligatoria,105.45171341009937,4.743408974255359
2005-08-01,"Agricultura, ganadería, caza y silvicultura",63.85265894213289,-1.5548571047837023
2005-08-01,"Comercio mayorista, minorista y reparaciones",111.87006517427145,12.373083527135043
2005-08-01,Construcción,113.68084342613105,11.415966825819869
2005-08-01,"Electricidad, gas y agua",111.99117586457983,7.706799011979482
2005-08-01,Enseñanza,106.77496098010084,5.307863834402826
2005-08-01,Explotación de minas y canteras,102.77976777394726,0.4950005621982889
2005-08-01,Hoteles y restaurantes,114.8998000579726,17.041061890828992
2005-08-01,Impuestos netos de subsidios,107.9252874609542,4.676634486886511
2005-08-01,Industria manufacturera,109.72188949804453,8.623768849061996
2005-08-01,Intermediación financiera,110.38335025686195,9.095681624374773
2005-08-01,"Otras actividades de servicios comunitarios, sociales y personales",112.0117270366349,11.502361881700018
2005-08-01,Pesca,56.440577866150306,-43.16091217110131
2005-08-01,Servicios sociales y de salud,115.49027680513761,10.524248112960311
2005-08-01,Transporte y comunicaciones,115.39256067219065,16.295365148261443
2005-09-01,"Actividades inmobiliarias, empresariales y de alquiler",109.22297621853548,6.037259413540497
2005-09-01,Administración pública y defensa; planes de seguridad social de afiliación obligatoria,106.24348728225795,4.645977354168496
2005-09-01,"Agricultura, ganadería, caza y silvicultura",59.38842448280425,-2.241112472702733
2005-09-01,"Comercio mayorista, minorista y reparaciones",111.40217113512915,11.446397435744338
2005-09-01,Construcción,117.97641810333542,10.449167375433355
2005-09-01,"Electricidad, gas y agua",105.81064033364203,8.35002317562834
2005-09-01,Enseñanza,107.72229822977802,5.814169681833969
2005-09-01,Explotación de minas y canteras,98.04109165134325,-2.5282189206103145
2005-09-01,Hoteles y restaurantes,117.74851946197218,17.688445343276694
2005-09-01,Impuestos netos de subsidios,106.6334102373879,5.747168376156786
2005-09-01,Industria manufacturera,108.68921897515523,5.973419079247466
2005-09-01,Intermediación financiera,110.35222087228576,9.467144406222427
2005-09-01,"Otras actividades de servicios comunitarios, sociales y personales",110.60942269487246,10.69297871681969
2005-09-01,Pesca,41.207362314270675,-39.541574642344536
2005-09-01,Servicios sociales y de salud,114.0553150126417,8.935418167258536
2005-09-01,Transporte y comunicaciones,114.5851645326115,15.869994337503734
2005-10-01,"Actividades inmobiliarias, empresariales y de alquiler",107.44325842088347,6.705757314155281
2005-10-01,Administración pública y defensa; planes de seguridad social de afiliación obligatoria,106.86252564405481,5.086763303480191
2005-10-01,"Agricultura, ganadería, caza y silvicultura",60.6583916651754,-3.2087064514140007
2005-10-01,"Comercio mayorista, minorista y reparaciones",109.47016007796479,8.211704704965905
2005-10-01,Construcción,113.89161572595339,16.403471020113237
2005-10-01,"Electricidad, gas y agua",98.78331387835249,2.698674711345017
2005-10-01,Enseñanza,108.08091547456986,5.741767485446991
2005-10-01,Explotación de minas y canteras,96.29387589966232,-5.0288143394291
2005-10-01,Hoteles y restaurantes,117.43116437235497,14.077922540878784
2005-10-01,Impuestos netos de subsidios,100.04418342195542,5.572113303618353
2005-10-01,Industria manufacturera,114.31417158097794,7.939595810388078
2005-10-01,Intermediación financiera,110.89907451489059,8.640115594357201
2005-10-01,"Otras actividades de servicios comunitarios, sociales y personales",112.49781435705285,11.206001117004716
2005-10-01,Pesca,61.357364220728016,-27.34166093781971
2005-10-01,Servicios sociales y de salud,109.39494041351215,9.154068775473267
2005-10-01,Transporte y comunicaciones,116.54990830378311,14.745507890768405
2005-11-01,"Actividades inmobiliarias, empresariales y de alquiler",109.87130673485443,6.381688140264163
2005-11-01,Administración pública y defensa; planes de seguridad social de afiliación obligatoria,107.92399877306778,5.770389670063558
2005-11-01,"Agricultura, ganadería, caza y silvicultura",79.32336043753462,1.1580784098677244
2005-11-01,"Comercio mayorista, minorista y reparaciones",115.19793299122168,12.480425111071147
2005-11-01,Construcción,117.74808230330278,15.830423688008999
2005-11-01,"Electricidad, gas y agua",104.51266770747864,9.932755643301917
2005-11-01,Enseñanza,109.36643651437213,6.697533343632878
2005-11-01,Explotación de minas y canteras,97.36115215614802,1.0143680560199764
2005-11-01,Hoteles y restaurantes,119.79388513272507,12.48979791863567
2005-11-01,Impuestos netos de subsidios,104.7114833507616,4.475381569541637
2005-11-01,Industria manufacturera,113.20834016181769,8.462969363712357
2005-11-01,Intermediación financiera,114.05774375156999,10.776358901152827
2005-11-01,"Otras actividades de servicios comunitarios, sociales y personales",112.20742018927066,12.177869977140343
2005-11-01,Pesca,67.77852541447079,-3.7723660436975948
2005-11-01,Servicios sociales y de salud,109.2192290186384,9.551650739738783
2005-11-01,Transporte y comunicaciones,117.49112053362305,12.385749449860551
2005-12-01,"Actividades inmobiliarias, empresariales y de alquiler",114.80660898994593,7.944233300071546
2005-12-01,Administración pública y defensa; planes de seguridad social de afiliación obligatoria,109.46518302806032,6.2927663972836
2005-12-01,"Agricultura, ganadería, caza y silvicultura",100.75216208646012,8.641557094154972
2005-12-01,"Comercio mayorista, minorista y reparaciones",108.93113502508984,9.888907631561894
2005-12-01,Construcción,117.10220305068346,14.957588631238838
2005-12-01,"Electricidad, gas y agua",105.97125884140588,2.172733428329088
2005-12-01,Enseñanza,111.0276615892803,6.3081544824592495
2005-12-01,Explotación de minas y canteras,98.73506730684903,-1.9695894210392417
2005-12-01,Hoteles y restaurantes,117.4446073456659,11.228422300553142
2005-12-01,Impuestos netos de subsidios,110.95259462646088,8.847948049475773
2005-12-01,Industria manufacturera,109.98284644975871,7.959959438386677
2005-12-01,Intermediación financiera,119.60863239605885,13.221617844838708
2005-12-01,"Otras actividades de servicios comunitarios, sociales y personales",116.75268963453695,12.479415232680878
2005-12-01,Pesca,108.2470392351798,42.45070202196102
2005-12-01,Servicios sociales y de salud,106.17910070713756,9.190253039585805
2005-12-01,Transporte y comunicaciones,120.37942689708628,14.011054849672554
2006-01-01,"Actividades inmobiliarias, empresariales y de alquiler",103.11969522513758,7.52017494009094
2006-01-01,Administración pública y defensa; planes de seguridad social de afiliación obligatoria,106.06539634362797,3.5847540952120394
2006-01-01,"Agricultura, ganadería, caza y silvicultura",69.22547688979272,5.373285570225139
2006-01-01,"Comercio mayorista, minorista y reparaciones",110.07994716904778,10.465064837146688
2006-01-01,Construcción,122.05353548217937,15.891529536076954
2006-01-01,"Electricidad, gas y agua",110.89814418709109,1.6815101421468581
2006-01-01,Enseñanza,105.61424361869565,4.080544204485137
2006-01-01,Explotación de minas y canteras,104.02547822475316,2.794707170942612
2006-01-01,Hoteles y restaurantes,132.76064908397097,12.059085839949478
2006-01-01,Impuestos netos de subsidios,112.99299672188172,7.922962978963022
2006-01-01,Industria manufacturera,104.86740338757892,7.779199618448862
2006-01-01,Intermediación financiera,121.1875203256617,15.323380592744762
2006-01-01,"Otras actividades de servicios comunitarios, sociales y personales",119.76304489844568,12.264809248245534
2006-01-01,Pesca,44.49589099160279,24.152725991541722
2006-01-01,Servicios sociales y de salud,107.20996810544455,3.31169233970221
2006-01-01,Transporte y comunicaciones,120.53438026177834,12.379057303485874
2006-02-01,"Actividades inmobiliarias, empresariales y de alquiler",105.62499078091874,7.177317481342804
2006-02-01,Administración pública y defensa; planes de seguridad social de afiliación obligatoria,106.55129342370006,3.498162713929087
2006-02-01,"Agricultura, ganadería, caza y silvicultura",66.79993515028158,-3.4818990052775334
2006-02-01,"Comercio mayorista, minorista y reparaciones",110.1388472690852,10.430584063575555
2006-02-01,Construcción,123.93132505361568,13.683140974305562
2006-02-01,"Electricidad, gas y agua",105.97879012029054,6.841616567800446
2006-02-01,Enseñanza,105.87649891566883,3.7557155073076665
2006-02-01,Explotación de minas y canteras,94.47667916294625,1.344370907394965
2006-02-01,Hoteles y restaurantes,127.92916338827219,13.506389087700521
2006-02-01,Impuestos netos de subsidios,104.86422697267481,11.201412637509268
2006-02-01,Industria manufacturera,102.76879686969976,8.511386759819729
2006-02-01,Intermediación financiera,115.14633993998214,12.774537121149487
2006-02-01,"Otras actividades de servicios comunitarios, sociales y personales",114.79023313424754,8.851117149628429
2006-02-01,Pesca,152.81713060666348,71.78102108370408
2006-02-01,Servicios sociales y de salud,103.17925862155339,3.2924412841397244
2006-02-01,Transporte y comunicaciones,116.16327035805698,13.874204613623476
2006-03-01,"Actividades inmobiliarias, empresariales y de alquiler",110.9270741910802,7.717530583242893
2006-03-01,Administración pública y defensa; planes de seguridad social de afiliación obligatoria,106.51618329782508,2.8685886843565545
2006-03-01,"Agricultura, ganadería, caza y silvicultura",126.90148536540092,-8.41641926181742
2006-03-01,"Comercio mayorista, minorista y reparaciones",130.60248978599466,10.376028892715272
2006-03-01,Construcción,128.2795620483111,12.29830738453277
2006-03-01,"Electricidad, gas y agua",107.80846500016688,-0.09314504058810513
2006-03-01,Enseñanza,106.4849151783533,2.482264604128215
2006-03-01,Explotación de minas y canteras,106.30049057849604,4.635480349987708
2006-03-01,Hoteles y restaurantes,126.34650265751088,14.064520756106646
2006-03-01,Impuestos netos de subsidios,115.72576921482778,8.909257479663824
2006-03-01,Industria manufacturera,118.4169295174283,10.083870080805601
2006-03-01,Intermediación financiera,118.8787343047331,11.973428334150803
2006-03-01,"Otras actividades de servicios comunitarios, sociales y personales",115.67678077183716,10.490175375786448
2006-03-01,Pesca,238.18479937491816,62.376236983898295
2006-03-01,Servicios sociales y de salud,110.66654976482337,0.12822899427882284
2006-03-01,Transporte y comunicaciones,125.89130837722755,13.226162700053168
2006-04-01,"Actividades inmobiliarias, empresariales y de alquiler",109.55963446528317,5.366106298639428
2006-04-01,Administración pública y defensa; planes de seguridad social de afiliación obligatoria,106.16647225800222,2.6204764967528993
2006-04-01,"Agricultura, ganadería, caza y silvicultura",190.8932594512731,-8.619712097300013
2006-04-01,"Comercio mayorista, minorista y reparaciones",119.69960614902122,6.376785762053583
2006-04-01,Construcción,121.06323839661277,11.284263313874842
2006-04-01,"Electricidad, gas y agua",103.30812404244445,0.09394156242146234
2006-04-01,Enseñanza,106.48940512144154,2.748316437893217
2006-04-01,Explotación de minas y canteras,104.06232806848172,4.980661037859302
2006-04-01,Hoteles y restaurantes,119.95938108961903,16.812115646026093
2006-04-01,Impuestos netos de subsidios,118.8334615196345,4.355285327612113
2006-04-01,Industria manufacturera,116.27656379656308,8.112294209634463
2006-04-01,Intermediación financiera,116.671626256104,9.40796342355914
2006-04-01,"Otras actividades de servicios comunitarios, sociales y personales",124.47528641611886,17.39403311668253
2006-04-01,Pesca,212.9558770853929,73.8575110311801
2006-04-01,Servicios sociales y de salud,113.79316898104793,3.928501268314122
2006-04-01,Transporte y comunicaciones,128.24261287306604,11.298085929434132
2006-05-01,"Actividades inmobiliarias, empresariales y de alquiler",112.86654107060588,6.581115489833134
2006-05-01,Administración pública y defensa; planes de seguridad social de afiliación obligatoria,108.24069927370759,3.56985256289295
2006-05-01,"Agricultura, ganadería, caza y silvicultura",279.8455751410243,-5.0934668551958495
2006-05-01,"Comercio mayorista, minorista y reparaciones",125.38776142941701,8.985318204737403
2006-05-01,Construcción,123.6345336493748,11.32716603349262
2006-05-01,"Electricidad, gas y agua",113.83030270590797,5.360668822754366
2006-05-01,Enseñanza,109.95545278008944,4.542019039069833
2006-05-01,Explotación de minas y canteras,109.14778319025903,4.642389418701143
2006-05-01,Hoteles y restaurantes,114.01018862831866,14.387899219200095
2006-05-01,Impuestos netos de subsidios,126.17728874952645,5.462028211838699
2006-05-01,Industria manufacturera,118.86464832069062,8.615683667417763
2006-05-01,Intermediación financiera,120.75039508303405,9.985876364684687
2006-05-01,"Otras actividades de servicios comunitarios, sociales y personales",121.67593661444187,13.086007239416197
2006-05-01,Pesca,264.9244956064972,37.08598964291638
2006-05-01,Servicios sociales y de salud,115.6197298906747,3.523032422016592
2006-05-01,Transporte y comunicaciones,137.11278422871595,10.242325630812953
2006-06-01,"Actividades inmobiliarias, empresariales y de alquiler",114.64181596647083,7.025156774904828
2006-06-01,Administración pública y defensa; planes de seguridad social de afiliación obligatoria,109.73536841020032,3.5188053989372525
2006-06-01,"Agricultura, ganadería, caza y silvicultura",188.6573650087686,-4.503303266915437
2006-06-01,"Comercio mayorista, minorista y reparaciones",124.089641585853,9.817512093643588
2006-06-01,Construcción,123.04387860618962,9.878433232423722
2006-06-01,"Electricidad, gas y agua",116.36176738876209,9.5027870888166
2006-06-01,Enseñanza,113.1356389861569,4.595898264333265
2006-06-01,Explotación de minas y canteras,106.29549964163019,6.835289253746324
2006-06-01,Hoteles y restaurantes,113.57675957836602,13.357359744203867
2006-06-01,Impuestos netos de subsidios,119.05001251380077,8.624267986531908
2006-06-01,Industria manufacturera,117.28654556936536,8.633716963587968
2006-06-01,Intermediación financiera,124.12378407457263,12.399562847808877
2006-06-01,"Otras actividades de servicios comunitarios, sociales y personales",118.5305534920083,7.207507671214652
2006-06-01,Pesca,183.92299961877285,65.76058931049155
2006-06-01,Servicios sociales y de salud,119.51321615711934,1.3241263730355612
2006-06-01,Transporte y comunicaciones,131.55583310362056,11.037223944646634
2006-07-01,"Actividades inmobiliarias, empresariales y de alquiler",113.9802074632504,8.963371729464576
2006-07-01,Administración pública y defensa; planes de seguridad social de afiliación obligatoria,108.97220421301697,3.800035040710714
2006-07-01,"Agricultura, ganadería, caza y silvicultura",103.80806059487988,5.482031333647441
2006-07-01,"Comercio mayorista, minorista y reparaciones",121.81954176105575,10.889955094828686
2006-07-01,Construcción,126.59829794059057,16.30992834018603
2006-07-01,"Electricidad, gas y agua",118.15558214469775,4.883732916000705
2006-07-01,Enseñanza,110.93059150416103,4.260894898393763
2006-07-01,Explotación de minas y canteras,109.34349281382126,5.008063200974666
2006-07-01,Hoteles y restaurantes,126.24678186230716,11.230484840251776
2006-07-01,Impuestos netos de subsidios,112.85257418877023,7.502457822121333
2006-07-01,Industria manufacturera,119.78074213672392,10.262136813874378
2006-07-01,Intermediación financiera,123.79528186882386,10.001215567931009
2006-07-01,"Otras actividades de servicios comunitarios, sociales y personales",134.38200139148455,9.642583134970684
2006-07-01,Pesca,153.0980783225789,105.37328577411311
2006-07-01,Servicios sociales y de salud,113.40797262538358,1.402552536955226
2006-07-01,Transporte y comunicaciones,129.90727592241652,11.566559438879164
2006-08-01,"Actividades inmobiliarias, empresariales y de alquiler",113.75738946752014,5.478218426548587
2006-08-01,Administración pública y defensa; planes de seguridad social de afiliación obligatoria,109.83618379088882,4.15779909022278
2006-08-01,"Agricultura, ganadería, caza y silvicultura",71.2544527840865,11.59199000414619
2006-08-01,"Comercio mayorista, minorista y reparaciones",125.43097840785731,12.122021393713013
2006-08-01,Construcción,128.15126651198253,12.728989906953192
2006-08-01,"Electricidad, gas y agua",119.41583852801693,6.629685424872256
2006-08-01,Enseñanza,111.71014314655727,4.622040711750919
2006-08-01,Explotación de minas y canteras,107.52376962357029,4.615696213730458
2006-08-01,Hoteles y restaurantes,126.72357669459835,10.290511063256913
2006-08-01,Impuestos netos de subsidios,120.3181917108528,11.482854983714708
2006-08-01,Industria manufacturera,120.7443974957074,10.045860537116713
2006-08-01,Intermediación financiera,126.59749876944252,14.688944007271276
2006-08-01,"Otras actividades de servicios comunitarios, sociales y personales",125.08217374991506,11.66881991651223
2006-08-01,Pesca,162.44218032488016,187.81098008974016
2006-08-01,Servicios sociales y de salud,118.97511825135906,3.0174327593839756
2006-08-01,Transporte y comunicaciones,130.90287167572222,13.44134397675214
2006-09-01,"Actividades inmobiliarias, empresariales y de alquiler",114.54726918822536,4.874700501693829
2006-09-01,Administración pública y defensa; planes de seguridad social de afiliación obligatoria,111.0279642897677,4.503313219377669
2006-09-01,"Agricultura, ganadería, caza y silvicultura",66.92231897006003,12.685796184805675
2006-09-01,"Comercio mayorista, minorista y reparaciones",123.16276868717833,10.5568836156557
2006-09-01,Construcción,131.87538002531082,11.781135709512135
2006-09-01,"Electricidad, gas y agua",109.77899163860454,3.750427454601457
2006-09-01,Enseñanza,113.17141916699018,5.058489307003877
2006-09-01,Explotación de minas y canteras,107.0166313267876,9.154875291845421
2006-09-01,Hoteles y restaurantes,126.64824506737062,7.558248414556656
2006-09-01,Impuestos netos de subsidios,118.08445056947545,10.738698412247327
2006-09-01,Industria manufacturera,119.7106543220991,10.140320678413573
2006-09-01,Intermediación financiera,125.7779115024296,13.97859554453056
2006-09-01,"Otras actividades de servicios comunitarios, sociales y personales",119.39897417564372,7.946476228357269
2006-09-01,Pesca,102.8218873821266,149.52309880440458
2006-09-01,Servicios sociales y de salud,116.19523950045144,1.8762163670956955
2006-09-01,Transporte y comunicaciones,130.17492225964443,13.60538931075672
2006-10-01,"Actividades inmobiliarias, empresariales y de alquiler",115.52887477223533,7.525475744302512
2006-10-01,Administración pública y defensa; planes de seguridad social de afiliación obligatoria,110.56394555944924,3.463721162387068
2006-10-01,"Agricultura, ganadería, caza y silvicultura",62.94513535066749,3.7698719381063617
2006-10-01,"Comercio mayorista, minorista y reparaciones",124.44132917177957,13.676027406146375
2006-10-01,Construcción,127.96110870257027,12.353405373114533
2006-10-01,"Electricidad, gas y agua",112.62058228146405,14.007698122125745
2006-10-01,Enseñanza,113.35876791035464,4.883241793993309
2006-10-01,Explotación de minas y canteras,109.48227680702465,13.69599134331716
2006-10-01,Hoteles y restaurantes,128.57783375686762,9.492087934313908
2006-10-01,Impuestos netos de subsidios,122.25583329995277,22.201840345195766
2006-10-01,Industria manufacturera,124.1158904033081,8.574368940238353
2006-10-01,Intermediación financiera,130.1814453673093,17.38731449001374
2006-10-01,"Otras actividades de servicios comunitarios, sociales y personales",119.82164753873919,6.510200419042356
2006-10-01,Pesca,110.57112376295186,80.20839905244532
2006-10-01,Servicios sociales y de salud,111.84534814568269,2.239964410518458
2006-10-01,Transporte y comunicaciones,132.224797003083,13.449078534187997
2006-11-01,"Actividades inmobiliarias, empresariales y de alquiler",117.10426842378962,6.583121566388628
2006-11-01,Administración pública y defensa; planes de seguridad social de afiliación obligatoria,110.86948575427485,2.7292233559660373
2006-11-01,"Agricultura, ganadería, caza y silvicultura",80.07303428178055,0.9450858361406578
2006-11-01,"Comercio mayorista, minorista y reparaciones",129.7340667183079,12.618398047293011
2006-11-01,Construcción,131.10738675413896,11.345666264376565
2006-11-01,"Electricidad, gas y agua",110.51193217223496,5.740227090507077
2006-11-01,Enseñanza,113.81305186894284,4.065795225929647
2006-11-01,Explotación de minas y canteras,98.2296726806412,0.8920606476598092
2006-11-01,Hoteles y restaurantes,130.71584626110976,9.117294356288518
2006-11-01,Impuestos netos de subsidios,121.68577543181429,16.210535404404848
2006-11-01,Industria manufacturera,123.80692847607784,9.362020765529078
2006-11-01,Intermediación financiera,132.01831998294654,15.74691523838716
2006-11-01,"Otras actividades de servicios comunitarios, sociales y personales",120.52661429096557,7.414121176355493
2006-11-01,Pesca,63.65408366750928,-6.085174797976556
2006-11-01,Servicios sociales y de salud,111.26478247447879,1.872887653776889
2006-11-01,Transporte y comunicaciones,134.12269963587892,14.15560514421712
2006-12-01,"Actividades inmobiliarias, empresariales y de alquiler",120.91719968221722,5.322507777236418
2006-12-01,Administración pública y defensa; planes de seguridad social de afiliación obligatoria,112.09775240438664,2.4049376281145785
2006-12-01,"Agricultura, ganadería, caza y silvicultura",97.56011519930298,-3.1682167618575674
2006-12-01,"Comercio mayorista, minorista y reparaciones",118.90351803992705,9.154759116886368
2006-12-01,Construcción,128.95722387346774,10.123653111507448
2006-12-01,"Electricidad, gas y agua",119.22396083304716,12.505939946863286
2006-12-01,Enseñanza,115.03008219292292,3.6048859773779585
2006-12-01,Explotación de minas y canteras,104.99298455301889,6.338089816378489
2006-12-01,Hoteles y restaurantes,131.13681697287012,11.658440465388908
2006-12-01,Impuestos netos de subsidios,127.9270394608093,15.29882639653044
2006-12-01,Industria manufacturera,119.74174704709736,8.873111500889031
2006-12-01,Intermediación financiera,136.39177855775918,14.031718133960824
2006-12-01,"Otras actividades de servicios comunitarios, sociales y personales",123.115793259659,5.450070268222551
2006-12-01,Pesca,82.96292841646093,-23.357785115753682
2006-12-01,Servicios sociales y de salud,109.26234821968986,2.903817692953048
2006-12-01,Transporte y comunicaciones,135.47009941819937,12.535923213868006
2007-01-01,"Actividades inmobiliarias, empresariales y de alquiler",109.43889451324571,6.128023627602519
2007-01-01,Administración pública y defensa; planes de seguridad social de afiliación obligatoria,111.90410041898843,5.504815214610037
2007-01-01,"Agricultura, ganadería, caza y silvicultura",69.90778195841668,0.9856271119810245
2007-01-01,"Comercio mayorista, minorista y reparaciones",122.23919106504033,11.045830061418748
2007-01-01,Construcción,135.751238143709,11.222700438308554
2007-01-01,"Electricidad, gas y agua",116.55530516220442,5.101222402396011
2007-01-01,Enseñanza,112.18968237435227,6.225901479156781
2007-01-01,Explotación de minas y canteras,102.20540890235199,-1.7496380247046806
2007-01-01,Hoteles y restaurantes,148.9069153880401,12.161936850622524
2007-01-01,Impuestos netos de subsidios,124.17779795155342,9.898667664511729
2007-01-01,Industria manufacturera,109.93223324576509,4.8297466081686835
2007-01-01,Intermediación financiera,140.95887130924027,16.31467574420857
2007-01-01,"Otras actividades de servicios comunitarios, sociales y personales",130.8773951477989,9.28028362904245
2007-01-01,Pesca,50.88752580623242,14.364550685895573
2007-01-01,Servicios sociales y de salud,114.39913290624091,6.705686913110154
2007-01-01,Transporte y comunicaciones,136.60659645904616,13.334134346036342
2007-02-01,"Actividades inmobiliarias, empresariales y de alquiler",111.0866843043411,5.170834556332116
2007-02-01,Administración pública y defensa; planes de seguridad social de afiliación obligatoria,112.5604037906343,5.6396409408556725
2007-02-01,"Agricultura, ganadería, caza y silvicultura",69.77520594008733,4.454002512296151
2007-02-01,"Comercio mayorista, minorista y reparaciones",120.4578971615571,9.369128285191653
2007-02-01,Construcción,138.79714457533393,11.995207438706036
2007-02-01,"Electricidad, gas y agua",110.69663982933307,4.451692365696536
2007-02-01,Enseñanza,112.72931905042871,6.472465754858581
2007-02-01,Explotación de minas y canteras,94.44748923752958,-0.030896434628413516
2007-02-01,Hoteles y restaurantes,145.14225991431275,13.455177904820538
2007-02-01,Impuestos netos de subsidios,119.18907128025364,13.660372770698581
2007-02-01,Industria manufacturera,109.69851867768914,6.743021246785208
2007-02-01,Intermediación financiera,134.14478871711805,16.499394411527526
2007-02-01,"Otras actividades de servicios comunitarios, sociales y personales",128.38995881288415,11.847458888537732
2007-02-01,Pesca,72.00833004373763,-52.87941230287846
2007-02-01,Servicios sociales y de salud,109.76855765326515,6.386263208073983
2007-02-01,Transporte y comunicaciones,130.76190881599757,12.567344577113172
2007-03-01,"Actividades inmobiliarias, empresariales y de alquiler",117.47126336276246,5.899541856129198
2007-03-01,Administración pública y defensa; planes de seguridad social de afiliación obligatoria,112.68684089297119,5.793164385070582
2007-03-01,"Agricultura, ganadería, caza y silvicultura",135.0705144673572,6.4372998302063555
2007-03-01,"Comercio mayorista, minorista y reparaciones",143.638585226195,9.98150606589605
2007-03-01,Construcción,142.99603944525325,11.47219179887735
2007-03-01,"Electricidad, gas y agua",114.42696410977851,6.139127488366891
2007-03-01,Enseñanza,113.43394846009436,6.525838209197987
2007-03-01,Explotación de minas y canteras,104.58110049693461,-1.6174808528204965
2007-03-01,Hoteles y restaurantes,141.37959547308338,11.898305453157576
2007-03-01,Impuestos netos de subsidios,133.17044937528382,15.07415356045081
2007-03-01,Industria manufacturera,126.88270382498312,7.14912499593976
2007-03-01,Intermediación financiera,139.42220799572493,17.281033324539607
2007-03-01,"Otras actividades de servicios comunitarios, sociales y personales",129.10292037022904,11.606598583404427
2007-03-01,Pesca,247.66896035037828,3.9818498075233855
2007-03-01,Servicios sociales y de salud,118.64032435033585,7.205225610139188
2007-03-01,Transporte y comunicaciones,142.63669581282272,13.301464296024612
2007-04-01,"Actividades inmobiliarias, empresariales y de alquiler",114.59945213931366,4.600067989116452
2007-04-01,Administración pública y defensa; planes de seguridad social de afiliación obligatoria,112.16894884860082,5.653834457277229
2007-04-01,"Agricultura, ganadería, caza y silvicultura",221.84990548357524,16.216730816628978
2007-04-01,"Comercio mayorista, minorista y reparaciones",133.59184747695164,11.605920666635395
2007-04-01,Construcción,133.47483141983872,10.252156796404698
2007-04-01,"Electricidad, gas y agua",110.87351217824026,7.323129914436888
2007-04-01,Enseñanza,112.80428527653625,5.930054870616619
2007-04-01,Explotación de minas y canteras,103.14936532253986,-0.8773230071703275
2007-04-01,Hoteles y restaurantes,134.1722689458275,11.848083682251032
2007-04-01,Impuestos netos de subsidios,130.4219797678401,9.75189824483138
2007-04-01,Industria manufacturera,124.85819169970812,7.380359053402552
2007-04-01,Intermediación financiera,136.65726164801654,17.12981642001148
2007-04-01,"Otras actividades de servicios comunitarios, sociales y personales",124.68581446560738,0.1691324081671386
2007-04-01,Pesca,255.2824212967319,19.87573425567708
2007-04-01,Servicios sociales y de salud,121.85408332049283,7.083829733916125
2007-04-01,Transporte y comunicaciones,145.60313462864846,13.537248942959224
2007-05-01,"Actividades inmobiliarias, empresariales y de alquiler",119.71589743228877,6.068544580805524
2007-05-01,Administración pública y defensa; planes de seguridad social de afiliación obligatoria,115.21380783836315,6.442224238613514
2007-05-01,"Agricultura, ganadería, caza y silvicultura",329.80886068857546,17.853877275841445
2007-05-01,"Comercio mayorista, minorista y reparaciones",137.27301397968213,9.478797942298023
2007-05-01,Construcción,137.02396392952184,10.829846552516798
2007-05-01,"Electricidad, gas y agua",120.482744306566,5.8441745673340595
2007-05-01,Enseñanza,117.164658965588,6.556479013293637
2007-05-01,Explotación de minas y canteras,106.497243696535,-2.42839516868959
2007-05-01,Hoteles y restaurantes,126.8185925449874,11.234437966263734
2007-05-01,Impuestos netos de subsidios,144.17869095115842,14.266753058362514
2007-05-01,Industria manufacturera,128.45394300314825,8.067406767221662
2007-05-01,Intermediación financiera,141.05530438062058,16.815604854645706
2007-05-01,"Otras actividades de servicios comunitarios, sociales y personales",130.8014047707643,7.499813365101571
2007-05-01,Pesca,253.63221809073568,-4.262451265561484
2007-05-01,Servicios sociales y de salud,124.18883005548184,7.411451464996266
2007-05-01,Transporte y comunicaciones,156.85604721329895,14.399286759175967
2007-06-01,"Actividades inmobiliarias, empresariales y de alquiler",121.31784010604233,5.823376124401269
2007-06-01,Administración pública y defensa; planes de seguridad social de afiliación obligatoria,116.44294170444181,6.112498997741533
2007-06-01,"Agricultura, ganadería, caza y silvicultura",219.70144711394153,16.455271758794066
2007-06-01,"Comercio mayorista, minorista y reparaciones",136.94504750674477,10.359773593187139
2007-06-01,Construcción,135.98658581513553,10.518773754174248
2007-06-01,"Electricidad, gas y agua",118.91858938656186,2.197304196366745
2007-06-01,Enseñanza,119.71262377767557,5.813362482818896
2007-06-01,Explotación de minas y canteras,102.77532057191836,-3.3116915406390057
2007-06-01,Hoteles y restaurantes,124.5190470978934,9.634266341238051
2007-06-01,Impuestos netos de subsidios,135.61875857941516,13.917466882830997
2007-06-01,Industria manufacturera,123.61381633312189,5.394711501682403
2007-06-01,Intermediación financiera,143.65222867025258,15.733039998158137
2007-06-01,"Otras actividades de servicios comunitarios, sociales y personales",131.71204264809072,11.120752217672859
2007-06-01,Pesca,180.29198879565078,-1.97420161189642
2007-06-01,Servicios sociales y de salud,128.1628786692827,7.237410882485151
2007-06-01,Transporte y comunicaciones,150.3763541544569,14.306109130115319
2007-07-01,"Actividades inmobiliarias, empresariales y de alquiler",120.39366360494792,5.626815641448402
2007-07-01,Administración pública y defensa; planes de seguridad social de afiliación obligatoria,115.08763434724796,5.611917441145509
2007-07-01,"Agricultura, ganadería, caza y silvicultura",109.57605605554018,5.5564042210271225
2007-07-01,"Comercio mayorista, minorista y reparaciones",135.91222633375637,11.568492516859784
2007-07-01,Construcción,142.82248956396933,12.815489534458324
2007-07-01,"Electricidad, gas y agua",117.67897703960853,-0.40337078996872666
2007-07-01,Enseñanza,117.83415056824256,6.223314029496163
2007-07-01,Explotación de minas y canteras,101.30076108488886,-7.355473583258155
2007-07-01,Hoteles y restaurantes,138.49153419471563,9.69906095963966
2007-07-01,Impuestos netos de subsidios,138.20002485973453,22.460675667499807
2007-07-01,Industria manufacturera,123.18963123418615,2.845940872173891
2007-07-01,Intermediación financiera,142.17834820947422,14.8495694368461
2007-07-01,"Otras actividades de servicios comunitarios, sociales y personales",147.5314632715409,9.785136211618894
2007-07-01,Pesca,158.41212693114653,3.47100934694351
2007-07-01,Servicios sociales y de salud,120.01476844025774,5.825689025143022
2007-07-01,Transporte y comunicaciones,147.58889346079556,13.610952437289892
2007-08-01,"Actividades inmobiliarias, empresariales y de alquiler",122.0194411692235,7.2628703422051855
2007-08-01,Administración pública y defensa; planes de seguridad social de afiliación obligatoria,115.32336037795187,4.995782261981896
2007-08-01,"Agricultura, ganadería, caza y silvicultura",70.40974558545918,-1.1854798761656737
2007-08-01,"Comercio mayorista, minorista y reparaciones",140.2845550930463,11.84203206714245
2007-08-01,Construcción,144.03194638961224,12.39213650389075
2007-08-01,"Electricidad, gas y agua",118.00215992937572,-1.1838283899916147
2007-08-01,Enseñanza,118.03770501328611,5.664267978268933
2007-08-01,Explotación de minas y canteras,105.42477214833659,-1.9521241513221432
2007-08-01,Hoteles y restaurantes,135.97772721446717,7.302627309968668
2007-08-01,Impuestos netos de subsidios,142.52071772273376,18.453174616551582
2007-08-01,Industria manufacturera,128.42225287656314,6.358767396332965
2007-08-01,Intermediación financiera,145.02093254871346,14.552762857363732
2007-08-01,"Otras actividades de servicios comunitarios, sociales y personales",137.9500936382099,10.287572963052671
2007-08-01,Pesca,105.2736651044694,-35.193146943777286
2007-08-01,Servicios sociales y de salud,125.22863182507929,5.2561524339134635
2007-08-01,Transporte y comunicaciones,146.79564466649921,12.140889491062644
2007-09-01,"Actividades inmobiliarias, empresariales y de alquiler",121.01716369789503,5.648231123727854
2007-09-01,Administración pública y defensa; planes de seguridad social de afiliación obligatoria,115.49902392336564,4.026967135891191
2007-09-01,"Agricultura, ganadería, caza y silvicultura",64.36351214318887,-3.823547758433077
2007-09-01,"Comercio mayorista, minorista y reparaciones",137.95223882129494,12.008068908941505
2007-09-01,Construcción,144.63339541365633,9.674296586593245
2007-09-01,"Electricidad, gas y agua",112.13813494585708,2.148993420361256
2007-09-01,Enseñanza,118.03152570918509,4.29446460773244
2007-09-01,Explotación de minas y canteras,103.2431409863342,-3.5260784175971893
2007-09-01,Hoteles y restaurantes,137.3639835410913,8.461024049737475
2007-09-01,Impuestos netos de subsidios,130.43783428305028,10.461482146039769
2007-09-01,Industria manufacturera,131.0845524612863,9.501157773796853
2007-09-01,Intermediación financiera,139.8808425828213,11.212565793095774
2007-09-01,"Otras actividades de servicios comunitarios, sociales y personales",129.39773510485693,8.374243579768436
2007-09-01,Pesca,80.56721676057548,-21.643904024873628
2007-09-01,Servicios sociales y de salud,121.54790247072893,4.6066112461145226
2007-09-01,Transporte y comunicaciones,143.87713398750367,10.525999547385222
2007-10-01,"Actividades inmobiliarias, empresariales y de alquiler",123.77767541604257,7.140033744870888
2007-10-01,Administración pública y defensa; planes de seguridad social de afiliación obligatoria,115.86998683901211,4.799070124274696
2007-10-01,"Agricultura, ganadería, caza y silvicultura",66.72752242065343,6.009022061695868
2007-10-01,"Comercio mayorista, minorista y reparaciones",145.73802454403565,17.113844342547967
2007-10-01,Construcción,142.74653235440883,11.5546229645489
2007-10-01,"Electricidad, gas y agua",111.84104765531319,-0.6921777621453185
2007-10-01,Enseñanza,118.21041033886594,4.279900459352226
2007-10-01,Explotación de minas y canteras,104.56882813842586,-4.487894124872205
2007-10-01,Hoteles y restaurantes,141.39326340180725,9.967059850434845
2007-10-01,Impuestos netos de subsidios,141.21272198930285,15.50591753183641
2007-10-01,Industria manufacturera,138.76001032246342,11.798747019072264
2007-10-01,Intermediación financiera,143.9614485596052,10.585228296870874
2007-10-01,"Otras actividades de servicios comunitarios, sociales y personales",127.4444976019856,6.3618304537015335
2007-10-01,Pesca,67.21370237830521,-39.212246298227505
2007-10-01,Servicios sociales y de salud,118.93247019961433,6.336537166213119
2007-10-01,Transporte y comunicaciones,149.04246046238984,12.718993593096384
2007-11-01,"Actividades inmobiliarias, empresariales y de alquiler",124.3561397274128,6.1926618057843275
2007-11-01,Administración pública y defensa; planes de seguridad social de afiliación obligatoria,118.35075015218703,6.747811940332493
2007-11-01,"Agricultura, ganadería, caza y silvicultura",83.96480339792302,4.86027431213254
2007-11-01,"Comercio mayorista, minorista y reparaciones",146.75402379018402,13.119111658491068
2007-11-01,Construcción,143.21543421406665,9.235213789009066
2007-11-01,"Electricidad, gas y agua",110.52502742808707,0.011849630709281911
2007-11-01,Enseñanza,121.1384307743055,6.436325873941007
2007-11-01,Explotación de minas y canteras,97.3397027701706,-0.9060092395543395
2007-11-01,Hoteles y restaurantes,144.96854891712624,10.903576776411782
2007-11-01,Impuestos netos de subsidios,143.09453249700726,17.59347548160155
2007-11-01,Industria manufacturera,136.61399284174945,10.344384214447434
2007-11-01,Intermediación financiera,144.28542671203786,9.291973061523517
2007-11-01,"Otras actividades de servicios comunitarios, sociales y personales",127.50050464629632,5.786182907697834
2007-11-01,Pesca,53.16505935178966,-16.478164025591813
2007-11-01,Servicios sociales y de salud,118.95043626880188,6.907535001999365
2007-11-01,Transporte y comunicaciones,148.8728545325129,10.997508204560624
2007-12-01,"Actividades inmobiliarias, empresariales y de alquiler",123.24750798738926,1.9271934111080302
2007-12-01,Administración pública y defensa; planes de seguridad social de afiliación obligatoria,119.02682880163647,6.181280399140876
2007-12-01,"Agricultura, ganadería, caza y silvicultura",95.88479503204245,-1.7172183159460896
2007-12-01,"Comercio mayorista, minorista y reparaciones",133.34146415988798,12.142572699247435
2007-12-01,Construcción,138.39450886846663,7.318151485843649
2007-12-01,"Electricidad, gas y agua",120.25046739706984,0.8609901540346687
2007-12-01,Enseñanza,120.6705833649399,4.903500949044792
2007-12-01,Explotación de minas y canteras,104.53255570094025,-0.43853296869195146
2007-12-01,Hoteles y restaurantes,145.04544828527528,10.606198650743991
2007-12-01,Impuestos netos de subsidios,146.0335125254363,14.153749778735358
2007-12-01,Industria manufacturera,130.82770708317463,9.258224729021936
2007-12-01,Intermediación financiera,148.16452793535768,8.631568194275708
2007-12-01,"Otras actividades de servicios comunitarios, sociales y personales",129.11811548712458,4.875347076557679
2007-12-01,Pesca,68.61519552058442,-17.294149531285985
2007-12-01,Servicios sociales y de salud,116.21404830039177,6.36239307865174
2007-12-01,Transporte y comunicaciones,150.373182056015,11.001012549499546
2008-01-01,"Actividades inmobiliarias, empresariales y de alquiler",118.04549995986385,7.864302252775812
2008-01-01,Administración pública y defensa; planes de seguridad social de afiliación obligatoria,113.80870976136907,1.7020013880183482
2008-01-01,"Agricultura, ganadería, caza y silvicultura",66.47801641256754,-4.906128401969989
2008-01-01,"Comercio mayorista, minorista y reparaciones",137.41853265028573,12.417737268212825
2008-01-01,Construcción,147.91516654997884,8.960454853010514
2008-01-01,"Electricidad, gas y agua",125.75604821236348,7.893886114711668
2008-01-01,Enseñanza,112.82230663923187,0.5638880969184523
2008-01-01,Explotación de minas y canteras,101.51195521407632,-0.6784902048953212
2008-01-01,Hoteles y restaurantes,156.68158356482354,5.221159914919493
2008-01-01,Impuestos netos de subsidios,153.06471700491437,23.26254735539026
2008-01-01,Industria manufacturera,121.84460251251801,10.836102310522122
2008-01-01,Intermediación financiera,153.10121522328177,8.614104100907017
2008-01-01,"Otras actividades de servicios comunitarios, sociales y personales",135.59705210200227,3.6061666331863584
2008-01-01,Pesca,34.15549663316978,-32.88041402675819
2008-01-01,Servicios sociales y de salud,122.65755937792113,7.218958974495604
2008-01-01,Transporte y comunicaciones,152.2399948665676,11.444102124459455
2008-02-01,"Actividades inmobiliarias, empresariales y de alquiler",121.34102912444735,9.23093967951434
2008-02-01,Administración pública y defensa; planes de seguridad social de afiliación obligatoria,117.07542146710281,4.011195344382901
2008-02-01,"Agricultura, ganadería, caza y silvicultura",68.68449956340437,-1.5631718487789215
2008-02-01,"Comercio mayorista, minorista y reparaciones",134.87469950281096,11.968333069867686
2008-02-01,Construcción,150.6273930608785,8.523409124690984
2008-02-01,"Electricidad, gas y agua",119.22420046446574,7.703540638884854
2008-02-01,Enseñanza,116.67435910124134,3.499568775934714
2008-02-01,Explotación de minas y canteras,97.65460589841184,3.395661109441006
2008-02-01,Hoteles y restaurantes,150.98106793772195,4.0228173564723635
2008-02-01,Impuestos netos de subsidios,137.32474391622623,15.215885518001482
2008-02-01,Industria manufacturera,119.05995651145108,8.53378691581721
2008-02-01,Intermediación financiera,146.66367464589192,9.332368441962702
2008-02-01,"Otras actividades de servicios comunitarios, sociales y personales",134.30506192738667,4.60713841580338
2008-02-01,Pesca,58.973009445759104,-18.102517569926857
2008-02-01,Servicios sociales y de salud,115.68527529924029,5.390175267370068
2008-02-01,Transporte y comunicaciones,146.2376918309528,11.835084968614273
2008-03-01,"Actividades inmobiliarias, empresariales y de alquiler",121.38912080370055,3.3351624293333604
2008-03-01,Administración pública y defensa; planes de seguridad social de afiliación obligatoria,117.22839011269328,4.030239186521878
2008-03-01,"Agricultura, ganadería, caza y silvicultura",134.99408222831698,-0.05658691635375135
2008-03-01,"Comercio mayorista, minorista y reparaciones",148.09037630343897,3.099300282186368
2008-03-01,Construcción,151.29946177326383,5.8067498653972205
2008-03-01,"Electricidad, gas y agua",120.24885565491358,5.087866824422327
2008-03-01,Enseñanza,116.98169599668276,3.127588860962982
2008-03-01,Explotación de minas y canteras,104.3975309769033,-0.17552838816865535
2008-03-01,Hoteles y restaurantes,146.14582806558045,3.37123088840956
2008-03-01,Impuestos netos de subsidios,133.63402358675833,0.34810591512546285
2008-03-01,Industria manufacturera,129.66358358865563,2.191693335530065
2008-03-01,Intermediación financiera,144.80846349557507,3.863269401109548
2008-03-01,"Otras actividades de servicios comunitarios, sociales y personales",134.57424716086393,4.23795741796138
2008-03-01,Pesca,157.05404450748907,-36.587110356782674
2008-03-01,Servicios sociales y de salud,124.81950538588549,5.208331205588235
2008-03-01,Transporte y comunicaciones,150.31606698601718,5.383867825480082
2008-04-01,"Actividades inmobiliarias, empresariales y de alquiler",125.82177399766734,9.79264878571251
2008-04-01,Administración pública y defensa; planes de seguridad social de afiliación obligatoria,118.0264345043607,5.222020635734026
2008-04-01,"Agricultura, ganadería, caza y silvicultura",220.23861776540605,-0.7262963284374702
2008-04-01,"Comercio mayorista, minorista y reparaciones",156.59720886749764,17.220632714518814
2008-04-01,Construcción,148.68452806066657,11.395179509900611
2008-04-01,"Electricidad, gas y agua",114.97870835770038,3.7025941532911943
2008-04-01,Enseñanza,119.2546594948615,5.718199625583686
2008-04-01,Explotación de minas y canteras,100.58560131901508,-2.485486939748094
2008-04-01,Hoteles y restaurantes,136.05824921923144,1.405640888554549
2008-04-01,Impuestos netos de subsidios,149.34152145341386,14.506405836847303
2008-04-01,Industria manufacturera,137.31360119082652,9.975644626565195
2008-04-01,Intermediación financiera,149.61237526085122,9.480003811435012
2008-04-01,"Otras actividades de servicios comunitarios, sociales y personales",136.27306821377988,9.293161213113521
2008-04-01,Pesca,239.9133449963601,-6.020420921387015
2008-04-01,Servicios sociales y de salud,131.24947544440994,7.710362975039531
2008-04-01,Transporte y comunicaciones,158.74103249197242,9.023087241103234
2008-05-01,"Actividades inmobiliarias, empresariales y de alquiler",127.5940226681952,6.580684274085047
2008-05-01,Administración pública y defensa; planes de seguridad social de afiliación obligatoria,119.15231349574023,3.4184319842136768
2008-05-01,"Agricultura, ganadería, caza y silvicultura",321.72079167699036,-2.452350429487804
2008-05-01,"Comercio mayorista, minorista y reparaciones",153.4563222387674,11.789140334225179
2008-05-01,Construcción,149.09925671538545,8.812540842910167
2008-05-01,"Electricidad, gas y agua",118.28109800862512,-1.827354041952134
2008-05-01,Enseñanza,120.97954556625537,3.25600452760062
2008-05-01,Explotación de minas y canteras,90.95122591610544,-14.597577590578858
2008-05-01,Hoteles y restaurantes,131.38467916913126,3.600486752385379
2008-05-01,Impuestos netos de subsidios,152.49572268947261,5.768558226910003
2008-05-01,Industria manufacturera,137.48692679263272,7.032079808763103
2008-05-01,Intermediación financiera,151.21576755705632,7.203176953217549
2008-05-01,"Otras actividades de servicios comunitarios, sociales y personales",139.58975169930812,6.7188475108090895
2008-05-01,Pesca,276.5282460067393,9.027255325982564
2008-05-01,Servicios sociales y de salud,133.85054703069312,7.779859888280516
2008-05-01,Transporte y comunicaciones,165.8886876707595,5.758554176223507
2008-06-01,"Actividades inmobiliarias, empresariales y de alquiler",127.53844076174722,5.127523413100299
2008-06-01,Administración pública y defensa; planes de seguridad social de afiliación obligatoria,121.38057189351841,4.240385992316664
2008-06-01,"Agricultura, ganadería, caza y silvicultura",211.8574063579053,-3.570318201849698
2008-06-01,"Comercio mayorista, minorista y reparaciones",142.7097119445634,4.209472735795505
2008-06-01,Construcción,147.06545827938766,8.147033325267161
2008-06-01,"Electricidad, gas y agua",128.41279912589087,7.983789404419128
2008-06-01,Enseñanza,124.62259481972704,4.101464730378002
2008-06-01,Explotación de minas y canteras,98.07132624113787,-4.5769687748031025
2008-06-01,Hoteles y restaurantes,125.22450016487801,0.5665422948747612
2008-06-01,Impuestos netos de subsidios,142.06605020382926,4.753982186497252
2008-06-01,Industria manufacturera,128.3331933139324,3.8178393975738745
2008-06-01,Intermediación financiera,150.23474516528833,4.582258525306715
2008-06-01,"Otras actividades de servicios comunitarios, sociales y personales",141.66702885979393,7.558144275615719
2008-06-01,Pesca,225.7896697735379,25.235553327583382
2008-06-01,Servicios sociales y de salud,135.63150198400152,5.8274465994098135
2008-06-01,Transporte y comunicaciones,154.64867156371932,2.8410832496139404
2008-07-01,"Actividades inmobiliarias, empresariales y de alquiler",128.8479414144638,7.0221949863218835
2008-07-01,Administración pública y defensa; planes de seguridad social de afiliación obligatoria,120.76670239650949,4.93455972179111
2008-07-01,"Agricultura, ganadería, caza y silvicultura",110.97878916724049,1.2801456469553107
2008-07-01,"Comercio mayorista, minorista y reparaciones",152.20250572879812,11.985882237730472
2008-07-01,Construcción,152.13607228741924,6.52108974705865
2008-07-01,"Electricidad, gas y agua",123.69675272440155,5.113721954574402
2008-07-01,Enseñanza,123.58799741086185,4.883004472703356
2008-07-01,Explotación de minas y canteras,103.67886656555925,2.3475692138952065
2008-07-01,Hoteles y restaurantes,138.95826040100698,0.3370070300724226
2008-07-01,Impuestos netos de subsidios,148.20685812469162,7.240833187340945
2008-07-01,Industria manufacturera,136.75464398717628,11.011489049108958
2008-07-01,Intermediación financiera,146.8522441297427,3.28734717988306
2008-07-01,"Otras actividades de servicios comunitarios, sociales y personales",150.49598298441296,2.0094152441338498
2008-07-01,Pesca,172.39082079228044,8.82425741762165
2008-07-01,Servicios sociales y de salud,129.9815776473133,8.30465228287045
2008-07-01,Transporte y comunicaciones,157.1299332163339,6.464605521331301
2008-08-01,"Actividades inmobiliarias, empresariales y de alquiler",126.00455452709842,3.2659659146841546
2008-08-01,Administración pública y defensa; planes de seguridad social de afiliación obligatoria,121.2643409953161,5.1515847248065905
2008-08-01,"Agricultura, ganadería, caza y silvicultura",70.81371768294936,0.5737445777301842
2008-08-01,"Comercio mayorista, minorista y reparaciones",142.84046117963499,1.821944037170331
2008-08-01,Construcción,149.61282870956884,3.8747531084944775
2008-08-01,"Electricidad, gas y agua",126.32092835942453,7.049674713604892
2008-08-01,Enseñanza,124.28775827476,5.2949633854456835
2008-08-01,Explotación de minas y canteras,104.7690757202395,-0.6219566945560917
2008-08-01,Hoteles y restaurantes,139.44352450932402,2.5487977817062024
2008-08-01,Impuestos netos de subsidios,147.1800277884479,3.2692159709569735
2008-08-01,Industria manufacturera,134.09633833760543,4.418303941837953
2008-08-01,Intermediación financiera,155.14314259933852,6.979826893076235
2008-08-01,"Otras actividades de servicios comunitarios, sociales y personales",143.81542258494804,4.251775980754791
2008-08-01,Pesca,176.42805181909824,67.58992065491218
2008-08-01,Servicios sociales y de salud,133.08794294648766,6.2759698056801705
2008-08-01,Transporte y comunicaciones,154.04952785643948,4.941483929186163
2008-09-01,"Actividades inmobiliarias, empresariales y de alquiler",127.33158854294209,5.217792792442455
2008-09-01,Administración pública y defensa; planes de seguridad social de afiliación obligatoria,121.77432162341779,5.433204097218902
2008-09-01,"Agricultura, ganadería, caza y silvicultura",67.16126081328645,4.3467930461492665
2008-09-01,"Comercio mayorista, minorista y reparaciones",148.4033004985393,7.575855068784199
2008-09-01,Construcción,149.9884182956422,3.7024802374792554
2008-09-01,"Electricidad, gas y agua",120.10366459599464,7.103319182170731
2008-09-01,Enseñanza,124.79368274368979,5.7291109251318195
2008-09-01,Explotación de minas y canteras,102.46918390941443,-0.7496450316464287
2008-09-01,Hoteles y restaurantes,138.45377954194683,0.7933637135163041
2008-09-01,Impuestos netos de subsidios,146.6541300347355,12.432202543700498
2008-09-01,Industria manufacturera,140.77953420754767,7.3959757761118405
2008-09-01,Intermediación financiera,150.6796872952446,7.720031215875389
2008-09-01,"Otras actividades de servicios comunitarios, sociales y personales",135.8332245929618,4.973417411742109
2008-09-01,Pesca,86.88274612830962,7.838832743226365
2008-09-01,Servicios sociales y de salud,131.10744153644066,7.864832606234273
2008-09-01,Transporte y comunicaciones,153.65089143614958,6.793127704013613
2008-10-01,"Actividades inmobiliarias, empresariales y de alquiler",127.93237151143988,3.3565795135774845
2008-10-01,Administración pública y defensa; planes de seguridad social de afiliación obligatoria,121.05672422638261,4.476342432468616
2008-10-01,"Agricultura, ganadería, caza y silvicultura",66.49249092185,-0.35222572377522354
2008-10-01,"Comercio mayorista, minorista y reparaciones",144.9394336067809,-0.5479633333532963
2008-10-01,Construcción,138.28099383243503,-3.128299124553746
2008-10-01,"Electricidad, gas y agua",112.85634415709369,0.9078031036597434
2008-10-01,Enseñanza,124.76942606796761,5.54859399464005
2008-10-01,Explotación de minas y canteras,104.91980742902918,0.3356442802808335
2008-10-01,Hoteles y restaurantes,137.8561251217705,-2.5016314037430543
2008-10-01,Impuestos netos de subsidios,143.9567675364367,1.9431999528638277
2008-10-01,Industria manufacturera,137.1768346987664,-1.1409451613745736
2008-10-01,Intermediación financiera,157.18485733348476,9.185381854784946
2008-10-01,"Otras actividades de servicios comunitarios, sociales y personales",136.5405465966986,7.1372630171294915
2008-10-01,Pesca,107.5985181415079,60.08420059335673
2008-10-01,Servicios sociales y de salud,125.55961409217255,5.5721905728816745
2008-10-01,Transporte y comunicaciones,153.61916816575572,3.070740840675268
2008-11-01,"Actividades inmobiliarias, empresariales y de alquiler",126.4361362615453,1.672612658041528
2008-11-01,Administración pública y defensa; planes de seguridad social de afiliación obligatoria,121.86255956084138,2.9672895221521722
2008-11-01,"Agricultura, ganadería, caza y silvicultura",80.22294439167362,-4.45646134430413
2008-11-01,"Comercio mayorista, minorista y reparaciones",133.01684674833652,-9.360681695166129
2008-11-01,Construcción,136.19410912263317,-4.902631570378501
2008-11-01,"Electricidad, gas y agua",118.13283785175992,6.883337286319935
2008-11-01,Enseñanza,125.22744295410806,3.3754871626336724
2008-11-01,Explotación de minas y canteras,102.7210027897308,5.52837112341098
2008-11-01,Hoteles y restaurantes,136.7302807628144,-5.682796865837004
2008-11-01,Impuestos netos de subsidios,134.70235500570507,-5.864778580186291
2008-11-01,Industria manufacturera,126.10218323606061,-7.694533617698651
2008-11-01,Intermediación financiera,149.27482333877236,3.4580045541898308
2008-11-01,"Otras actividades de servicios comunitarios, sociales y personales",131.0257576965755,2.764893409683933
2008-11-01,Pesca,62.395208308181516,17.36130659671906
2008-11-01,Servicios sociales y de salud,126.03621923177111,5.956920533655641
2008-11-01,Transporte y comunicaciones,148.6696283195515,-0.13650991888317643
2008-12-01,"Actividades inmobiliarias, empresariales y de alquiler",128.64941093413046,4.3829713354479605
2008-12-01,Administración pública y defensa; planes de seguridad social de afiliación obligatoria,123.61002971248536,3.850561219678461
2008-12-01,"Agricultura, ganadería, caza y silvicultura",79.39646137759492,-17.195983626953073
2008-12-01,"Comercio mayorista, minorista y reparaciones",126.03383198501584,-5.480389930404284
2008-12-01,Construcción,129.50511727638553,-6.423225650180808
2008-12-01,"Electricidad, gas y agua",121.37017991905891,0.9311502451726517
2008-12-01,Enseñanza,126.6338210965126,4.941749318919175
2008-12-01,Explotación de minas y canteras,104.38528222102086,-0.14088766789623897
2008-12-01,Hoteles y restaurantes,134.54158794451033,-7.241771779081252
2008-12-01,Impuestos netos de subsidios,134.19816839772722,-8.104539788870435
2008-12-01,Industria manufacturera,118.48941706194675,-9.430945704325245
2008-12-01,Intermediación financiera,150.46492719398523,1.5525978388235995
2008-12-01,"Otras actividades de servicios comunitarios, sociales y personales",134.152551361281,3.8990933651432247
2008-12-01,Pesca,79.54291075834153,15.926086277024186
2008-12-01,Servicios sociales y de salud,122.04310971428373,5.015797572789937
2008-12-01,Transporte y comunicaciones,149.33867847886512,-0.687957495482483
2009-01-01,"Actividades inmobiliarias, empresariales y de alquiler",116.23293503749763,-1.5354798979906104
2009-01-01,Administración pública y defensa; planes de seguridad social de afiliación obligatoria,118.98874475745716,4.551527740670669
2009-01-01,"Agricultura, ganadería, caza y silvicultura",58.550110188192846,-11.925605865213418
2009-01-01,"Comercio mayorista, minorista y reparaciones",120.26611512693212,-12.481880858824567
2009-01-01,Construcción,125.9926103465463,-14.82103337660452
2009-01-01,"Electricidad, gas y agua",124.30867642090844,-1.1509361275498065
2009-01-01,Enseñanza,121.22617348437356,7.4487635428465815
2009-01-01,Explotación de minas y canteras,104.92021943897858,3.357500323695506
2009-01-01,Hoteles y restaurantes,146.41676857782332,-6.551385780928987
2009-01-01,Impuestos netos de subsidios,132.2135417228646,-13.62245701691025
2009-01-01,Industria manufacturera,105.19122716063418,-13.667716918501082
2009-01-01,Intermediación financiera,152.4208901279487,-0.4443629623324008
2009-01-01,"Otras actividades de servicios comunitarios, sociales y personales",136.33251586408423,0.5423891970222972
2009-01-01,Pesca,34.84538347411296,2.019841340187689
2009-01-01,Servicios sociales y de salud,131.7532838265061,7.4155433180926655
2009-01-01,Transporte y comunicaciones,146.82269400610818,-3.558395325228081
2009-02-01,"Actividades inmobiliarias, empresariales y de alquiler",117.4060909409045,-3.242875235141751
2009-02-01,Administración pública y defensa; planes de seguridad social de afiliación obligatoria,120.88067630996422,3.250259358605545
2009-02-01,"Agricultura, ganadería, caza y silvicultura",62.707009732469054,-8.702822134442933
2009-02-01,"Comercio mayorista, minorista y reparaciones",117.65103787028401,-12.770120486658044
2009-02-01,Construcción,126.56238303013943,-15.976516317329349
2009-02-01,"Electricidad, gas y agua",113.49132226967409,-4.808485334737311
2009-02-01,Enseñanza,121.27728797497868,3.945107484792998
2009-02-01,Explotación de minas y canteras,97.66843706202266,0.014163349985985008
2009-02-01,Hoteles y restaurantes,140.2052778569459,-7.1371796662750615
2009-02-01,Impuestos netos de subsidios,129.24460917001466,-5.883961270039428
2009-02-01,Industria manufacturera,103.2542688057047,-13.27540188058628
2009-02-01,Intermediación financiera,145.76916422211744,-0.6099059129223372
2009-02-01,"Otras actividades de servicios comunitarios, sociales y personales",134.2412795331216,-0.047490685272577604
2009-02-01,Pesca,53.183475480476105,-9.817260505601244
2009-02-01,Servicios sociales y de salud,123.41541761696834,6.68204514164199
2009-02-01,Transporte y comunicaciones,142.49545482074012,-2.5590098991295718
2009-03-01,"Actividades inmobiliarias, empresariales y de alquiler",121.14499821460821,-0.2011074694964754
2009-03-01,Administración pública y defensa; planes de seguridad social de afiliación obligatoria,121.17669049917225,3.3680411227036577
2009-03-01,"Agricultura, ganadería, caza y silvicultura",107.09319052230025,-20.66823318879093
2009-03-01,"Comercio mayorista, minorista y reparaciones",137.40331090760094,-7.216583320674463
2009-03-01,Construcción,127.48665890435443,-15.738854976625817
2009-03-01,"Electricidad, gas y agua",123.53952813018414,2.736552009038684
2009-03-01,Enseñanza,121.67567830181515,4.012578433864977
2009-03-01,Explotación de minas y canteras,107.07210156729407,2.5619098127737328
2009-03-01,Hoteles y restaurantes,133.27103918880348,-8.80954937078301
2009-03-01,Impuestos netos de subsidios,132.91429324292955,-0.5385831575755229
2009-03-01,Industria manufacturera,117.24067998885847,-9.58087325367124
2009-03-01,Intermediación financiera,149.99450809687116,3.581313188544777
2009-03-01,"Otras actividades de servicios comunitarios, sociales y personales",131.09911754164324,-2.5823139958321195
2009-03-01,Pesca,130.07122524485163,-17.180594964780273
2009-03-01,Servicios sociales y de salud,133.27847695214484,6.776962895428906
2009-03-01,Transporte y comunicaciones,150.89527198341798,0.38532474206811607
2009-04-01,"Actividades inmobiliarias, empresariales y de alquiler",120.43155621565059,-4.2840103193241275
2009-04-01,Administración pública y defensa; planes de seguridad social de afiliación obligatoria,119.10548427629368,0.9142441491724718
2009-04-01,"Agricultura, ganadería, caza y silvicultura",131.0723156508964,-40.486224904248125
2009-04-01,"Comercio mayorista, minorista y reparaciones",129.50055609682792,-17.303407236074776
2009-04-01,Construcción,122.06601567142745,-17.902678063704236
2009-04-01,"Electricidad, gas y agua",115.48843516100733,0.44332277739733694
2009-04-01,Enseñanza,120.83436518646391,1.324649031152103
2009-04-01,Explotación de minas y canteras,102.09553837851706,1.5011463268118197
2009-04-01,Hoteles y restaurantes,133.0724098124462,-2.194530227986491
2009-04-01,Impuestos netos de subsidios,136.97403987723632,-8.281341622755257
2009-04-01,Industria manufacturera,119.35512849489496,-13.078436906606527
2009-04-01,Intermediación financiera,149.2728195842145,-0.22695694526920773
2009-04-01,"Otras actividades de servicios comunitarios, sociales y personales",136.44364762983793,0.12517470861552749
2009-04-01,Pesca,154.14665011951348,-35.749030500219924
2009-04-01,Servicios sociales y de salud,140.98607229821016,7.418389156095406
2009-04-01,Transporte y comunicaciones,154.7759925739387,-2.4978040370464583
2009-05-01,"Actividades inmobiliarias, empresariales y de alquiler",121.13458529200909,-5.062492145877162
2009-05-01,Administración pública y defensa; planes de seguridad social de afiliación obligatoria,121.00532650577796,1.5551632659687842
2009-05-01,"Agricultura, ganadería, caza y silvicultura",187.0135334607809,-41.87085873873404
2009-05-01,"Comercio mayorista, minorista y reparaciones",128.64429641567438,-16.168786962382185
2009-05-01,Construcción,121.64189335339725,-18.415493119728545
2009-05-01,"Electricidad, gas y agua",121.93546020488392,3.089557213944971
2009-05-01,Enseñanza,123.14612055591016,1.7908605785498244
2009-05-01,Explotación de minas y canteras,104.00745314666267,14.355196534239623
2009-05-01,Hoteles y restaurantes,129.25188004100195,-1.6233240752399736
2009-05-01,Impuestos netos de subsidios,133.76604022255282,-12.282103482377071
2009-05-01,Industria manufacturera,120.74205267065281,-12.17924824753388
2009-05-01,Intermediación financiera,149.04959844766233,-1.432502142064418
2009-05-01,"Otras actividades de servicios comunitarios, sociales y personales",137.482344826256,-1.5097146082698965
2009-05-01,Pesca,179.4206768838544,-35.11669079928937
2009-05-01,Servicios sociales y de salud,143.870562111261,7.485972454240475
2009-05-01,Transporte y comunicaciones,159.66237476173646,-3.7533077128082737
2009-06-01,"Actividades inmobiliarias, empresariales y de alquiler",123.94397029899213,-2.8183428002462985
2009-06-01,Administración pública y defensa; planes de seguridad social de afiliación obligatoria,122.67577454616318,1.0670592768182052
2009-06-01,"Agricultura, ganadería, caza y silvicultura",129.43470830612264,-38.90479897244674
2009-06-01,"Comercio mayorista, minorista y reparaciones",132.88543726489834,-6.884096776455806
2009-06-01,Construcción,121.74693888608135,-17.215816473510348
2009-06-01,"Electricidad, gas y agua",129.85825857690347,1.1256350308161522
2009-06-01,Enseñanza,126.24964626313664,1.3055830251032852
2009-06-01,Explotación de minas y canteras,100.34862455531118,2.322083733806024
2009-06-01,Hoteles y restaurantes,126.9388971847407,1.3690587845073487
2009-06-01,Impuestos netos de subsidios,135.65390780820468,-4.513493819547154
2009-06-01,Industria manufacturera,120.0373126432513,-6.464329653503976
2009-06-01,Intermediación financiera,153.874325021732,2.422595287421303
2009-06-01,"Otras actividades de servicios comunitarios, sociales y personales",137.62644941995615,-2.8521664302261107
2009-06-01,Pesca,125.08378172878932,-44.601636623037
2009-06-01,Servicios sociales y de salud,144.1333233500923,6.268323539684473
2009-06-01,Transporte y comunicaciones,156.7849290790577,1.3813616979297283
2009-07-01,"Actividades inmobiliarias, empresariales y de alquiler",121.54043751599102,-5.671416879658809
2009-07-01,Administración pública y defensa; planes de seguridad social de afiliación obligatoria,125.278336042841,3.7358258168866953
2009-07-01,"Agricultura, ganadería, caza y silvicultura",89.27758843628466,-19.554367905612136
2009-07-01,"Comercio mayorista, minorista y reparaciones",135.41130893810777,-11.032142151857693
2009-07-01,Construcción,133.13331105707627,-12.490634827513148
2009-07-01,"Electricidad, gas y agua",130.82581437115704,5.763337751185071
2009-07-01,Enseñanza,128.08029661298846,3.6348992590212514
2009-07-01,Explotación de minas y canteras,103.1589094948696,-0.5015072867920134
2009-07-01,Hoteles y restaurantes,128.2002691644654,-7.741886812267285
2009-07-01,Impuestos netos de subsidios,136.22453225970642,-8.0848659883904
2009-07-01,Industria manufacturera,124.92474390139266,-8.65045583892049
2009-07-01,Intermediación financiera,148.30135884257402,0.9867841798529398
2009-07-01,"Otras actividades de servicios comunitarios, sociales y personales",142.763720882865,-5.1378528172069675
2009-07-01,Pesca,96.404356123261,-44.07802243750444
2009-07-01,Servicios sociales y de salud,139.58517393426476,7.388428776429756
2009-07-01,Transporte y comunicaciones,152.93956954262094,-2.6668143923562537
2009-08-01,"Actividades inmobiliarias, empresariales y de alquiler",122.72013277714993,-2.6065897080268963
2009-08-01,Administración pública y defensa; planes de seguridad social de afiliación obligatoria,125.52439519594718,3.513031255243959
2009-08-01,"Agricultura, ganadería, caza y silvicultura",64.71539160627977,-8.611786354690931
2009-08-01,"Comercio mayorista, minorista y reparaciones",132.06273242286534,-7.545291206541027
2009-08-01,Construcción,132.86596287813248,-11.193469153601587
2009-08-01,"Electricidad, gas y agua",120.69718959841447,-4.451945401326274
2009-08-01,Enseñanza,128.54416190059092,3.424636251320412
2009-08-01,Explotación de minas y canteras,93.87471046524458,-10.398455059473555
2009-08-01,Hoteles y restaurantes,129.63057670108407,-7.037220152581414
2009-08-01,Impuestos netos de subsidios,131.0321337735499,-10.971525320071606
2009-08-01,Industria manufacturera,125.41000634488191,-6.477680226326932
2009-08-01,Intermediación financiera,150.2791759015469,-3.135147719904674
2009-08-01,"Otras actividades de servicios comunitarios, sociales y personales",142.72815315368823,-0.7560172697177792
2009-08-01,Pesca,148.11396904710844,-16.04851523329286
2009-08-01,Servicios sociales y de salud,142.92644076944737,7.392478691263271
2009-08-01,Transporte y comunicaciones,151.22961475407993,-1.8305236903987554
2009-09-01,"Actividades inmobiliarias, empresariales y de alquiler",123.72933296755271,-2.82903529015075
2009-09-01,Administración pública y defensa; planes de seguridad social de afiliación obligatoria,126.95438008970127,4.25381837256511
2009-09-01,"Agricultura, ganadería, caza y silvicultura",63.05629992187119,-6.112096231825326
2009-09-01,"Comercio mayorista, minorista y reparaciones",138.35081528446221,-6.773761217107177
2009-09-01,Construcción,133.30444227223046,-11.123509543600852
2009-09-01,"Electricidad, gas y agua",116.35778027763098,-3.118875956836198
2009-09-01,Enseñanza,130.46839943523125,4.547278809935107
2009-09-01,Explotación de minas y canteras,100.19596736919351,-2.218439196539812
2009-09-01,Hoteles y restaurantes,133.84814419413212,-3.3264786003327274
2009-09-01,Impuestos netos de subsidios,135.98498874065635,-7.275036367235021
2009-09-01,Industria manufacturera,126.60793169522697,-10.066521808083174
2009-09-01,Intermediación financiera,153.10300058183145,1.6082547887417364
2009-09-01,"Otras actividades de servicios comunitarios, sociales y personales",141.19617067852587,3.948184327976212
2009-09-01,Pesca,148.60767996724667,71.04394898819247
2009-09-01,Servicios sociales y de salud,140.68604952812797,7.3059224399745215
2009-09-01,Transporte y comunicaciones,151.80211800452494,-1.2032298767318927
2009-10-01,"Actividades inmobiliarias, empresariales y de alquiler",123.4427882967837,-3.5093410382490364
2009-10-01,Administración pública y defensa; planes de seguridad social de afiliación obligatoria,126.32222709807613,4.349616186414185
2009-10-01,"Agricultura, ganadería, caza y silvicultura",62.25635498301687,-6.370848617796487
2009-10-01,"Comercio mayorista, minorista y reparaciones",139.5227777821374,-3.7371857263764574
2009-10-01,Construcción,131.41323600541008,-4.966523335337825
2009-10-01,"Electricidad, gas y agua",115.25899150635306,2.1289430977091905
2009-10-01,Enseñanza,130.1782090723927,4.335022749466422
2009-10-01,Explotación de minas y canteras,104.92290556099518,0.0029528570838266432
2009-10-01,Hoteles y restaurantes,142.4203407994947,3.310854467795732
2009-10-01,Impuestos netos de subsidios,132.92653001802876,-7.662187549200206
2009-10-01,Industria manufacturera,133.75188463092303,-2.496740849403911
2009-10-01,Intermediación financiera,149.42292328433794,-4.93809275322179
2009-10-01,"Otras actividades de servicios comunitarios, sociales y personales",138.52840415507438,1.4558734441332932
2009-10-01,Pesca,116.24534897203027,8.03619880633535
2009-10-01,Servicios sociales y de salud,134.16397811986775,6.852811781803325
2009-10-01,Transporte y comunicaciones,154.80997789906422,0.7751700178610488
2009-11-01,"Actividades inmobiliarias, empresariales y de alquiler",124.60679275800042,-1.4468517922445079
2009-11-01,Administración pública y defensa; planes de seguridad social de afiliación obligatoria,127.26531525836249,4.433482865443783
2009-11-01,"Agricultura, ganadería, caza y silvicultura",76.30145203997392,-4.8882428604885675
2009-11-01,"Comercio mayorista, minorista y reparaciones",138.41926971038802,4.061457698116011
2009-11-01,Construcción,131.432858653804,-3.495929816275678
2009-11-01,"Electricidad, gas y agua",114.36469368758677,-3.189751666595564
2009-11-01,Enseñanza,131.00838508647828,4.61635404828058
2009-11-01,Explotación de minas y canteras,98.98984936941683,-3.6323179476271505
2009-11-01,Hoteles y restaurantes,142.59640885998368,4.290291853744699
2009-11-01,Impuestos netos de subsidios,131.99231131432614,-2.011875509722272
2009-11-01,Industria manufacturera,130.6205579379959,3.5831058479590228
2009-11-01,Intermediación financiera,149.4615259785315,0.12507309376306175
2009-11-01,"Otras actividades de servicios comunitarios, sociales y personales",138.42491426062693,5.647100764100221
2009-11-01,Pesca,80.85367500448413,29.58314780380702
2009-11-01,Servicios sociales y de salud,134.51405639805677,6.726508632169881
2009-11-01,Transporte y comunicaciones,154.37511679165553,3.8376960624671996
2009-12-01,"Actividades inmobiliarias, empresariales y de alquiler",128.82137105637622,0.13366568956449942
2009-12-01,Administración pública y defensa; planes de seguridad social de afiliación obligatoria,128.59686704668215,4.034330665396713
2009-12-01,"Agricultura, ganadería, caza y silvicultura",72.47820120409887,-8.713562359654903
2009-12-01,"Comercio mayorista, minorista y reparaciones",131.5607060057738,4.385230484315561
2009-12-01,Construcción,127.36768070649131,-1.6504649506108526
2009-12-01,"Electricidad, gas y agua",115.64739749179114,-4.7151470246515785
2009-12-01,Enseñanza,132.21059284703296,4.403856491284475
2009-12-01,Explotación de minas y canteras,101.89215501544244,-2.388389581875705
2009-12-01,Hoteles y restaurantes,142.05161991048917,5.581940930469953
2009-12-01,Impuestos netos de subsidios,135.5649184681248,1.018456575612059
2009-12-01,Industria manufacturera,126.19625364284484,6.504240439354114
2009-12-01,Intermediación financiera,151.3909593613064,0.6154471906448133
2009-12-01,"Otras actividades de servicios comunitarios, sociales y personales",140.8480439268904,4.990954326003094
2009-12-01,Pesca,76.17507551938573,-4.233985413467689
2009-12-01,Servicios sociales y de salud,130.05421731677268,6.564162140119034
2009-12-01,Transporte y comunicaciones,155.65148603030374,4.227175180428588
2010-01-01,"Actividades inmobiliarias, empresariales y de alquiler",120.26391482922403,3.468018587353039
2010-01-01,Administración pública y defensa; planes de seguridad social de afiliación obligatoria,126.62219466254983,6.415270554078423
2010-01-01,"Agricultura, ganadería, caza y silvicultura",56.01882924009405,-4.323272731618621
2010-01-01,"Comercio mayorista, minorista y reparaciones",126.13969920224662,4.883822903163826
2010-01-01,Construcción,133.2283522851464,5.742989147298383
2010-01-01,"Electricidad, gas y agua",124.13139388503957,-0.1426147723338267
2010-01-01,Enseñanza,127.58770327596336,5.2476537110278665
2010-01-01,Explotación de minas y canteras,103.62414765765587,-1.2352926711867052
2010-01-01,Hoteles y restaurantes,156.7428572642385,7.052531473488077
2010-01-01,Impuestos netos de subsidios,134.13865387898213,1.456062768632882
2010-01-01,Industria manufacturera,115.15503247006613,9.472087719079969
2010-01-01,Intermediación financiera,148.76434227689523,-2.398980774868853
2010-01-01,"Otras actividades de servicios comunitarios, sociales y personales",145.74326384462034,6.902790519847879
2010-01-01,Pesca,21.87595456758976,-37.21993450339939
2010-01-01,Servicios sociales y de salud,136.42043896927385,3.542344454134061
2010-01-01,Transporte y comunicaciones,156.11257332755903,6.327277526364128
2010-02-01,"Actividades inmobiliarias, empresariales y de alquiler",122.31813982526253,4.183810946257016
2010-02-01,Administración pública y defensa; planes de seguridad social de afiliación obligatoria,127.2993340501856,5.309912168064446
2010-02-01,"Agricultura, ganadería, caza y silvicultura",64.67634872758525,3.1405404332276676
2010-02-01,"Comercio mayorista, minorista y reparaciones",125.50302522184951,6.673963522721071
2010-02-01,Construcción,135.49077511415612,7.0545385368498525
2010-02-01,"Electricidad, gas y agua",114.9965650481654,1.3263064949711412
2010-02-01,Enseñanza,128.30564836969376,5.795281632753135
2010-02-01,Explotación de minas y canteras,98.59074683307793,0.9443273577415479
2010-02-01,Hoteles y restaurantes,150.24616908153737,7.161564370519891
2010-02-01,Impuestos netos de subsidios,128.89903191579103,-0.26738233528103006
2010-02-01,Industria manufacturera,111.43871348611991,7.926495219113905
2010-02-01,Intermediación financiera,143.887529375969,-1.2908318821676756
2010-02-01,"Otras actividades de servicios comunitarios, sociales y personales",142.91728131525207,6.462990975879235
2010-02-01,Pesca,57.00375926547583,7.1832157460302914
2010-02-01,Servicios sociales y de salud,129.6885689033418,5.0829559284422565
2010-02-01,Transporte y comunicaciones,150.32079993813355,5.491645419313729
2010-03-01,"Actividades inmobiliarias, empresariales y de alquiler",126.80450471517118,4.671679874506385
2010-03-01,Administración pública y defensa; planes de seguridad social de afiliación obligatoria,126.9271828288827,4.74554331036936
2010-03-01,"Agricultura, ganadería, caza y silvicultura",132.6832634081552,23.895144743611183
2010-03-01,"Comercio mayorista, minorista y reparaciones",152.8012122618467,11.206353946303604
2010-03-01,Construcción,138.56826383829548,8.692364384774498
2010-03-01,"Electricidad, gas y agua",125.04519591845312,1.2187741130776697
2010-03-01,Enseñanza,128.85140782494273,5.897423070310115
2010-03-01,Explotación de minas y canteras,106.71995510463516,-0.32888722412680593
2010-03-01,Hoteles y restaurantes,144.9997308776204,8.800630474713289
2010-03-01,Impuestos netos de subsidios,141.03814324726193,6.112096604602413
2010-03-01,Industria manufacturera,132.32416843649239,12.86540512138561
2010-03-01,Intermediación financiera,151.16544767261405,0.7806549657049189
2010-03-01,"Otras actividades de servicios comunitarios, sociales y personales",140.34196868514655,7.050277161909468
2010-03-01,Pesca,107.62322549181862,-17.258236562910778
2010-03-01,Servicios sociales y de salud,139.74238945208876,4.8499297469199565
2010-03-01,Transporte y comunicaciones,162.3776459899956,7.609498863449771
2010-04-01,"Actividades inmobiliarias, empresariales y de alquiler",126.39802618759583,4.954241362837997
2010-04-01,Administración pública y defensa; planes de seguridad social de afiliación obligatoria,126.60834015388787,6.299337031525365
2010-04-01,"Agricultura, ganadería, caza y silvicultura",232.44862178333693,77.34379729923329
2010-04-01,"Comercio mayorista, minorista y reparaciones",145.2137393795963,12.133680160430792
2010-04-01,Construcción,139.778886279792,14.51089438033546
2010-04-01,"Electricidad, gas y agua",114.6980037846816,-0.6844247003812587
2010-04-01,Enseñanza,129.3294592256484,7.030362617518127
2010-04-01,Explotación de minas y canteras,103.74503183611807,1.615637160838057
2010-04-01,Hoteles y restaurantes,141.9804504424695,6.694130393053221
2010-04-01,Impuestos netos de subsidios,150.67638648758415,10.003608437502919
2010-04-01,Industria manufacturera,132.9804934283053,11.415818578749315
2010-04-01,Intermediación financiera,149.2611229291913,-0.007835756741103594
2010-04-01,"Otras actividades de servicios comunitarios, sociales y personales",141.50041119979707,3.7061187221246072
2010-04-01,Pesca,92.05783699359897,-40.27905444443691
2010-04-01,Servicios sociales y de salud,147.10104211691575,4.337286456048917
2010-04-01,Transporte y comunicaciones,169.6526772869198,9.611752097712634
2010-05-01,"Actividades inmobiliarias, empresariales y de alquiler",126.85021017304055,4.718408757708037
2010-05-01,Administración pública y defensa; planes de seguridad social de afiliación obligatoria,127.45070996060437,5.326528708237199
2010-05-01,"Agricultura, ganadería, caza y silvicultura",351.01806093956867,87.69660914041901
2010-05-01,"Comercio mayorista, minorista y reparaciones",147.20022035443037,14.42421036592112
2010-05-01,Construcción,139.17217674141278,14.411386492551625
2010-05-01,"Electricidad, gas y agua",122.22694820710241,0.23905105350707778
2010-05-01,Enseñanza,130.67896579274708,6.1169975983262015
2010-05-01,Explotación de minas y canteras,105.99494470609913,1.91091263107257
2010-05-01,Hoteles y restaurantes,138.3492011210617,7.038443910582837
2010-05-01,Impuestos netos de subsidios,154.20402687374423,15.27890533141878
2010-05-01,Industria manufacturera,135.83994396315805,12.504252626620183
2010-05-01,Intermediación financiera,151.0788011314878,1.3614278099098653
2010-05-01,"Otras actividades de servicios comunitarios, sociales y personales",144.55629150207173,5.145349160836221
2010-05-01,Pesca,165.2649385680639,-7.8896917354481015
2010-05-01,Servicios sociales y de salud,149.53181937441434,3.934965694215653
2010-05-01,Transporte y comunicaciones,181.2053437908202,13.4928276378403
2010-06-01,"Actividades inmobiliarias, empresariales y de alquiler",129.7763914176564,4.705691696493686
2010-06-01,Administración pública y defensa; planes de seguridad social de afiliación obligatoria,129.14915878056635,5.276823609511605
2010-06-01,"Agricultura, ganadería, caza y silvicultura",231.311121576034,78.70872859617076
2010-06-01,"Comercio mayorista, minorista y reparaciones",151.04527252294275,13.665782821517137
2010-06-01,Construcción,139.20843482557578,14.342451727540473
2010-06-01,"Electricidad, gas y agua",123.26200380117591,-5.079580496469682
2010-06-01,Enseñanza,133.62992554695566,5.845782148519163
2010-06-01,Explotación de minas y canteras,105.32556304252181,4.959647936646494
2010-06-01,Hoteles y restaurantes,136.31663519651426,7.3876000341531745
2010-06-01,Impuestos netos de subsidios,159.11375590826046,17.29389774249974
2010-06-01,Industria manufacturera,134.92883812330473,12.405747139900392
2010-06-01,Intermediación financiera,157.59376286632087,2.4171919805747732
2010-06-01,"Otras actividades de servicios comunitarios, sociales y personales",144.7400956511994,5.1688074939262085
2010-06-01,Pesca,165.13656815828733,32.02076710179882
2010-06-01,Servicios sociales y de salud,153.62913552854906,6.588214271166093
2010-06-01,Transporte y comunicaciones,174.17171834652845,11.089579444656694
2010-07-01,"Actividades inmobiliarias, empresariales y de alquiler",128.12131340410153,5.414556687970351
2010-07-01,Administración pública y defensa; planes de seguridad social de afiliación obligatoria,127.37045962776632,1.6699803421797332
2010-07-01,"Agricultura, ganadería, caza y silvicultura",108.79992793146691,21.867010340579363
2010-07-01,"Comercio mayorista, minorista y reparaciones",150.81996195782003,11.379147827863534
2010-07-01,Construcción,143.7037751175503,7.93975901038193
2010-07-01,"Electricidad, gas y agua",130.7128861529514,-0.08631952244934071
2010-07-01,Enseñanza,131.46610702464955,2.6435060670508603
2010-07-01,Explotación de minas y canteras,107.07400192283512,3.7952053265551733
2010-07-01,Hoteles y restaurantes,151.32397911189784,18.0371773773482
2010-07-01,Impuestos netos de subsidios,153.47644774649666,12.664323525736298
2010-07-01,Industria manufacturera,137.56757569979587,10.120358388233019
2010-07-01,Intermediación financiera,146.25228086654093,-1.3816987194353647
2010-07-01,"Otras actividades de servicios comunitarios, sociales y personales",161.30600865354563,12.988095053850724
2010-07-01,Pesca,182.14912505113358,88.94283658535176
2010-07-01,Servicios sociales y de salud,147.80474806398672,5.888572473744835
2010-07-01,Transporte y comunicaciones,168.86449802564178,10.412562641993638
2010-08-01,"Actividades inmobiliarias, empresariales y de alquiler",129.64633863622575,5.643903491901581
2010-08-01,Administración pública y defensa; planes de seguridad social de afiliación obligatoria,127.51644662766026,1.586983493211358
2010-08-01,"Agricultura, ganadería, caza y silvicultura",65.88318937117806,1.8045131705344941
2010-08-01,"Comercio mayorista, minorista y reparaciones",155.69290347402065,17.89314109864957
2010-08-01,Construcción,146.36690169053307,10.16132237327323
2010-08-01,"Electricidad, gas y agua",127.94686665417265,6.00650030036276
2010-08-01,Enseñanza,131.62516836365486,2.3968466692766865
2010-08-01,Explotación de minas y canteras,106.96707685593378,13.946638371296416
2010-08-01,Hoteles y restaurantes,148.02374884518846,14.188914847241119
2010-08-01,Impuestos netos de subsidios,152.98937824397453,16.757144860642505
2010-08-01,Industria manufacturera,141.99985618390022,13.228489753357998
2010-08-01,Intermediación financiera,151.19910420493557,0.612146225762733
2010-08-01,"Otras actividades de servicios comunitarios, sociales y personales",148.33672030804843,3.9295451040559204
2010-08-01,Pesca,164.52301479785865,11.078661827994907
2010-08-01,Servicios sociales y de salud,146.72869315197897,2.6602862018126894
2010-08-01,Transporte y comunicaciones,167.6094894349476,10.831129013654884
2010-09-01,"Actividades inmobiliarias, empresariales y de alquiler",131.04463632638726,5.91234364833515
2010-09-01,Administración pública y defensa; planes de seguridad social de afiliación obligatoria,127.88454680758868,0.7326779251178195
2010-09-01,"Agricultura, ganadería, caza y silvicultura",62.2443245059734,-1.2876991147654504
2010-09-01,"Comercio mayorista, minorista y reparaciones",156.7179367698437,13.275759486936867
2010-09-01,Construcción,148.74255778449458,11.581096060352468
2010-09-01,"Electricidad, gas y agua",118.09139039170947,1.4898961719122417
2010-09-01,Enseñanza,131.75630458106957,0.9871395306552122
2010-09-01,Explotación de minas y canteras,103.22262856414935,3.0207415272547333
2010-09-01,Hoteles y restaurantes,150.4160218832137,12.378115355153273
2010-09-01,Impuestos netos de subsidios,153.25451996323227,12.699586463555534
2010-09-01,Industria manufacturera,141.63376952624927,11.8680067116117
2010-09-01,Intermediación financiera,150.78470251900805,-1.514208117419813
2010-09-01,"Otras actividades de servicios comunitarios, sociales y personales",143.76255761329543,1.817603779505239
2010-09-01,Pesca,181.35570586813398,22.036563593553858
2010-09-01,Servicios sociales y de salud,144.55640953771248,2.751061688465928
2010-09-01,Transporte y comunicaciones,165.70629008407113,9.15940585172319
2010-10-01,"Actividades inmobiliarias, empresariales y de alquiler",129.69302083575926,5.063262605465946
2010-10-01,Administración pública y defensa; planes de seguridad social de afiliación obligatoria,128.24643185985124,1.523251137965742
2010-10-01,"Agricultura, ganadería, caza y silvicultura",66.21698335039048,6.361805744094795
2010-10-01,"Comercio mayorista, minorista y reparaciones",155.4084419448367,11.385713799007435
2010-10-01,Construcción,138.7394762923678,5.574963762901408
2010-10-01,"Electricidad, gas y agua",118.44288100921467,2.7623784151244557
2010-10-01,Enseñanza,131.5153454025079,1.0271583390516925
2010-10-01,Explotación de minas y canteras,103.2743020068346,-1.5712522879021695
2010-10-01,Hoteles y restaurantes,154.19430476880825,8.26705223651263
2010-10-01,Impuestos netos de subsidios,142.45674615859733,7.1695365396779565
2010-10-01,Industria manufacturera,145.56467592605208,8.831869044481454
2010-10-01,Intermediación financiera,149.23945491584573,-0.12278461996295675
2010-10-01,"Otras actividades de servicios comunitarios, sociales y personales",142.70686728143443,3.0163222855599248
2010-10-01,Pesca,93.291968461619,-19.745633449759836
2010-10-01,Servicios sociales y de salud,139.20060843128186,3.7540853975827737
2010-10-01,Transporte y comunicaciones,166.71580673652235,7.690608188847303
2010-11-01,"Actividades inmobiliarias, empresariales y de alquiler",133.55823945737416,7.183754995410552
2010-11-01,Administración pública y defensa; planes de seguridad social de afiliación obligatoria,129.2393314316485,1.5511030395662484
2010-11-01,"Agricultura, ganadería, caza y silvicultura",85.8410585247438,12.502522861258436
2010-11-01,"Comercio mayorista, minorista y reparaciones",164.91353223170603,19.140588284240657
2010-11-01,Construcción,142.0710257281679,8.093993528958388
2010-11-01,"Electricidad, gas y agua",117.0000780760201,2.3043688602292667
2010-11-01,Enseñanza,132.37730753906555,1.0449120884007845
2010-11-01,Explotación de minas y canteras,101.50727764107998,2.5431175900353598
2010-11-01,Hoteles y restaurantes,155.9463836820479,9.362069443959587
2010-11-01,Impuestos netos de subsidios,149.99831138948397,13.641703744605538
2010-11-01,Industria manufacturera,145.08496002549148,11.073603049806046
2010-11-01,Intermediación financiera,154.38004344166137,3.290825134380304
2010-11-01,"Otras actividades de servicios comunitarios, sociales y personales",145.39444628929206,5.034882676931174
2010-11-01,Pesca,72.7538880588535,-10.017834000967074
2010-11-01,Servicios sociales y de salud,139.65627188356785,3.8228090232400147
2010-11-01,Transporte y comunicaciones,166.71256439926768,7.991862849414222
2010-12-01,"Actividades inmobiliarias, empresariales y de alquiler",137.15282329779293,6.46744571424458
2010-12-01,Administración pública y defensa; planes de seguridad social de afiliación obligatoria,130.69773454041191,1.6336848182834318
2010-12-01,"Agricultura, ganadería, caza y silvicultura",101.3622129422064,39.851998612341454
2010-12-01,"Comercio mayorista, minorista y reparaciones",150.6944863751161,14.5436893357068
2010-12-01,Construcción,140.02872335984605,9.940545814389989
2010-12-01,"Electricidad, gas y agua",130.33020159691736,12.696182035716319
2010-12-01,Enseñanza,133.86809031810617,1.253679781158623
2010-12-01,Explotación de minas y canteras,92.28962047172725,-9.424213809453597
2010-12-01,Hoteles y restaurantes,153.34017545877103,7.946798181812431
2010-12-01,Impuestos netos de subsidios,154.90098135801824,14.263323512004256
2010-12-01,Industria manufacturera,137.34263809272372,8.83257951652423
2010-12-01,Intermediación financiera,157.78850171563482,4.225841742015923
2010-12-01,"Otras actividades de servicios comunitarios, sociales y personales",145.54054563441164,3.3316058758735556
2010-12-01,Pesca,76.78537843947882,0.8011845291020059
2010-12-01,Servicios sociales y de salud,135.51100889452727,4.195782105599455
2010-12-01,Transporte y comunicaciones,165.72048408081633,6.468937950616338
2011-01-01,"Actividades inmobiliarias, empresariales y de alquiler",124.09557940746095,3.186046773612783
2011-01-01,Administración pública y defensa; planes de seguridad social de afiliación obligatoria,129.38688633087463,2.1834179037037993
2011-01-01,"Agricultura, ganadería, caza y silvicultura",70.9288586670815,26.616103244649715
2011-01-01,"Comercio mayorista, minorista y reparaciones",145.58576047650988,15.416289556140716
2011-01-01,Construcción,149.28810221427042,12.05430349746548
2011-01-01,"Electricidad, gas y agua",132.59669488128645,6.81962937118612
2011-01-01,Enseñanza,130.14564825281255,2.0048522789978707
2011-01-01,Explotación de minas y canteras,99.4272626679962,-4.050103266976879
2011-01-01,Hoteles y restaurantes,165.19937497391305,5.395153474469638
2011-01-01,Impuestos netos de subsidios,153.46195676214236,14.40546950813555
2011-01-01,Industria manufacturera,127.12640664901387,10.3958758225001
2011-01-01,Intermediación financiera,159.2471656978168,7.046596825877716
2011-01-01,"Otras actividades de servicios comunitarios, sociales y personales",153.0636826669407,5.0228179534423045
2011-01-01,Pesca,40.395532815129926,84.65723491206086
2011-01-01,Servicios sociales y de salud,145.3963341929503,6.579582422908126
2011-01-01,Transporte y comunicaciones,169.18512022280981,8.373795022788876
2011-02-01,"Actividades inmobiliarias, empresariales y de alquiler",125.52428819040047,2.6211552675000416
2011-02-01,Administración pública y defensa; planes de seguridad social de afiliación obligatoria,129.99665126139453,2.118877707675648
2011-02-01,"Agricultura, ganadería, caza y silvicultura",71.39901731541627,10.394322994556626
2011-02-01,"Comercio mayorista, minorista y reparaciones",141.15349324966334,12.470191854059909
2011-02-01,Construcción,151.7765128745413,12.019812970044509
2011-02-01,"Electricidad, gas y agua",120.89071853608925,5.1255039534921165
2011-02-01,Enseñanza,131.054185411756,2.142179301524405
2011-02-01,Explotación de minas y canteras,93.89885905612743,-4.758953479573735
2011-02-01,Hoteles y restaurantes,154.85384233463114,3.0667492430993093
2011-02-01,Impuestos netos de subsidios,144.3097458450596,11.955647532974734
2011-02-01,Industria manufacturera,124.19081752647702,11.443154395303946
2011-02-01,Intermediación financiera,155.94532324617785,8.380013141168474
2011-02-01,"Otras actividades de servicios comunitarios, sociales y personales",148.3820047509372,3.823696746393357
2011-02-01,Pesca,71.09930001329262,24.727388034483045
2011-02-01,Servicios sociales y de salud,138.11168745577413,6.494881255656515
2011-02-01,Transporte y comunicaciones,161.65063690645854,7.537105292805735
2011-03-01,"Actividades inmobiliarias, empresariales y de alquiler",128.88547253924304,1.6410835157206316
2011-03-01,Administración pública y defensa; planes de seguridad social de afiliación obligatoria,129.807223419163,2.2690494865571953
2011-03-01,"Agricultura, ganadería, caza y silvicultura",139.7658554294179,5.337969416289923
2011-03-01,"Comercio mayorista, minorista y reparaciones",171.38620374035983,12.162856042441007
2011-03-01,Construcción,154.68057751311565,11.627708414982173
2011-03-01,"Electricidad, gas y agua",129.8213868171367,3.8195716865430995
2011-03-01,Enseñanza,131.4787473529127,2.0390460394033694
2011-03-01,Explotación de minas y canteras,101.56634237382296,-4.829099417966642
2011-03-01,Hoteles y restaurantes,154.0949700148401,6.272590357354568
2011-03-01,Impuestos netos de subsidios,156.8567966362741,11.215869001678236
2011-03-01,Industria manufacturera,145.23557948838265,9.757409552954766
2011-03-01,Intermediación financiera,160.17653585397284,5.961076634969209
2011-03-01,"Otras actividades de servicios comunitarios, sociales y personales",147.44970063762707,5.064580480858538
2011-03-01,Pesca,126.00071525443755,17.075765643184493
2011-03-01,Servicios sociales y de salud,149.48640443703127,6.972841256792228
2011-03-01,Transporte y comunicaciones,174.30562338975662,7.345824806756895
2011-04-01,"Actividades inmobiliarias, empresariales y de alquiler",131.05873633099162,3.6873282629259707
2011-04-01,Administración pública y defensa; planes de seguridad social de afiliación obligatoria,129.59292809270397,2.3573391256756393
2011-04-01,"Agricultura, ganadería, caza y silvicultura",215.24184207380978,-7.402401260767821
2011-04-01,"Comercio mayorista, minorista y reparaciones",160.97847465130027,10.856228438890447
2011-04-01,Construcción,150.13306627770976,7.407542207191464
2011-04-01,"Electricidad, gas y agua",117.95472972076966,2.8393919934315504
2011-04-01,Enseñanza,131.7273383802948,1.854085812314965
2011-04-01,Explotación de minas y canteras,87.86934486044589,-15.302599743523505
2011-04-01,Hoteles y restaurantes,151.79461399485993,6.912334424778521
2011-04-01,Impuestos netos de subsidios,156.046703920324,3.564140047373887
2011-04-01,Industria manufacturera,143.28057354257447,7.745557148065729
2011-04-01,Intermediación financiera,158.87790081577248,6.44292210714732
2011-04-01,"Otras actividades de servicios comunitarios, sociales y personales",152.2508045132598,7.597429026749114
2011-04-01,Pesca,121.91762431309748,32.435899315747264
2011-04-01,Servicios sociales y de salud,157.27861863288436,6.918765747342204
2011-04-01,Transporte y comunicaciones,178.4210883228396,5.168448371192214
2011-05-01,"Actividades inmobiliarias, empresariales y de alquiler",134.5075425530241,6.036515327438519
2011-05-01,Administración pública y defensa; planes de seguridad social de afiliación obligatoria,130.15822962336355,2.124366089130536
2011-05-01,"Agricultura, ganadería, caza y silvicultura",315.7625658054044,-10.04378379841654
2011-05-01,"Comercio mayorista, minorista y reparaciones",169.6156047034158,15.22781983275121
2011-05-01,Construcción,152.92877616060397,9.884590254524417
2011-05-01,"Electricidad, gas y agua",127.52697779274335,4.336220173525507
2011-05-01,Enseñanza,132.84018160621318,1.653836025067501
2011-05-01,Explotación de minas y canteras,93.55246732580969,-11.738746045662573
2011-05-01,Hoteles y restaurantes,148.61006195318473,7.416639018496629
2011-05-01,Impuestos netos de subsidios,172.71298094404688,12.0028993052542
2011-05-01,Industria manufacturera,151.49660514888174,11.525815403729878
2011-05-01,Intermediación financiera,163.8461034413494,8.45075696539972
2011-05-01,"Otras actividades de servicios comunitarios, sociales y personales",155.7823682435306,7.765885956819796
2011-05-01,Pesca,114.15721284521636,-30.924723759116624
2011-05-01,Servicios sociales y de salud,160.46409625159336,7.311003720088216
2011-05-01,Transporte y comunicaciones,188.96939051068136,4.284667635863881
2011-06-01,"Actividades inmobiliarias, empresariales y de alquiler",137.9606935624736,6.306464569875314
2011-06-01,Administración pública y defensa; planes de seguridad social de afiliación obligatoria,132.25715521343525,2.406516977899642
2011-06-01,"Agricultura, ganadería, caza y silvicultura",211.204625625493,-8.692403466614905
2011-06-01,"Comercio mayorista, minorista y reparaciones",170.7606894984061,13.05265411234151
2011-06-01,Construcción,152.46657759070297,9.523950744607724
2011-06-01,"Electricidad, gas y agua",130.40271135061687,5.793113310861853
2011-06-01,Enseñanza,136.1671546285976,1.898698267814547
2011-06-01,Explotación de minas y canteras,91.96130844449384,-12.688519493252159
2011-06-01,Hoteles y restaurantes,146.26103655718106,7.295075429591513
2011-06-01,Impuestos netos de subsidios,164.17486681761594,3.180812922468834
2011-06-01,Industria manufacturera,149.38833499975706,10.716387302793295
2011-06-01,Intermediación financiera,169.0043686490932,7.240518644415772
2011-06-01,"Otras actividades de servicios comunitarios, sociales y personales",153.1599843359074,5.817246870555204
2011-06-01,Pesca,194.0865583448003,17.530938488901924
2011-06-01,Servicios sociales y de salud,164.40586468831248,7.0147691209007546
2011-06-01,Transporte y comunicaciones,181.18653542771142,4.0275293530873
2011-07-01,"Actividades inmobiliarias, empresariales y de alquiler",135.07032330958418,5.423773547782096
2011-07-01,Administración pública y defensa; planes de seguridad social de afiliación obligatoria,132.7276421532296,4.2059850777954155
2011-07-01,"Agricultura, ganadería, caza y silvicultura",106.38926386530116,-2.2156853520015507
2011-07-01,"Comercio mayorista, minorista y reparaciones",163.91119078246354,8.680037214374003
2011-07-01,Construcción,158.44671383746564,10.259256381995229
2011-07-01,"Electricidad, gas y agua",135.54122763461052,3.6938527055468073
2011-07-01,Enseñanza,136.0569683401136,3.4920493345127257
2011-07-01,Explotación de minas y canteras,97.5414842947367,-8.90273778593631
2011-07-01,Hoteles y restaurantes,158.88001203284244,4.993281940701033
2011-07-01,Impuestos netos de subsidios,161.13840649494367,4.992270058988191
2011-07-01,Industria manufacturera,147.86586146904972,7.485983319010492
2011-07-01,Intermediación financiera,162.79400843457003,11.31040655914548
2011-07-01,"Otras actividades de servicios comunitarios, sociales y personales",163.1963216374999,1.17188008043414
2011-07-01,Pesca,153.69373235457732,-15.622030953246767
2011-07-01,Servicios sociales y de salud,152.49342631779342,3.1722108492596712
2011-07-01,Transporte y comunicaciones,175.85309139732436,4.138580609537823
2011-08-01,"Actividades inmobiliarias, empresariales y de alquiler",136.4061457334168,5.214036253008558
2011-08-01,Administración pública y defensa; planes de seguridad social de afiliación obligatoria,133.4108175876829,4.622439783970633
2011-08-01,"Agricultura, ganadería, caza y silvicultura",69.22022390943279,5.065077404577778
2011-08-01,"Comercio mayorista, minorista y reparaciones",173.68301673966846,11.55487043033383
2011-08-01,Construcción,160.28789256121917,9.51102381064237
2011-08-01,"Electricidad, gas y agua",133.79460500734555,4.570442798711705
2011-08-01,Enseñanza,136.9696281330623,4.060363102170328
2011-08-01,Explotación de minas y canteras,101.44356977686726,-5.163744996514897
2011-08-01,Hoteles y restaurantes,154.73039184081614,4.530788503837901
2011-08-01,Impuestos netos de subsidios,166.7482626840828,8.993359276332736
2011-08-01,Industria manufacturera,150.5571721746821,6.026284970105555
2011-08-01,Intermediación financiera,172.1756071393588,13.873430695721334
2011-08-01,"Otras actividades de servicios comunitarios, sociales y personales",150.247470950181,1.2881170880443715
2011-08-01,Pesca,177.63676399815066,7.970768841310272
2011-08-01,Servicios sociales y de salud,152.69666207278306,4.067349604635662
2011-08-01,Transporte y comunicaciones,176.6343204628307,5.384439185578338
2011-09-01,"Actividades inmobiliarias, empresariales y de alquiler",136.73572014028755,4.342859023795342
2011-09-01,Administración pública y defensa; planes de seguridad social de afiliación obligatoria,133.88010642823355,4.6882596610094085
2011-09-01,"Agricultura, ganadería, caza y silvicultura",66.00841747191264,6.047287035106308
2011-09-01,"Comercio mayorista, minorista y reparaciones",176.84087366423898,12.840225764296441
2011-09-01,Construcción,162.60855536661666,9.322145449597418
2011-09-01,"Electricidad, gas y agua",120.01467242569362,1.6286386565562694
2011-09-01,Enseñanza,137.49465649724797,4.3552769140148495
2011-09-01,Explotación de minas y canteras,99.13590722503088,-3.959133182293173
2011-09-01,Hoteles y restaurantes,159.17346382805763,5.822147026095004
2011-09-01,Impuestos netos de subsidios,171.3955325507059,11.837179478834226
2011-09-01,Industria manufacturera,152.97576385711918,8.007973217692177
2011-09-01,Intermediación financiera,172.49300553338887,14.396886853720625
2011-09-01,"Otras actividades de servicios comunitarios, sociales y personales",143.61342568007464,-0.10373489154382742
2011-09-01,Pesca,151.42660718137176,-16.502981554119966
2011-09-01,Servicios sociales y de salud,150.34475824898806,4.004214499921899
2011-09-01,Transporte y comunicaciones,175.7146926936078,6.039844718301812
2011-10-01,"Actividades inmobiliarias, empresariales y de alquiler",137.4586087337543,5.98766830161912
2011-10-01,Administración pública y defensa; planes de seguridad social de afiliación obligatoria,133.3206008245714,3.9565771079426604
2011-10-01,"Agricultura, ganadería, caza y silvicultura",68.28615091142622,3.1248290942017753
2011-10-01,"Comercio mayorista, minorista y reparaciones",171.6320580299549,10.43934028427933
2011-10-01,Construcción,151.5930108030702,9.264511337505654
2011-10-01,"Electricidad, gas y agua",123.28808227525046,4.090749249555015
2011-10-01,Enseñanza,137.39857619291166,4.473417738742125
2011-10-01,Explotación de minas y canteras,101.71533217111512,-1.5095428440816905
2011-10-01,Hoteles y restaurantes,159.7529737755585,3.6049768602573584
2011-10-01,Impuestos netos de subsidios,160.71208103567264,12.814651021687396
2011-10-01,Industria manufacturera,153.79986378121276,5.657408160853694
2011-10-01,Intermediación financiera,170.6511033263181,14.347176772084925
2011-10-01,"Otras actividades de servicios comunitarios, sociales y personales",150.50646058877828,5.465464596011449
2011-10-01,Pesca,149.5310044889035,60.28282708004136
2011-10-01,Servicios sociales y de salud,144.47982251991073,3.7925222799834346
2011-10-01,Transporte y comunicaciones,174.63023147064803,4.747255157774943
2011-11-01,"Actividades inmobiliarias, empresariales y de alquiler",140.41085965664402,5.13081051914952
2011-11-01,Administración pública y defensa; planes de seguridad social de afiliación obligatoria,133.7667230569225,3.5031066588799398
2011-11-01,"Agricultura, ganadería, caza y silvicultura",85.99847450227547,0.18338075070019055
2011-11-01,"Comercio mayorista, minorista y reparaciones",169.79583483777077,2.9605227296963355
2011-11-01,Construcción,153.6013560581444,8.115891520371
2011-11-01,"Electricidad, gas y agua",128.06260692336596,9.455146551404914
2011-11-01,Enseñanza,137.7769095267941,4.078948339491717
2011-11-01,Explotación de minas y canteras,99.08575715957602,-2.3855634174982265
2011-11-01,Hoteles y restaurantes,160.92753558549256,3.194143901150359
2011-11-01,Impuestos netos de subsidios,168.08315506591387,12.056698178068803
2011-11-01,Industria manufacturera,148.42962873972652,2.305317321414546
2011-11-01,Intermediación financiera,170.01049618737383,10.124658859562397
2011-11-01,"Otras actividades de servicios comunitarios, sociales y personales",148.70640755003438,2.2779145595097194
2011-11-01,Pesca,82.57443513855466,13.49831238126673
2011-11-01,Servicios sociales y de salud,144.44426607365662,3.428413293232224
2011-11-01,Transporte y comunicaciones,173.08574587718527,3.822856124181606
2011-12-01,"Actividades inmobiliarias, empresariales y de alquiler",142.11489370163216,3.6179134227994236
2011-12-01,Administración pública y defensa; planes de seguridad social de afiliación obligatoria,135.51471904582243,3.68559143151872
2011-12-01,"Agricultura, ganadería, caza y silvicultura",96.55957873076804,-4.738091318287097
2011-12-01,"Comercio mayorista, minorista y reparaciones",157.19391983575193,4.312986902823446
2011-12-01,Construcción,148.13989884632397,5.79250834532985
2011-12-01,"Electricidad, gas y agua",136.5430965491063,4.767041618951895
2011-12-01,Enseñanza,139.46737108331297,4.182685173069567
2011-12-01,Explotación de minas y canteras,98.9422285090334,7.208403288801213
2011-12-01,Hoteles y restaurantes,157.90878133589834,2.9793926239217505
2011-12-01,Impuestos netos de subsidios,160.22380180133123,3.436272899401782
2011-12-01,Industria manufacturera,141.08911340600991,2.7278311857944937
2011-12-01,Intermediación financiera,174.22052785723247,10.413956633678744
2011-12-01,"Otras actividades de servicios comunitarios, sociales y personales",150.0292902688473,3.0841884059656266
2011-12-01,Pesca,69.33141295542802,-9.707532391633533
2011-12-01,Servicios sociales y de salud,140.3134691098024,3.5439631469448063
2011-12-01,Transporte y comunicaciones,173.19981167427548,4.51321852874369
2012-01-01,"Actividades inmobiliarias, empresariales y de alquiler",128.015283458738,3.158616986997509
2012-01-01,Administración pública y defensa; planes de seguridad social de afiliación obligatoria,133.9587974921889,3.5335197336944457
2012-01-01,"Agricultura, ganadería, caza y silvicultura",70.39899340152986,-0.7470376310983129
2012-01-01,"Comercio mayorista, minorista y reparaciones",148.06071507109982,1.6999977102769348
2012-01-01,Construcción,153.10460503056328,2.556468171063697
2012-01-01,"Electricidad, gas y agua",144.08934585172057,8.667373633048282
2012-01-01,Enseñanza,134.930861135932,3.676813591049921
2012-01-01,Explotación de minas y canteras,94.5561437241145,-4.899178367352985
2012-01-01,Hoteles y restaurantes,167.86683925180404,1.6146939286617812
2012-01-01,Impuestos netos de subsidios,163.33343098790064,6.432522062167179
2012-01-01,Industria manufacturera,124.61342922861274,-1.976754858917129
2012-01-01,Intermediación financiera,172.8960009384658,8.570849710787742
2012-01-01,"Otras actividades de servicios comunitarios, sociales y personales",150.9600719113263,-1.3743369550252793
2012-01-01,Pesca,39.72061435573189,-1.6707749901128888
2012-01-01,Servicios sociales y de salud,155.91089733934456,7.231656289518806
2012-01-01,Transporte y comunicaciones,172.66479281389346,2.0567249569590107
2012-02-01,"Actividades inmobiliarias, empresariales y de alquiler",127.89018768202622,1.8848141070810565
2012-02-01,Administración pública y defensa; planes de seguridad social de afiliación obligatoria,134.7040454011006,3.6211656946766535
2012-02-01,"Agricultura, ganadería, caza y silvicultura",68.38753796002734,-4.217816251007001
2012-02-01,"Comercio mayorista, minorista y reparaciones",142.06859828456044,0.6483049153296561
2012-02-01,Construcción,152.7745394543522,0.6575632559405742
2012-02-01,"Electricidad, gas y agua",131.6320920135013,8.885192848122125
2012-02-01,Enseñanza,135.87786042129648,3.6806722306388595
2012-02-01,Explotación de minas y canteras,91.82364619216004,-2.210051202780805
2012-02-01,Hoteles y restaurantes,160.03862434151935,3.3481778228558134
2012-02-01,Impuestos netos de subsidios,152.09301012340885,5.3934432721583825
2012-02-01,Industria manufacturera,123.60876702270392,-0.468674347561171
2012-02-01,Intermediación financiera,167.48554122003534,7.400169324500938
2012-02-01,"Otras actividades de servicios comunitarios, sociales y personales",152.57745577668652,2.827466196316375
2012-02-01,Pesca,79.54643992026959,11.880763812580032
2012-02-01,Servicios sociales y de salud,147.8234474213143,7.031816165920102
2012-02-01,Transporte y comunicaciones,166.11118740541957,2.759377002357377
2012-03-01,"Actividades inmobiliarias, empresariales y de alquiler",133.56873800762682,3.633664350307453
2012-03-01,Administración pública y defensa; planes de seguridad social de afiliación obligatoria,135.03709425708976,4.028952087696136
2012-03-01,"Agricultura, ganadería, caza y silvicultura",124.3609057692615,-11.021969287724886
2012-03-01,"Comercio mayorista, minorista y reparaciones",168.58441019699538,-1.6347835953056111
2012-03-01,Construcción,155.52464348707505,0.5456832315536397
2012-03-01,"Electricidad, gas y agua",134.94136271963185,3.9438616610274257
2012-03-01,Enseñanza,136.87101308626956,4.101245138032117
2012-03-01,Explotación de minas y canteras,99.00597226761768,-2.5208844252573748
2012-03-01,Hoteles y restaurantes,157.3692033522264,2.12481519485741
2012-03-01,Impuestos netos de subsidios,156.29711920177945,-0.3568078951608711
2012-03-01,Industria manufacturera,145.85052466100942,0.42341220711412664
2012-03-01,Intermediación financiera,176.61775757292222,10.26443831569579
2012-03-01,"Otras actividades de servicios comunitarios, sociales y personales",147.94737900312685,0.3375241613564617
2012-03-01,Pesca,148.77202173509573,18.07236287085776
2012-03-01,Servicios sociales y de salud,160.57417684905693,7.417244701136827
2012-03-01,Transporte y comunicaciones,175.49859389197,0.6844130894996026
2012-04-01,"Actividades inmobiliarias, empresariales y de alquiler",130.39097311422773,-0.5095144631010573
2012-04-01,Administración pública y defensa; planes de seguridad social de afiliación obligatoria,134.06795361068944,3.4531402167132796
2012-04-01,"Agricultura, ganadería, caza y silvicultura",166.14673876440634,-22.809274830758962
2012-04-01,"Comercio mayorista, minorista y reparaciones",150.70399797872568,-6.382515857993065
2012-04-01,Construcción,149.25550310306843,-0.5845235805802096
2012-04-01,"Electricidad, gas y agua",127.49512525015471,8.088183960041029
2012-04-01,Enseñanza,136.5726668432677,3.678301347731261
2012-04-01,Explotación de minas y canteras,95.22309774948936,8.368962919574162
2012-04-01,Hoteles y restaurantes,154.87357059606032,2.0283701247164387
2012-04-01,Impuestos netos de subsidios,151.46349320320985,-2.937076273943151
2012-04-01,Industria manufacturera,138.2466347572764,-3.5133435474434926
2012-04-01,Intermediación financiera,169.92641456652348,6.954090967983229
2012-04-01,"Otras actividades de servicios comunitarios, sociales y personales",152.33465882120367,0.055076430112777075
2012-04-01,Pesca,117.44105513952361,-3.6717982316301967
2012-04-01,Servicios sociales y de salud,165.3320897328538,5.120512355698925
2012-04-01,Transporte y comunicaciones,176.90228293437121,-0.8512476875604635
2012-05-01,"Actividades inmobiliarias, empresariales y de alquiler",135.3667990505704,0.6388165906811905
2012-05-01,Administración pública y defensa; planes de seguridad social de afiliación obligatoria,134.75317932818956,3.5302798125960377
2012-05-01,"Agricultura, ganadería, caza y silvicultura",239.34956718913222,-24.199511560646293
2012-05-01,"Comercio mayorista, minorista y reparaciones",160.46781406241374,-5.393248255075111
2012-05-01,Construcción,150.0109511993003,-1.9079633242074734
2012-05-01,"Electricidad, gas y agua",131.40795763798542,3.0432618355854313
2012-05-01,Enseñanza,138.02757924864412,3.9049913811532333
2012-05-01,Explotación de minas y canteras,98.72974858127141,5.534093758779357
2012-05-01,Hoteles y restaurantes,148.63990365864615,0.02008054170035134
2012-05-01,Impuestos netos de subsidios,166.9203392827188,-3.353912155105876
2012-05-01,Industria manufacturera,141.96639164806922,-6.290710931407872
2012-05-01,Intermediación financiera,174.75161407575507,6.655947505220605
2012-05-01,"Otras actividades de servicios comunitarios, sociales y personales",153.5502474209129,-1.4328456087715158
2012-05-01,Pesca,128.07405383106985,12.190943208050342
2012-05-01,Servicios sociales y de salud,168.05173052812594,4.728555766540987
2012-05-01,Transporte y comunicaciones,187.46115617780433,-0.7981368457616878
2012-06-01,"Actividades inmobiliarias, empresariales y de alquiler",135.96357212557365,-1.4476017663651364
2012-06-01,Administración pública y defensa; planes de seguridad social de afiliación obligatoria,136.67642818823091,3.3414244905418444
2012-06-01,"Agricultura, ganadería, caza y silvicultura",162.0206370621431,-23.287363341446277
2012-06-01,"Comercio mayorista, minorista y reparaciones",158.87011002501126,-6.963300223442714
2012-06-01,Construcción,147.78202604395085,-3.072510461491318
2012-06-01,"Electricidad, gas y agua",135.0423331605742,3.55791820730067
2012-06-01,Enseñanza,141.3341114172422,3.7945691108386193
2012-06-01,Explotación de minas y canteras,94.07845012785324,2.3022091781537357
2012-06-01,Hoteles y restaurantes,147.77239509691532,1.033329569726793
2012-06-01,Impuestos netos de subsidios,160.13955998795686,-2.4579321475204585
2012-06-01,Industria manufacturera,138.10691412604177,-7.5517414888743755
2012-06-01,Intermediación financiera,176.6390685449403,4.5174571266256125
2012-06-01,"Otras actividades de servicios comunitarios, sociales y personales",155.85036529157986,1.7565821564541118
2012-06-01,Pesca,108.74789811073491,-43.969381992161885
2012-06-01,Servicios sociales y de salud,172.6562320101437,5.018292587963713
2012-06-01,Transporte y comunicaciones,180.95230038990684,-0.12927839105242311
2012-07-01,"Actividades inmobiliarias, empresariales y de alquiler",131.6186571919166,-2.555458544180922
2012-07-01,Administración pública y defensa; planes de seguridad social de afiliación obligatoria,136.14054967863024,2.571361526531568
2012-07-01,"Agricultura, ganadería, caza y silvicultura",101.720596071242,-4.388288464868162
2012-07-01,"Comercio mayorista, minorista y reparaciones",164.00637842071015,0.05807269033444307
2012-07-01,Construcción,151.94171091095785,-4.105483016315892
2012-07-01,"Electricidad, gas y agua",142.5917150053982,5.201729019154433
2012-07-01,Enseñanza,139.86030479269112,2.795399970305068
2012-07-01,Explotación de minas y canteras,98.31248412070558,0.7904327389966381
2012-07-01,Hoteles y restaurantes,163.62820443242626,2.988539803611223
2012-07-01,Impuestos netos de subsidios,163.95031331400585,1.7450258322806667
2012-07-01,Industria manufacturera,144.17830486534604,-2.493852581703271
2012-07-01,Intermediación financiera,176.65561105798702,8.514811298468782
2012-07-01,"Otras actividades de servicios comunitarios, sociales y personales",170.86656552781344,4.700010278020295
2012-07-01,Pesca,150.82884203278658,-1.8640254731932204
2012-07-01,Servicios sociales y de salud,158.99599659035312,4.264164318144736
2012-07-01,Transporte y comunicaciones,181.74382497082797,3.3498038201637437
2012-08-01,"Actividades inmobiliarias, empresariales y de alquiler",135.79917964267375,-0.44496975373035097
2012-08-01,Administración pública y defensa; planes de seguridad social de afiliación obligatoria,136.19315218674924,2.085538976056167
2012-08-01,"Agricultura, ganadería, caza y silvicultura",73.19557355015176,5.743046491615367
2012-08-01,"Comercio mayorista, minorista y reparaciones",167.15565098104835,-3.7582061166083425
2012-08-01,Construcción,151.1741074740849,-5.685884904658911
2012-08-01,"Electricidad, gas y agua",138.21356275108337,3.3027921742399213
2012-08-01,Enseñanza,140.37035691526137,2.482834208248974
2012-08-01,Explotación de minas y canteras,98.25189612918408,-3.1462552576802194
2012-08-01,Hoteles y restaurantes,157.29850814776273,1.6597361878257333
2012-08-01,Impuestos netos de subsidios,168.90291672953455,1.2921598167016102
2012-08-01,Industria manufacturera,144.3554692051564,-4.119168074125534
2012-08-01,Intermediación financiera,184.82343961484395,7.345891026972251
2012-08-01,"Otras actividades de servicios comunitarios, sociales y personales",154.99102475418383,3.157160499277678
2012-08-01,Pesca,177.71455590093157,0.043792681779386555
2012-08-01,Servicios sociales y de salud,159.4662422536192,4.433351776615413
2012-08-01,Transporte y comunicaciones,177.4979171725897,0.4889178430874219
2012-09-01,"Actividades inmobiliarias, empresariales y de alquiler",132.05057415643802,-3.42642433084982
2012-09-01,Administración pública y defensa; planes de seguridad social de afiliación obligatoria,136.29804745096607,1.8060495223976014
2012-09-01,"Agricultura, ganadería, caza y silvicultura",70.83068725021843,7.305537631405468
2012-09-01,"Comercio mayorista, minorista y reparaciones",161.02366203541916,-8.944318867622968
2012-09-01,Construcción,149.8166822971956,-7.8666666957224685
2012-09-01,"Electricidad, gas y agua",124.89932477157768,4.0700459761770835
2012-09-01,Enseñanza,140.400281464209,2.1132639194739733
2012-09-01,Explotación de minas y canteras,97.07238674011892,-2.081506633341168
2012-09-01,Hoteles y restaurantes,158.56908179911056,-0.3797002430002583
2012-09-01,Impuestos netos de subsidios,164.4729173832051,-4.03897059887065
2012-09-01,Industria manufacturera,143.52223001002113,-6.179759204162394
2012-09-01,Intermediación financiera,178.83274760502982,3.6753618223747564
2012-09-01,"Otras actividades de servicios comunitarios, sociales y personales",149.62785454982586,4.187929395368273
2012-09-01,Pesca,182.74665098133053,20.683316084897196
2012-09-01,Servicios sociales y de salud,156.57794555356904,4.145929247668301
2012-09-01,Transporte y comunicaciones,172.07588381351349,-2.070862045918531
2012-10-01,"Actividades inmobiliarias, empresariales y de alquiler",134.91153779225598,-1.8529730258159183
2012-10-01,Administración pública y defensa; planes de seguridad social de afiliación obligatoria,137.27476302115866,2.965904873013825
2012-10-01,"Agricultura, ganadería, caza y silvicultura",71.8730836768845,5.252796822756767
2012-10-01,"Comercio mayorista, minorista y reparaciones",171.39768381040588,-0.13655620181872719
2012-10-01,Construcción,148.11871435498685,-2.2918579357175672
2012-10-01,"Electricidad, gas y agua",127.11721397616067,3.1058409136102583
2012-10-01,Enseñanza,142.141503830668,3.4519481709163635
2012-10-01,Explotación de minas y canteras,97.1062416863186,-4.531362564930408
2012-10-01,Hoteles y restaurantes,160.60566564160797,0.5337564903470593
2012-10-01,Impuestos netos de subsidios,171.1637954758548,6.503378198346055
2012-10-01,Industria manufacturera,151.9246346784865,-1.2192657760697667
2012-10-01,Intermediación financiera,184.48416742512194,8.106050197842741
2012-10-01,"Otras actividades de servicios comunitarios, sociales y personales",156.11007067231603,3.7231691328176497
2012-10-01,Pesca,147.7737514595415,-1.175176369187303
2012-10-01,Servicios sociales y de salud,153.03484710021246,5.9212590596329
2012-10-01,Transporte y comunicaciones,175.89154216506788,0.7222751088386659
2012-11-01,"Actividades inmobiliarias, empresariales y de alquiler",135.81751464068043,-3.271360226122111
2012-11-01,Administración pública y defensa; planes de seguridad social de afiliación obligatoria,137.50098698421712,2.7916239868607473
2012-11-01,"Agricultura, ganadería, caza y silvicultura",84.90920445658523,-1.2666155440483107
2012-11-01,"Comercio mayorista, minorista y reparaciones",168.86187994918188,-0.5500458179561463
2012-11-01,Construcción,148.60583562455045,-3.252263236336883
2012-11-01,"Electricidad, gas y agua",132.37061976181377,3.3639896468965036
2012-11-01,Enseñanza,142.21987022562138,3.2247498612699266
2012-11-01,Explotación de minas y canteras,92.07596451331352,-7.0744704861803065
2012-11-01,Hoteles y restaurantes,162.09531482705293,0.7256553313338854
2012-11-01,Impuestos netos de subsidios,168.54688966096717,0.27589593666983436
2012-11-01,Industria manufacturera,147.0926101881964,-0.9007760531925868
2012-11-01,Intermediación financiera,183.36029794972117,7.852339744737935
2012-11-01,"Otras actividades de servicios comunitarios, sociales y personales",152.95969276408715,2.860189607244523
2012-11-01,Pesca,110.38974553757667,33.685135541465925
2012-11-01,Servicios sociales y de salud,152.78098137765573,5.771579260714965
2012-11-01,Transporte y comunicaciones,175.32986283928187,1.2965348190421944
2012-12-01,"Actividades inmobiliarias, empresariales y de alquiler",139.2741071207412,-1.998936569488019
2012-12-01,Administración pública y defensa; planes de seguridad social de afiliación obligatoria,138.87440786795796,2.4792058351974955
2012-12-01,"Agricultura, ganadería, caza y silvicultura",81.07750038354592,-16.033705356555018
2012-12-01,"Comercio mayorista, minorista y reparaciones",156.60558312123362,-0.3742744726596525
2012-12-01,Construcción,142.88947845024933,-3.5442311200180265
2012-12-01,"Electricidad, gas y agua",138.29486929103726,1.2829449354848421
2012-12-01,Enseñanza,143.66175092703583,3.007427336690305
2012-12-01,Explotación de minas y canteras,95.82765898220875,-3.147866764028151
2012-12-01,Hoteles y restaurantes,159.18892336900586,0.8106845118286632
2012-12-01,Impuestos netos de subsidios,167.373887532801,4.462561523995978
2012-12-01,Industria manufacturera,141.4109061344946,0.22807764590502266
2012-12-01,Intermediación financiera,189.10029459963192,8.540765503014036
2012-12-01,"Otras actividades de servicios comunitarios, sociales y personales",150.52457369062097,0.3301244849496676
2012-12-01,Pesca,68.67315681962579,-0.9494341853748423
2012-12-01,Servicios sociales y de salud,147.87977725323435,5.392431811026577
2012-12-01,Transporte y comunicaciones,173.27875448787563,0.0455790412454915
2013-01-01,"Actividades inmobiliarias, empresariales y de alquiler",127.79542521595022,-0.17174374562756167
2013-01-01,Administración pública y defensa; planes de seguridad social de afiliación obligatoria,137.01683529045414,2.282819684495574
2013-01-01,"Agricultura, ganadería, caza y silvicultura",64.01654372353445,-9.066109285955658
2013-01-01,"Comercio mayorista, minorista y reparaciones",147.5799551839631,-0.3247045557667638
2013-01-01,Construcción,148.74700755447816,-2.846157027879881
2013-01-01,"Electricidad, gas y agua",140.3080311676578,-2.6242847184232865
2013-01-01,Enseñanza,139.07298699966478,3.0698135540393023
2013-01-01,Explotación de minas y canteras,92.30055344172963,-2.385450795207966
2013-01-01,Hoteles y restaurantes,166.2064241899149,-0.9891263034973008
2013-01-01,Impuestos netos de subsidios,167.60589010316315,2.6157897311169576
2013-01-01,Industria manufacturera,124.30703676937105,-0.24587435009078007
2013-01-01,Intermediación financiera,183.48864491553778,6.1265986023829155
2013-01-01,"Otras actividades de servicios comunitarios, sociales y personales",149.72142551820428,-0.8205125881561637
2013-01-01,Pesca,45.051518437828456,13.42100108108546
2013-01-01,Servicios sociales y de salud,160.36178940118734,2.8547664966325437
2013-01-01,Transporte y comunicaciones,172.086138489746,-0.33513162395021334
2013-02-01,"Actividades inmobiliarias, empresariales y de alquiler",127.45825593113813,-0.33773642741224963
2013-02-01,Administración pública y defensa; planes de seguridad social de afiliación obligatoria,139.44034346106542,3.516077075385393
2013-02-01,"Agricultura, ganadería, caza y silvicultura",72.8336011389129,6.5012768576115265
2013-02-01,"Comercio mayorista, minorista y reparaciones",144.64684355448182,1.8147889829652541
2013-02-01,Construcción,149.4253024763208,-2.1922743082672613
2013-02-01,"Electricidad, gas y agua",125.70012488031563,-4.506474859168275
2013-02-01,Enseñanza,140.1694906263752,3.1584469992184783
2013-02-01,Explotación de minas y canteras,85.5767207844107,-6.803177249873471
2013-02-01,Hoteles y restaurantes,158.2583592130854,-1.1123971702199142
2013-02-01,Impuestos netos de subsidios,156.3097626567306,2.77248279187865
2013-02-01,Industria manufacturera,119.40567923338507,-3.4003152774324197
2013-02-01,Intermediación financiera,174.99097294690839,4.481241587900842
2013-02-01,"Otras actividades de servicios comunitarios, sociales y personales",146.9060085550144,-3.7170938477129156
2013-02-01,Pesca,114.13595389502183,43.48342177151076
2013-02-01,Servicios sociales y de salud,151.93064142791485,2.7784455566744803
2013-02-01,Transporte y comunicaciones,163.74742027170316,-1.4230029720679105
2013-03-01,"Actividades inmobiliarias, empresariales y de alquiler",131.92656970129116,-1.2294555828190057
2013-03-01,Administración pública y defensa; planes de seguridad social de afiliación obligatoria,137.28870883838783,1.6674044962870394
2013-03-01,"Agricultura, ganadería, caza y silvicultura",139.9196484899806,12.51095963355775
2013-03-01,"Comercio mayorista, minorista y reparaciones",172.80932356954642,2.506111548282619
2013-03-01,Construcción,152.1494316142502,-2.170210326253119
2013-03-01,"Electricidad, gas y agua",129.33447614480426,-4.155054063354202
2013-03-01,Enseñanza,140.734216390071,2.8225138520502346
2013-03-01,Explotación de minas y canteras,93.24479791951109,-5.8190169907466505
2013-03-01,Hoteles y restaurantes,157.80481947655773,0.27681154574845657
2013-03-01,Impuestos netos de subsidios,163.90521028933432,4.867710375219914
2013-03-01,Industria manufacturera,141.6337098820099,-2.891189310974629
2013-03-01,Intermediación financiera,180.3979979041728,2.140351221303316
2013-03-01,"Otras actividades de servicios comunitarios, sociales y personales",145.01583206598065,-1.9814794671585534
2013-03-01,Pesca,108.06570809950571,-27.361538252180175
2013-03-01,Servicios sociales y de salud,165.27341208763386,2.9265198992701746
2013-03-01,Transporte y comunicaciones,179.0386167922344,2.017123226892359
2013-04-01,"Actividades inmobiliarias, empresariales y de alquiler",132.78466114596623,1.8357774120157266
2013-04-01,Administración pública y defensa; planes de seguridad social de afiliación obligatoria,137.34569577759024,2.444836427069519
2013-04-01,"Agricultura, ganadería, caza y silvicultura",201.95961174708802,21.55496595901518
2013-04-01,"Comercio mayorista, minorista y reparaciones",171.38481727898224,13.722807342626698
2013-04-01,Construcción,151.7883237070887,1.6969696603221562
2013-04-01,"Electricidad, gas y agua",127.77918625313201,0.22280146195390316
2013-04-01,Enseñanza,140.90724681043125,3.173826847899175
2013-04-01,Explotación de minas y canteras,90.70288716991494,-4.746968630936655
2013-04-01,Hoteles y restaurantes,153.84353386334246,-0.6650823176308052
2013-04-01,Impuestos netos de subsidios,167.39189907664672,10.516333366263142
2013-04-01,Industria manufacturera,144.7143468868256,4.678386668076762
2013-04-01,Intermediación financiera,180.23203549918117,6.064755122943644
2013-04-01,"Otras actividades de servicios comunitarios, sociales y personales",147.44708614991734,-3.2084442956759496
2013-04-01,Pesca,163.98784554516652,39.63417252198891
2013-04-01,Servicios sociales y de salud,170.09971864705972,2.8836682109985468
2013-04-01,Transporte y comunicaciones,184.47056395961047,4.278226883056679
2013-05-01,"Actividades inmobiliarias, empresariales y de alquiler",137.01036251149438,1.214155518525617
2013-05-01,Administración pública y defensa; planes de seguridad social de afiliación obligatoria,138.13925917129856,2.5128014492795447
2013-05-01,"Agricultura, ganadería, caza y silvicultura",298.0846647676212,24.539462622916265
2013-05-01,"Comercio mayorista, minorista y reparaciones",170.58286805692825,6.303478397593354
2013-05-01,Construcción,152.10601568481567,1.3966076934822658
2013-05-01,"Electricidad, gas y agua",133.385452512408,1.504851692368847
2013-05-01,Enseñanza,141.96891808576058,2.8554719705809584
2013-05-01,Explotación de minas y canteras,94.56617208384336,-4.217144839582687
2013-05-01,Hoteles y restaurantes,150.9362110573971,1.544879498862195
2013-05-01,Impuestos netos de subsidios,181.17905889178536,8.542230186170464
2013-05-01,Industria manufacturera,148.70216804770692,4.744627458261741
2013-05-01,Intermediación financiera,179.79658036269316,2.8869354446998674
2013-05-01,"Otras actividades de servicios comunitarios, sociales y personales",149.9335680448724,-2.355371897334979
2013-05-01,Pesca,135.5964786369354,5.873496294407654
2013-05-01,Servicios sociales y de salud,172.89122537998568,2.87976496085518
2013-05-01,Transporte y comunicaciones,195.90061149522498,4.501975496948263
2013-06-01,"Actividades inmobiliarias, empresariales y de alquiler",135.5099933514055,-0.3336031608151768
2013-06-01,Administración pública y defensa; planes de seguridad social de afiliación obligatoria,140.14339630389975,2.5366247579239554
2013-06-01,"Agricultura, ganadería, caza y silvicultura",198.2773133488261,22.377813681090974
2013-06-01,"Comercio mayorista, minorista y reparaciones",164.40773174552814,3.48562842918978
2013-06-01,Construcción,149.1347332217158,0.9153394455173158
2013-06-01,"Electricidad, gas y agua",134.2231660324287,-0.6066002482136068
2013-06-01,Enseñanza,145.01768631031183,2.6062886419507603
2013-06-01,Explotación de minas y canteras,91.44981353127487,-2.794090031251617
2013-06-01,Hoteles y restaurantes,150.98087607135483,2.17123162437427
2013-06-01,Impuestos netos de subsidios,169.52344243716624,5.859815307295135
2013-06-01,Industria manufacturera,142.2259984040483,2.9825329919741073
2013-06-01,Intermediación financiera,188.29472533855133,6.598572382443013
2013-06-01,"Otras actividades de servicios comunitarios, sociales y personales",156.75519323717856,0.5805747993633981
2013-06-01,Pesca,222.651241618469,104.74073107302684
2013-06-01,Servicios sociales y de salud,177.5339721145484,2.825116734922206
2013-06-01,Transporte y comunicaciones,187.2046969494454,3.4552733212378284
2013-07-01,"Actividades inmobiliarias, empresariales y de alquiler",135.72395294553024,3.1190834500215203
2013-07-01,Administración pública y defensa; planes de seguridad social de afiliación obligatoria,139.4802482651639,2.4531255341757374
2013-07-01,"Agricultura, ganadería, caza y silvicultura",107.06872936164058,5.257670026484029
2013-07-01,"Comercio mayorista, minorista y reparaciones",168.33612799916625,2.6399885298054704
2013-07-01,Construcción,152.848024762418,0.5964878544715502
2013-07-01,"Electricidad, gas y agua",142.6783178402671,0.06073482941530983
2013-07-01,Enseñanza,144.62762498097797,3.4086299149377997
2013-07-01,Explotación de minas y canteras,94.43408685562544,-3.944969247566099
2013-07-01,Hoteles y restaurantes,164.8282637548072,0.7334061548518234
2013-07-01,Impuestos netos de subsidios,174.42116367744606,6.386599788550518
2013-07-01,Industria manufacturera,144.3313499952253,0.10614990238801969
2013-07-01,Intermediación financiera,182.5615030433128,3.3431669393094943
2013-07-01,"Otras actividades de servicios comunitarios, sociales y personales",169.2002129265097,-0.9752362003393245
2013-07-01,Pesca,227.79103587923782,51.02617828871318
2013-07-01,Servicios sociales y de salud,163.62394513771645,2.910732752150391
2013-07-01,Transporte y comunicaciones,184.8173008240068,1.6911033173601098
2013-08-01,"Actividades inmobiliarias, empresariales y de alquiler",135.16889820338682,-0.4641275749569185
2013-08-01,Administración pública y defensa; planes de seguridad social de afiliación obligatoria,140.40574846829858,3.093104325666096
2013-08-01,"Agricultura, ganadería, caza y silvicultura",69.62321492464443,-4.880566477233272
2013-08-01,"Comercio mayorista, minorista y reparaciones",168.52064641405985,0.8166014280703404
2013-08-01,Construcción,153.29247940482028,1.4012796014678086
2013-08-01,"Electricidad, gas y agua",141.8813558391637,2.6537143063780633
2013-08-01,Enseñanza,144.91081106777148,3.234624640337058
2013-08-01,Explotación de minas y canteras,94.07014721249102,-4.25615085452884
2013-08-01,Hoteles y restaurantes,159.6365756936006,1.4863888878345444
2013-08-01,Impuestos netos de subsidios,176.0695428479758,4.243044618298231
2013-08-01,Industria manufacturera,149.40407658193809,3.4973440248437404
2013-08-01,Intermediación financiera,187.54636071866932,1.4732552913741426
2013-08-01,"Otras actividades de servicios comunitarios, sociales y personales",155.5855504906249,0.3835872027970755
2013-08-01,Pesca,182.3356005109328,2.6002623063567487
2013-08-01,Servicios sociales y de salud,164.00319347443067,2.845085678758119
2013-08-01,Transporte y comunicaciones,183.2852818757845,3.26052541651376
2013-09-01,"Actividades inmobiliarias, empresariales y de alquiler",134.80577533657544,2.0864742147000293
2013-09-01,Administración pública y defensa; planes de seguridad social de afiliación obligatoria,140.41736050868388,3.022283249655322
2013-09-01,"Agricultura, ganadería, caza y silvicultura",66.90422477980525,-5.543448218344194
2013-09-01,"Comercio mayorista, minorista y reparaciones",168.5606755110567,4.680686912945542
2013-09-01,Construcción,154.21254049892846,2.9341580218768204
2013-09-01,"Electricidad, gas y agua",132.1138884896492,5.776303219625811
2013-09-01,Enseñanza,145.60210181112748,3.704992819579589
2013-09-01,Explotación de minas y canteras,91.394398690019,-5.849230909816772
2013-09-01,Hoteles y restaurantes,160.52191928026423,1.2315373583531741
2013-09-01,Impuestos netos de subsidios,171.36425202126102,4.1899509947888935
2013-09-01,Industria manufacturera,150.76869508141803,5.049019284950451
2013-09-01,Intermediación financiera,185.36681138348698,3.6537288980697635
2013-09-01,"Otras actividades de servicios comunitarios, sociales y personales",151.5387699788111,1.277112095695343
2013-09-01,Pesca,188.40370084045622,3.095569647240004
2013-09-01,Servicios sociales y de salud,161.29530698378875,3.01278792076487
2013-09-01,Transporte y comunicaciones,179.19398561794662,4.136606273164545
2013-10-01,"Actividades inmobiliarias, empresariales y de alquiler",136.90409006338533,1.476932443092882
2013-10-01,Administración pública y defensa; planes de seguridad social de afiliación obligatoria,140.5921616344872,2.4166121582138267
2013-10-01,"Agricultura, ganadería, caza y silvicultura",70.46848002818211,-1.9542832682913458
2013-10-01,"Comercio mayorista, minorista y reparaciones",173.03279633105902,0.9539875243949281
2013-10-01,Construcción,148.1197665453274,0.0007103696147536809
2013-10-01,"Electricidad, gas y agua",129.8678968015282,2.163894833223279
2013-10-01,Enseñanza,144.81343079256897,1.8797655082388953
2013-10-01,Explotación de minas y canteras,94.36121119971543,-2.8268321777609517
2013-10-01,Hoteles y restaurantes,159.44170913987145,-0.7247294154204331
2013-10-01,Impuestos netos de subsidios,171.51280849012426,0.20390586297711621
2013-10-01,Industria manufacturera,154.9208829044909,1.9721938001333594
2013-10-01,Intermediación financiera,185.20012225914726,0.3880847034290369
2013-10-01,"Otras actividades de servicios comunitarios, sociales y personales",150.3911431971676,-3.6633943284496984
2013-10-01,Pesca,192.98718626648363,30.596391010159184
2013-10-01,Servicios sociales y de salud,156.02657640893952,1.954933379825552
2013-10-01,Transporte y comunicaciones,180.3279537334789,2.522242692174248
2013-11-01,"Actividades inmobiliarias, empresariales y de alquiler",137.07334171518275,0.9246429503770193
2013-11-01,Administración pública y defensa; planes de seguridad social de afiliación obligatoria,141.29173986561676,2.756891397321204
2013-11-01,"Agricultura, ganadería, caza y silvicultura",84.42742837559491,-0.567401477935936
2013-11-01,"Comercio mayorista, minorista y reparaciones",164.60201369892863,-2.522692659548287
2013-11-01,Construcción,146.14261691717743,-1.6575518027409641
2013-11-01,"Electricidad, gas y agua",127.94281413679462,-3.345006341276102
2013-11-01,Enseñanza,145.42685810069574,2.254950640853992
2013-11-01,Explotación de minas y canteras,90.58055698820965,-1.624101939097955
2013-11-01,Hoteles y restaurantes,159.60894948304446,-1.5338909373545428
2013-11-01,Impuestos netos de subsidios,163.30551902943526,-3.1097403470778606
2013-11-01,Industria manufacturera,148.0741601275429,0.6673006469126275
2013-11-01,Intermediación financiera,179.1255153159524,-2.3095417498339654
2013-11-01,"Otras actividades de servicios comunitarios, sociales y personales",152.29451779892872,-0.43486944379806936
2013-11-01,Pesca,136.24480726015972,23.421615474040557
2013-11-01,Servicios sociales y de salud,156.00124583512815,2.1077652653063605
2013-11-01,Transporte y comunicaciones,179.69937251074106,2.4921651113504417
2013-12-01,"Actividades inmobiliarias, empresariales y de alquiler",140.2423689915374,0.6952203039124694
2013-12-01,Administración pública y defensa; planes de seguridad social de afiliación obligatoria,143.00480518884032,2.9741961706936992
2013-12-01,"Agricultura, ganadería, caza y silvicultura",85.37363102902982,5.29879513448317
2013-12-01,"Comercio mayorista, minorista y reparaciones",151.1921556194695,-3.4567270169246767
2013-12-01,Construcción,141.14148429724455,-1.2233190098831503
2013-12-01,"Electricidad, gas y agua",150.66439395736649,8.94431205563957
2013-12-01,Enseñanza,146.94423570577044,2.2848703691504824
2013-12-01,Explotación de minas y canteras,92.75465184041484,-3.2068060249331953
2013-12-01,Hoteles y restaurantes,156.1662682817733,-1.8987848044087374
2013-12-01,Impuestos netos de subsidios,158.30074163093744,-5.420884963364115
2013-12-01,Industria manufacturera,141.72136873597873,0.21954643384354267
2013-12-01,Intermediación financiera,189.09005168095118,-0.005416659293122628
2013-12-01,"Otras actividades de servicios comunitarios, sociales y personales",147.7999120908291,-1.8101108230952123
2013-12-01,Pesca,77.53448440084631,12.903626382715071
2013-12-01,Servicios sociales y de salud,151.0756656849699,2.1611396034650454
2013-12-01,Transporte y comunicaciones,175.56940113449625,1.3219431622708777
2014-01-01,"Actividades inmobiliarias, empresariales y de alquiler",128.0395424919344,0.19102192083297886
2014-01-01,Administración pública y defensa; planes de seguridad social de afiliación obligatoria,141.90487954957877,3.5674771269988304
2014-01-01,"Agricultura, ganadería, caza y silvicultura",65.0446392916646,1.605984185228948
2014-01-01,"Comercio mayorista, minorista y reparaciones",144.5742486235413,-2.0366631475630226
2014-01-01,Construcción,150.31106016566758,1.0514850933163178
2014-01-01,"Electricidad, gas y agua",150.39359921013954,7.188161617370459
2014-01-01,Enseñanza,141.9955361921587,2.1014499332648873
2014-01-01,Explotación de minas y canteras,93.14054800320154,0.9100644905690736
2014-01-01,Hoteles y restaurantes,165.5993277131196,-0.3652665531758359
2014-01-01,Impuestos netos de subsidios,170.4221321058853,1.6802762725037557
2014-01-01,Industria manufacturera,124.4212336626914,0.0918667971566478
2014-01-01,Intermediación financiera,192.57366748781752,4.951272366996706
2014-01-01,"Otras actividades de servicios comunitarios, sociales y personales",152.72895195075063,2.0087481949473407
2014-01-01,Pesca,48.977577871730624,8.714599574085756
2014-01-01,Servicios sociales y de salud,163.5666123008387,1.9984953470640443
2014-01-01,Transporte y comunicaciones,175.08586920770733,1.7431565053916742
2014-02-01,"Actividades inmobiliarias, empresariales y de alquiler",128.57732700689039,0.8779902624407976
2014-02-01,Administración pública y defensa; planes de seguridad social de afiliación obligatoria,141.87968550381086,1.7493804032593596
2014-02-01,"Agricultura, ganadería, caza y silvicultura",68.93624485226428,-5.35104158754327
2014-02-01,"Comercio mayorista, minorista y reparaciones",140.88046618185768,-2.603843457673183
2014-02-01,Construcción,149.4195773457228,-0.0038314331663680257
2014-02-01,"Electricidad, gas y agua",126.21041872417051,0.40596128630798756
2014-02-01,Enseñanza,143.45822838040996,2.346257904868154
2014-02-01,Explotación de minas y canteras,86.83486326032832,1.470192435963047
2014-02-01,Hoteles y restaurantes,155.42401684491017,-1.7909590256518282
2014-02-01,Impuestos netos de subsidios,153.71270182584487,-1.6614834459118821
2014-02-01,Industria manufacturera,119.71693463733202,0.26067051914555606
2014-02-01,Intermediación financiera,178.7424815440046,2.1438297838565656
2014-02-01,"Otras actividades de servicios comunitarios, sociales y personales",145.31900424676374,-1.0802854994568567
2014-02-01,Pesca,81.66239794549071,-28.4516445881717
2014-02-01,Servicios sociales y de salud,154.37805213114873,1.6108736725073847
2014-02-01,Transporte y comunicaciones,169.3849742695385,3.442835306034775
2014-03-01,"Actividades inmobiliarias, empresariales y de alquiler",129.11693967756443,-2.129692320575227
2014-03-01,Administración pública y defensa; planes de seguridad social de afiliación obligatoria,142.23492963123584,3.6027877563263866
2014-03-01,"Agricultura, ganadería, caza y silvicultura",131.15245128337966,-6.2658799541143395
2014-03-01,"Comercio mayorista, minorista y reparaciones",156.7203561494256,-9.310242692805792
2014-03-01,Construcción,150.87082932725983,-0.8403595553561183
2014-03-01,"Electricidad, gas y agua",131.20138381891118,1.443472560260517
2014-03-01,Enseñanza,143.46859829338595,1.9429403690543134
2014-03-01,Explotación de minas y canteras,95.77755920880821,2.716249427108419
2014-03-01,Hoteles y restaurantes,149.65064628539503,-5.167252317267801
2014-03-01,Impuestos netos de subsidios,156.79709352296695,-4.336724106463574
2014-03-01,Industria manufacturera,135.33331828037657,-4.448370099803189
2014-03-01,Intermediación financiera,176.77346741999375,-2.009185537693381
2014-03-01,"Otras actividades de servicios comunitarios, sociales y personales",147.0264375172689,1.3864730647985102
2014-03-01,Pesca,162.95871517857924,50.795953725236
2014-03-01,Servicios sociales y de salud,167.54335747517428,1.3734486139469482
2014-03-01,Transporte y comunicaciones,177.5450962401662,-0.8341890586662348
2014-04-01,"Actividades inmobiliarias, empresariales y de alquiler",130.9784958769456,-1.3602213188126933
2014-04-01,Administración pública y defensa; planes de seguridad social de afiliación obligatoria,141.78195882884094,3.22999787225553
2014-04-01,"Agricultura, ganadería, caza y silvicultura",213.79142624821569,5.858505271808756
2014-04-01,"Comercio mayorista, minorista y reparaciones",152.7232686907613,-10.888682489209911
2014-04-01,Construcción,146.55652534218152,-3.4467726088096007
2014-04-01,"Electricidad, gas y agua",128.63806699219427,0.6721601257976495
2014-04-01,Enseñanza,144.81472325781658,2.7730840931426526
2014-04-01,Explotación de minas y canteras,89.81293107494474,-0.9811772510648242
2014-04-01,Hoteles y restaurantes,147.87647860611008,-3.8786519702107447
2014-04-01,Impuestos netos de subsidios,165.42512484619087,-1.1749518592624963
2014-04-01,Industria manufacturera,135.74717413307272,-6.196464239143962
2014-04-01,Intermediación financiera,176.13509609333943,-2.273147165260947
2014-04-01,"Otras actividades de servicios comunitarios, sociales y personales",147.38251943000444,-0.04378975644676597
2014-04-01,Pesca,136.30192508226077,-16.882910054013934
2014-04-01,Servicios sociales y de salud,172.87313982989247,1.6304678249276394
2014-04-01,Transporte y comunicaciones,185.29111973471674,0.4448166458069336
2014-05-01,"Actividades inmobiliarias, empresariales y de alquiler",134.0458599108031,-2.1637068513285396
2014-05-01,Administración pública y defensa; planes de seguridad social de afiliación obligatoria,142.67838718487832,3.2859073089070545
2014-05-01,"Agricultura, ganadería, caza y silvicultura",323.8011752339501,8.627250411012199
2014-05-01,"Comercio mayorista, minorista y reparaciones",155.54352985281784,-8.816441167521793
2014-05-01,Construcción,148.22066328956524,-2.554371290154245
2014-05-01,"Electricidad, gas y agua",139.17577096760363,4.341041954824121
2014-05-01,Enseñanza,146.3508847692977,3.086567639326554
2014-05-01,Explotación de minas y canteras,98.17706399264667,3.8183758835049986
2014-05-01,Hoteles y restaurantes,145.30106827611766,-3.7334598117985895
2014-05-01,Impuestos netos de subsidios,164.3835092678724,-9.270138462273724
2014-05-01,Industria manufacturera,140.41674493148898,-5.571824019108984
2014-05-01,Intermediación financiera,175.95751463393233,-2.1352273335880523
2014-05-01,"Otras actividades de servicios comunitarios, sociales y personales",146.52891132950347,-2.270776824540033
2014-05-01,Pesca,178.23074297328347,31.44201439810461
2014-05-01,Servicios sociales y de salud,175.43879705013325,1.4735112580458676
2014-05-01,Transporte y comunicaciones,196.4469027327474,0.2788614253691257
2014-06-01,"Actividades inmobiliarias, empresariales y de alquiler",138.38450289471567,2.1212528111162587
2014-06-01,Administración pública y defensa; planes de seguridad social de afiliación obligatoria,144.041990629197,2.7818608854342175
2014-06-01,"Agricultura, ganadería, caza y silvicultura",214.76749724613734,8.316727526109013
2014-06-01,"Comercio mayorista, minorista y reparaciones",151.95325212323513,-7.575361261944891
2014-06-01,Construcción,148.25887170097093,-0.58729546217966
2014-06-01,"Electricidad, gas y agua",142.7748544115638,6.371246210262238
2014-06-01,Enseñanza,148.75725083659367,2.578695482894311
2014-06-01,Explotación de minas y canteras,92.83794099434779,1.5179117479536375
2014-06-01,Hoteles y restaurantes,143.39129909729834,-5.0268465593414575
2014-06-01,Impuestos netos de subsidios,159.18176500214,-6.100440910323879
2014-06-01,Industria manufacturera,136.40998351202848,-4.089276895421879
2014-06-01,Intermediación financiera,179.49676979334984,-4.672438661987421
2014-06-01,"Otras actividades de servicios comunitarios, sociales y personales",146.28942850500155,-6.676502714868127
2014-06-01,Pesca,225.12553897578505,1.1112883715941546
2014-06-01,Servicios sociales y de salud,180.3309294645174,1.5754490910417696
2014-06-01,Transporte y comunicaciones,189.8984151071081,1.4389159041186428
2014-07-01,"Actividades inmobiliarias, empresariales y de alquiler",135.40926967918145,-0.2318553648927968
2014-07-01,Administración pública y defensa; planes de seguridad social de afiliación obligatoria,144.0888823774733,3.304148199928636
2014-07-01,"Agricultura, ganadería, caza y silvicultura",110.42702279603485,3.1365772755657995
2014-07-01,"Comercio mayorista, minorista y reparaciones",154.3389201291545,-8.315034946081855
2014-07-01,Construcción,147.02293081147056,-3.811036459255379
2014-07-01,"Electricidad, gas y agua",147.39283622849214,3.304299111167741
2014-07-01,Enseñanza,148.30510189691336,2.542720947273436
2014-07-01,Explotación de minas y canteras,95.0945315254412,0.699371055311282
2014-07-01,Hoteles y restaurantes,160.55894838471878,-2.5901597655844544
2014-07-01,Impuestos netos de subsidios,159.95074910442492,-8.296249301364034
2014-07-01,Industria manufacturera,137.35661927840937,-4.832443344461668
2014-07-01,Intermediación financiera,176.4473438077133,-3.3490955835025593
2014-07-01,"Otras actividades de servicios comunitarios, sociales y personales",157.32304751192686,-7.019592475182968
2014-07-01,Pesca,178.25213281625395,-21.747520867874126
2014-07-01,Servicios sociales y de salud,166.20767576289407,1.5790663298107077
2014-07-01,Transporte y comunicaciones,185.10098641538403,0.15349514905391715
2014-08-01,"Actividades inmobiliarias, empresariales y de alquiler",133.89880187782487,-0.9396365158284126
2014-08-01,Administración pública y defensa; planes de seguridad social de afiliación obligatoria,144.7039740965368,3.061288925224237
2014-08-01,"Agricultura, ganadería, caza y silvicultura",68.65546506699638,-1.3899815725192721
2014-08-01,"Comercio mayorista, minorista y reparaciones",151.75616002864547,-9.948031141670077
2014-08-01,Construcción,147.20545100872226,-3.9708591182892827
2014-08-01,"Electricidad, gas y agua",137.10758957434385,-3.3646184423493763
2014-08-01,Enseñanza,149.0032815351834,2.8241305374365533
2014-08-01,Explotación de minas y canteras,94.06236445582705,-0.008273354400512023
2014-08-01,Hoteles y restaurantes,158.32586917452102,-0.8210565237851908
2014-08-01,Impuestos netos de subsidios,154.8610659218349,-12.045511440018341
2014-08-01,Industria manufacturera,136.83446126254012,-8.413167570099322
2014-08-01,Intermediación financiera,176.68497515835082,-5.791307023339797
2014-08-01,"Otras actividades de servicios comunitarios, sociales y personales",151.49398734018672,-2.6297835098026856
2014-08-01,Pesca,174.45471597466428,-4.322186404731198
2014-08-01,Servicios sociales y de salud,166.72753643835384,1.661152387467335
2014-08-01,Transporte y comunicaciones,180.85648989839197,-1.3251429424860017
2014-09-01,"Actividades inmobiliarias, empresariales y de alquiler",135.38853348520624,0.4322946455193044
2014-09-01,Administración pública y defensa; planes de seguridad social de afiliación obligatoria,144.90596178518757,3.196614193745728
2014-09-01,"Agricultura, ganadería, caza y silvicultura",67.11585816459777,0.3163229011158064
2014-09-01,"Comercio mayorista, minorista y reparaciones",158.82883782811237,-5.773492336476771
2014-09-01,Construcción,149.5263026902926,-3.0388175912765214
2014-09-01,"Electricidad, gas y agua",129.72984563513117,-1.8045361330083276
2014-09-01,Enseñanza,149.67228264459783,2.7954135159052207
2014-09-01,Explotación de minas y canteras,93.37173765888168,2.1635231449677716
2014-09-01,Hoteles y restaurantes,158.22141043418466,-1.4331431223812974
2014-09-01,Impuestos netos de subsidios,157.44033715018693,-8.125332271369267
2014-09-01,Industria manufacturera,139.49073399596097,-7.480306889548094
2014-09-01,Intermediación financiera,178.34358402489576,-3.7888267625543537
2014-09-01,"Otras actividades de servicios comunitarios, sociales y personales",148.44810578176416,-2.0395204458100724
2014-09-01,Pesca,195.6859703965329,3.8652476164698246
2014-09-01,Servicios sociales y de salud,163.6050743367761,1.432011504971764
2014-09-01,Transporte y comunicaciones,179.62754099497192,0.24194750483963468
2014-10-01,"Actividades inmobiliarias, empresariales y de alquiler",135.77662484365004,-0.8235438541049245
2014-10-01,Administración pública y defensa; planes de seguridad social de afiliación obligatoria,145.13483709900476,3.2311015149817823
2014-10-01,"Agricultura, ganadería, caza y silvicultura",69.33396734077101,-1.609957653347116
2014-10-01,"Comercio mayorista, minorista y reparaciones",161.6106082417014,-6.6011694496942885
2014-10-01,Construcción,142.4347976867099,-3.8380892646612264
2014-10-01,"Electricidad, gas y agua",138.68256980884925,6.787414922713486
2014-10-01,Enseñanza,150.7503340864833,4.099691072451939
2014-10-01,Explotación de minas y canteras,96.08091359919564,1.8224674923263295
2014-10-01,Hoteles y restaurantes,164.5197609285067,3.1848954806301677
2014-10-01,Impuestos netos de subsidios,155.60847829747894,-9.272969367509997
2014-10-01,Industria manufacturera,144.75621316607635,-6.561200496566421
2014-10-01,Intermediación financiera,178.64061540394476,-3.5418480156421794
2014-10-01,"Otras actividades de servicios comunitarios, sociales y personales",148.69214999854194,-1.1297162602176836
2014-10-01,Pesca,215.35071923714918,11.588092143996121
2014-10-01,Servicios sociales y de salud,159.75150447322326,2.3873676844134994
2014-10-01,Transporte y comunicaciones,182.37152522452,1.1332527479691157
2014-11-01,"Actividades inmobiliarias, empresariales y de alquiler",135.23790426585657,-1.3390185329689719
2014-11-01,Administración pública y defensa; planes de seguridad social de afiliación obligatoria,145.86877933402303,3.239424663295609
2014-11-01,"Agricultura, ganadería, caza y silvicultura",83.92547950639224,-0.5945329365826924
2014-11-01,"Comercio mayorista, minorista y reparaciones",154.51078433169934,-6.130684030200884
2014-11-01,Construcción,143.01018070430143,-2.143410511562982
2014-11-01,"Electricidad, gas y agua",133.88900101473905,4.647534852240187
2014-11-01,Enseñanza,150.82819579626218,3.714126651781524
2014-11-01,Explotación de minas y canteras,92.73521485287749,2.3787200435831934
2014-11-01,Hoteles y restaurantes,163.98949702406105,2.744550073917984
2014-11-01,Impuestos netos de subsidios,149.69603545318813,-8.33375605253982
2014-11-01,Industria manufacturera,139.4289330514719,-5.838444107077501
2014-11-01,Intermediación financiera,169.83905718030462,-5.18433017164962
2014-11-01,"Otras actividades de servicios comunitarios, sociales y personales",148.75350585659223,-2.3251079510370976
2014-11-01,Pesca,143.7916396321845,5.53917064715288
2014-11-01,Servicios sociales y de salud,159.61457064918244,2.3162153575831512
2014-11-01,Transporte y comunicaciones,180.47836662750626,0.43349851804219686
2014-12-01,"Actividades inmobiliarias, empresariales y de alquiler",139.3297549336797,-0.6507406174183772
2014-12-01,Administración pública y defensa; planes de seguridad social de afiliación obligatoria,147.22098653016923,2.9482794901621423
2014-12-01,"Agricultura, ganadería, caza y silvicultura",88.52394623881575,3.6900330603423903
2014-12-01,"Comercio mayorista, minorista y reparaciones",147.5968485241539,-2.377971979157778
2014-12-01,Construcción,139.96445200159403,-0.8339378755374938
2014-12-01,"Electricidad, gas y agua",142.45561803342665,-5.4483847897484505
2014-12-01,Enseñanza,150.8545533552837,2.661089515170212
2014-12-01,Explotación de minas y canteras,94.77313741412655,2.1761556252559044
2014-12-01,Hoteles y restaurantes,162.91976514550842,4.324555448523415
2014-12-01,Impuestos netos de subsidios,154.16847652376657,-2.610388975185496
2014-12-01,Industria manufacturera,133.8623263347227,-5.545418077281705
2014-12-01,Intermediación financiera,176.14249373829176,-6.8472972679205935
2014-12-01,"Otras actividades de servicios comunitarios, sociales y personales",147.50163795481433,-0.20180941368319605
2014-12-01,Pesca,76.39106625357044,-1.4747220622046031
2014-12-01,Servicios sociales y de salud,153.6182368574931,1.6829786325913476
2014-12-01,Transporte y comunicaciones,179.91374352790407,2.474430262526117
2015-01-01,"Actividades inmobiliarias, empresariales y de alquiler",128.3776366616169,0.2640544968393499
2015-01-01,Administración pública y defensa; planes de seguridad social de afiliación obligatoria,146.20580113727934,3.030848270582487
2015-01-01,"Agricultura, ganadería, caza y silvicultura",61.32173727655375,-5.723610824278847
2015-01-01,"Comercio mayorista, minorista y reparaciones",133.04972550076468,-7.9713525973670984
2015-01-01,Construcción,146.68971163831233,-2.4092362354200203
2015-01-01,"Electricidad, gas y agua",149.1242300147209,-0.8440313963395507
2015-01-01,Enseñanza,146.5469966767402,3.20535462355811
2015-01-01,Explotación de minas y canteras,95.14667013328177,2.153865500137786
2015-01-01,Hoteles y restaurantes,171.67831186906454,3.670899054901988
2015-01-01,Impuestos netos de subsidios,161.60951574176883,-5.1710515853897965
2015-01-01,Industria manufacturera,118.27273777332528,-4.941677323369764
2015-01-01,Intermediación financiera,176.13005139985216,-8.538870502118678
2015-01-01,"Otras actividades de servicios comunitarios, sociales y personales",150.79204764531661,-1.2681972086461935
2015-01-01,Pesca,49.07539001468238,0.19970800354383034
2015-01-01,Servicios sociales y de salud,167.4512825270009,2.3749774917495747
2015-01-01,Transporte y comunicaciones,178.84368584975817,2.146270660822358
2015-02-01,"Actividades inmobiliarias, empresariales y de alquiler",129.1915204681836,0.477684110869947
2015-02-01,Administración pública y defensa; planes de seguridad social de afiliación obligatoria,146.36716701082526,3.162878104134137
2015-02-01,"Agricultura, ganadería, caza y silvicultura",70.34749867889387,2.047186976392479
2015-02-01,"Comercio mayorista, minorista y reparaciones",142.45276811240632,1.1160538953065346
2015-02-01,Construcción,147.78298903949207,-1.0952971058431182
2015-02-01,"Electricidad, gas y agua",137.0995265821499,8.62774085376996
2015-02-01,Enseñanza,146.30850315312762,1.986832546934525
2015-02-01,Explotación de minas y canteras,88.28846995329278,1.6739897299159479
2015-02-01,Hoteles y restaurantes,160.53795586117994,3.290314534447214
2015-02-01,Impuestos netos de subsidios,149.90580003528984,-2.476634491057361
2015-02-01,Industria manufacturera,116.83816966740386,-2.404643067957779
2015-02-01,Intermediación financiera,172.3630902742235,-3.5690403393054293
2015-02-01,"Otras actividades de servicios comunitarios, sociales y personales",148.71964015687348,2.3401178171680748
2015-02-01,Pesca,82.34020061506313,0.8300058369885788
2015-02-01,Servicios sociales y de salud,158.48933628084941,2.6631273636021913
2015-02-01,Transporte y comunicaciones,173.50927876560803,2.4348703383256565
2015-03-01,"Actividades inmobiliarias, empresariales y de alquiler",133.17429117174467,3.1423851156265004
2015-03-01,Administración pública y defensa; planes de seguridad social de afiliación obligatoria,147.8761888300874,3.9661560022403064
2015-03-01,"Agricultura, ganadería, caza y silvicultura",144.4282120789188,10.122388613884414
2015-03-01,"Comercio mayorista, minorista y reparaciones",170.02513399061348,8.489502045606878
2015-03-01,Construcción,151.92015645441361,0.6955135938688572
2015-03-01,"Electricidad, gas y agua",151.53932559178583,15.501316511223528
2015-03-01,Enseñanza,147.2694277455143,2.649241365246935
2015-03-01,Explotación de minas y canteras,97.37515756281856,1.668029930192061
2015-03-01,Hoteles y restaurantes,150.91734267893716,0.8464356319092925
2015-03-01,Impuestos netos de subsidios,160.8742447148654,2.6002721736045675
2015-03-01,Industria manufacturera,134.92721628822846,-0.30007539703325037
2015-03-01,Intermediación financiera,176.96224079526087,0.10678829692163383
2015-03-01,"Otras actividades de servicios comunitarios, sociales y personales",141.3115758096983,-3.886961966890734
2015-03-01,Pesca,141.82099740785813,-12.97121037531329
2015-03-01,Servicios sociales y de salud,172.15742503231323,2.753954335565134
2015-03-01,Transporte y comunicaciones,182.99954733043992,3.0721496711435314
2015-04-01,"Actividades inmobiliarias, empresariales y de alquiler",135.51871068313451,3.4663818482497
2015-04-01,Administración pública y defensa; planes de seguridad social de afiliación obligatoria,146.9824504141404,3.667950159707889
2015-04-01,"Agricultura, ganadería, caza y silvicultura",240.9170855912434,12.687907938615982
2015-04-01,"Comercio mayorista, minorista y reparaciones",153.79013442908695,0.6985613570685612
2015-04-01,Construcción,151.98458871074286,3.7037336658247266
2015-04-01,"Electricidad, gas y agua",132.04750244590613,2.6504094265648037
2015-04-01,Enseñanza,150.0892270836068,3.6422427962659043
2015-04-01,Explotación de minas y canteras,93.84315771147223,4.487356762874661
2015-04-01,Hoteles y restaurantes,147.63870476624524,-0.16079219772211495
2015-04-01,Impuestos netos de subsidios,169.27475399444495,2.327112735646053
2015-04-01,Industria manufacturera,137.38139403071713,1.2038702890731168
2015-04-01,Intermediación financiera,176.30672319507744,0.09744060414118572
2015-04-01,"Otras actividades de servicios comunitarios, sociales y personales",150.77404327709482,2.301171034534466
2015-04-01,Pesca,146.55911348194078,7.52534374953957
2015-04-01,Servicios sociales y de salud,177.44219703148113,2.643011636211745
2015-04-01,Transporte y comunicaciones,190.61183143952744,2.87154166504493
2015-05-01,"Actividades inmobiliarias, empresariales y de alquiler",136.51662803784336,1.8432259889894054
2015-05-01,Administración pública y defensa; planes de seguridad social de afiliación obligatoria,147.44945630433716,3.3439326120757507
2015-05-01,"Agricultura, ganadería, caza y silvicultura",365.6589729801224,12.927006122176543
2015-05-01,"Comercio mayorista, minorista y reparaciones",156.77042652069053,0.7887802655845766
2015-05-01,Construcción,153.40956486221052,3.5007950021841427
2015-05-01,"Electricidad, gas y agua",143.7823138965038,3.3098741949649124
2015-05-01,Enseñanza,152.0676315183799,3.906192134126063
2015-05-01,Explotación de minas y canteras,100.67852244562148,2.5479051330789204
2015-05-01,Hoteles y restaurantes,144.46635239707345,-0.5744733255904189
2015-05-01,Impuestos netos de subsidios,165.6920726504602,0.7960429780431433
2015-05-01,Industria manufacturera,139.3610616058484,-0.7518215339314849
2015-05-01,Intermediación financiera,172.79118003419435,-1.7994881357157877
2015-05-01,"Otras actividades de servicios comunitarios, sociales y personales",144.1084255808941,-1.6518827080932552
2015-05-01,Pesca,182.7503177317828,2.5357997633308482
2015-05-01,Servicios sociales y de salud,180.63345314070568,2.960950586709754
2015-05-01,Transporte y comunicaciones,198.27996882039594,0.933110200338616
2015-06-01,"Actividades inmobiliarias, empresariales y de alquiler",139.23139872557698,0.6119874791945756
2015-06-01,Administración pública y defensa; planes de seguridad social de afiliación obligatoria,149.41820928366286,3.7323968038637467
2015-06-01,"Agricultura, ganadería, caza y silvicultura",244.31854019365554,13.759550828890465
2015-06-01,"Comercio mayorista, minorista y reparaciones",171.1046007490484,12.603447677632706
2015-06-01,Construcción,155.64653921733512,4.982951395491986
2015-06-01,"Electricidad, gas y agua",145.09811994614012,1.627223185869453
2015-06-01,Enseñanza,154.23239413316276,3.6805891919738487
2015-06-01,Explotación de minas y canteras,94.46007970003382,1.7472799249013793
2015-06-01,Hoteles y restaurantes,145.33010835647062,1.352110812425722
2015-06-01,Impuestos netos de subsidios,169.23299886032436,6.314312357354024
2015-06-01,Industria manufacturera,143.4716382331051,5.176787313704145
2015-06-01,Intermediación financiera,184.8796053174565,2.9988481298598213
2015-06-01,"Otras actividades de servicios comunitarios, sociales y personales",151.50737795754716,3.566867070211588
2015-06-01,Pesca,171.30788525655015,-23.905619044413985
2015-06-01,Servicios sociales y de salud,186.13448499845953,3.218280719328326
2015-06-01,Transporte y comunicaciones,195.40465358487776,2.8995705280973505
2015-07-01,"Actividades inmobiliarias, empresariales y de alquiler",141.34130116451334,4.380816394170317
2015-07-01,Administración pública y defensa; planes de seguridad social de afiliación obligatoria,149.864134089106,4.008117501045705
2015-07-01,"Agricultura, ganadería, caza y silvicultura",115.60813567499137,4.691888586479731
2015-07-01,"Comercio mayorista, minorista y reparaciones",162.76093146236545,5.456829247064321
2015-07-01,Construcción,158.10424022504318,7.537129992179481
2015-07-01,"Electricidad, gas y agua",150.96215043833996,2.421633439711113
2015-07-01,Enseñanza,153.67298898609857,3.6194891615505043
2015-07-01,Explotación de minas y canteras,98.48088509589572,3.5610392271069102
2015-07-01,Hoteles y restaurantes,163.4317047617112,1.7892222176922434
2015-07-01,Impuestos netos de subsidios,167.94289608223286,4.9966299142433
2015-07-01,Industria manufacturera,141.88340229037442,3.2956424202532864
2015-07-01,Intermediación financiera,182.82423967840717,3.614050363740917
2015-07-01,"Otras actividades de servicios comunitarios, sociales y personales",170.5901956465304,8.43306072722607
2015-07-01,Pesca,195.73491725916372,9.807896358205937
2015-07-01,Servicios sociales y de salud,171.17108115808287,2.9862672541486113
2015-07-01,Transporte y comunicaciones,193.05419290767603,4.2966850940730605
2015-08-01,"Actividades inmobiliarias, empresariales y de alquiler",135.64398545636806,1.3033601153022767
2015-08-01,Administración pública y defensa; planes de seguridad social de afiliación obligatoria,150.7937076625642,4.20840796118338
2015-08-01,"Agricultura, ganadería, caza y silvicultura",68.81774814861737,0.236373144457791
2015-08-01,"Comercio mayorista, minorista y reparaciones",164.54508093663677,8.42728288958896
2015-08-01,Construcción,156.4471757088346,6.278113097567806
2015-08-01,"Electricidad, gas y agua",146.6168108201399,6.935590710417872
2015-08-01,Enseñanza,155.16610099807772,4.1360293541180315
2015-08-01,Explotación de minas y canteras,96.67541856773538,2.778001730049473
2015-08-01,Hoteles y restaurantes,159.29243595630305,0.6104920104475164
2015-08-01,Impuestos netos de subsidios,163.08316545454954,5.309339364139931
2015-08-01,Industria manufacturera,143.6516420601646,4.982064265627173
2015-08-01,Intermediación financiera,182.61053623922956,3.3537436194379655
2015-08-01,"Otras actividades de servicios comunitarios, sociales y personales",152.014026563942,0.34327383738834705
2015-08-01,Pesca,213.41731686944408,22.333933867650945
2015-08-01,Servicios sociales y de salud,171.84141610289424,3.0672075973672275
2015-08-01,Transporte y comunicaciones,189.46947568498985,4.762331609685
2015-09-01,"Actividades inmobiliarias, empresariales y de alquiler",137.68988142603467,1.6998100810951655
2015-09-01,Administración pública y defensa; planes de seguridad social de afiliación obligatoria,150.36437397734107,3.766865162004307
2015-09-01,"Agricultura, ganadería, caza y silvicultura",64.55008886087165,-3.822895771419199
2015-09-01,"Comercio mayorista, minorista y reparaciones",163.30995403816655,2.8213492406862217
2015-09-01,Construcción,157.3100113404117,5.205578222743301
2015-09-01,"Electricidad, gas y agua",139.84062844810563,7.793721455131708
2015-09-01,Enseñanza,155.7524032485334,4.062288953241278
2015-09-01,Explotación de minas y canteras,94.30158665395021,0.9958570102503339
2015-09-01,Hoteles y restaurantes,159.69378848302688,0.9305807885303219
2015-09-01,Impuestos netos de subsidios,168.7876585471024,7.207378745696502
2015-09-01,Industria manufacturera,140.46466311267113,0.6982034496559208
2015-09-01,Intermediación financiera,181.79408777821735,1.9347507072863923
2015-09-01,"Otras actividades de servicios comunitarios, sociales y personales",143.96082817374264,-3.022792095857618
2015-09-01,Pesca,209.0455478316136,6.827049178849776
2015-09-01,Servicios sociales y de salud,169.07423875772105,3.342906351233843
2015-09-01,Transporte y comunicaciones,188.92930757809458,5.1783632574378125
2015-10-01,"Actividades inmobiliarias, empresariales y de alquiler",137.88814820295343,1.5551449756059599
2015-10-01,Administración pública y defensa; planes de seguridad social de afiliación obligatoria,151.13445097269397,4.133820655061982
2015-10-01,"Agricultura, ganadería, caza y silvicultura",69.96091539722863,0.9042437357957844
2015-10-01,"Comercio mayorista, minorista y reparaciones",165.73757212943204,2.5536466526741908
2015-10-01,Construcción,150.13552654726055,5.406494048939248
2015-10-01,"Electricidad, gas y agua",141.22231798828426,1.8313391386788114
2015-10-01,Enseñanza,156.10138054728577,3.5496083595626837
2015-10-01,Explotación de minas y canteras,96.17985156615553,0.10297359095960967
2015-10-01,Hoteles y restaurantes,166.5567156621752,1.2381216226989622
2015-10-01,Impuestos netos de subsidios,164.41617739408105,5.660166587944082
2015-10-01,Industria manufacturera,145.63068413566188,0.6040990921628131
2015-10-01,Intermediación financiera,185.03426213631994,3.5790554784631556
2015-10-01,"Otras actividades de servicios comunitarios, sociales y personales",148.00782059269957,-0.46023236993282257
2015-10-01,Pesca,211.30575474319642,-1.8783148290758
2015-10-01,Servicios sociales y de salud,164.45162708717461,2.942146072082319
2015-10-01,Transporte y comunicaciones,188.30949271004584,3.2559729257160663
2015-11-01,"Actividades inmobiliarias, empresariales y de alquiler",138.0781014955367,2.100148804507329
2015-11-01,Administración pública y defensa; planes de seguridad social de afiliación obligatoria,151.95932252697258,4.175357619880327
2015-11-01,"Agricultura, ganadería, caza y silvicultura",86.56550086788613,3.1456732532494147
2015-11-01,"Comercio mayorista, minorista y reparaciones",166.60493276222985,7.827381423789248
2015-11-01,Construcción,147.6178508325756,3.221917562499521
2015-11-01,"Electricidad, gas y agua",133.47495532195197,-0.30924548667108365
2015-11-01,Enseñanza,156.63412783452375,3.849367823841243
2015-11-01,Explotación de minas y canteras,92.5642196247663,-0.18439082540809837
2015-11-01,Hoteles y restaurantes,166.9606018536268,1.8117653163664649
2015-11-01,Impuestos netos de subsidios,159.04446587539255,6.244941887674638
2015-11-01,Industria manufacturera,141.44752232550132,1.4477549457287076
2015-11-01,Intermediación financiera,183.62189933595513,8.115237086495576
2015-11-01,"Otras actividades de servicios comunitarios, sociales y personales",146.29185875601542,-1.6548498043131854
2015-11-01,Pesca,168.75426504702273,17.360275937246428
2015-11-01,Servicios sociales y de salud,164.56945414306088,3.104280188034214
2015-11-01,Transporte y comunicaciones,185.17533638974763,2.602511231684379
2015-12-01,"Actividades inmobiliarias, empresariales y de alquiler",140.55859434912793,0.8819648150771187
2015-12-01,Administración pública y defensa; planes de seguridad social de afiliación obligatoria,152.82938128655536,3.8095076582283616
2015-12-01,"Agricultura, ganadería, caza y silvicultura",89.8906306448192,1.5438584293525182
2015-12-01,"Comercio mayorista, minorista y reparaciones",145.74957774804892,-1.251565188942827
2015-12-01,Construcción,138.77760756949655,-0.8479613324131496
2015-12-01,"Electricidad, gas y agua",149.73801504426675,5.112046201737952
2015-12-01,Enseñanza,156.69899602384564,3.8742235740126807
2015-12-01,Explotación de minas y canteras,93.20289383006877,-1.656844573158267
2015-12-01,Hoteles y restaurantes,165.21035011005807,1.405958916343808
2015-12-01,Impuestos netos de subsidios,157.2242827841805,1.9821213320109887
2015-12-01,Industria manufacturera,132.88155982543205,-0.7326680598977786
2015-12-01,Intermediación financiera,187.59343726669516,6.500954588173902
2015-12-01,"Otras actividades de servicios comunitarios, sociales y personales",146.61441887270195,-0.6014977829494783
2015-12-01,Pesca,90.78421806401073,18.841407138714427
2015-12-01,Servicios sociales y de salud,158.2070616561802,2.9871614806671776
2015-12-01,Transporte y comunicaciones,183.59592549463756,2.0466374021962386
2016-01-01,"Actividades inmobiliarias, empresariales y de alquiler",129.42127847335826,0.8129467396975398
2016-01-01,Administración pública y defensa; planes de seguridad social de afiliación obligatoria,152.2478346787344,4.1325539030985015
2016-01-01,"Agricultura, ganadería, caza y silvicultura",64.61710337803528,5.373895534987572
2016-01-01,"Comercio mayorista, minorista y reparaciones",130.55948710029548,-1.8716599309743676
2016-01-01,Construcción,141.6615424696912,-3.4277585745201455
2016-01-01,"Electricidad, gas y agua",154.0091285776928,3.2757242484938054
2016-01-01,Enseñanza,151.7806330328617,3.571302363613804
2016-01-01,Explotación de minas y canteras,90.90367843706014,-4.4594221639896015
2016-01-01,Hoteles y restaurantes,169.91864619067428,-1.0249784374233184
2016-01-01,Impuestos netos de subsidios,165.64059062655403,2.4943301551787034
2016-01-01,Industria manufacturera,113.98246730208683,-3.6274382008987804
2016-01-01,Intermediación financiera,179.47111653293,1.8969307659446155
2016-01-01,"Otras actividades de servicios comunitarios, sociales y personales",144.6972553262334,-4.041852613752539
2016-01-01,Pesca,60.06860735222447,22.400672382334896
2016-01-01,Servicios sociales y de salud,172.13267487168926,2.7956742247904343
2016-01-01,Transporte y comunicaciones,189.17877245755128,5.778837848642482
2016-02-01,"Actividades inmobiliarias, empresariales y de alquiler",130.5020903599818,1.0144395600026668
2016-02-01,Administración pública y defensa; planes de seguridad social de afiliación obligatoria,152.31801371334052,4.065697809178159
2016-02-01,"Agricultura, ganadería, caza y silvicultura",70.07331456865238,-0.38975672965008146
2016-02-01,"Comercio mayorista, minorista y reparaciones",140.3212029905714,-1.4963311349295405
2016-02-01,Construcción,138.962002303375,-5.968878281220846
2016-02-01,"Electricidad, gas y agua",146.781967623455,7.062344621229144
2016-02-01,Enseñanza,152.3278662078243,4.114158046164107
2016-02-01,Explotación de minas y canteras,86.88640095301375,-1.5880544775787375
2016-02-01,Hoteles y restaurantes,163.66937153467853,1.9505765204874015
2016-02-01,Impuestos netos de subsidios,156.87423357947583,4.648541645850601
2016-02-01,Industria manufacturera,114.21741446409995,-2.243064240705117
2016-02-01,Intermediación financiera,172.67560219675144,0.18131023412886194
2016-02-01,"Otras actividades de servicios comunitarios, sociales y personales",148.17950321488743,-0.36319139921014987
2016-02-01,Pesca,105.73886619225637,28.41706165689466
2016-02-01,Servicios sociales y de salud,163.53608180865575,3.1842808142393375
2016-02-01,Transporte y comunicaciones,184.0885723681753,6.097249483042777
2016-03-01,"Actividades inmobiliarias, empresariales y de alquiler",134.34020062691218,0.8754763737874427
2016-03-01,Administración pública y defensa; planes de seguridad social de afiliación obligatoria,151.76832463056138,2.6320233374056867
2016-03-01,"Agricultura, ganadería, caza y silvicultura",136.66838555107066,-5.372791379296449
2016-03-01,"Comercio mayorista, minorista y reparaciones",171.95452933692735,1.1347706665653323
2016-03-01,Construcción,140.6386999057175,-7.4259116183054585
2016-03-01,"Electricidad, gas y agua",140.48972619090256,-7.291572242210254
2016-03-01,Enseñanza,153.9087804479075,4.5083034571616665
2016-03-01,Explotación de minas y canteras,92.73850359026105,-4.761639507044002
2016-03-01,Hoteles y restaurantes,156.36326133262085,3.6085439599008673
2016-03-01,Impuestos netos de subsidios,167.5815158839872,4.169263502066367
2016-03-01,Industria manufacturera,130.5127723596349,-3.2717223774657356
2016-03-01,Intermediación financiera,177.2811455224187,0.18021060635573516
2016-03-01,"Otras actividades de servicios comunitarios, sociales y personales",153.01789800152775,8.284050421739074
2016-03-01,Pesca,128.1504813746354,-9.639275060171915
2016-03-01,Servicios sociales y de salud,177.17081806113774,2.912098056696366
2016-03-01,Transporte y comunicaciones,193.8894820876634,5.950798740261165
2016-04-01,"Actividades inmobiliarias, empresariales y de alquiler",134.7139549863598,-0.5938336431316693
2016-04-01,Administración pública y defensa; planes de seguridad social de afiliación obligatoria,152.19751641603872,3.5480875350793584
2016-04-01,"Agricultura, ganadería, caza y silvicultura",222.24407033005363,-7.750805724452303
2016-04-01,"Comercio mayorista, minorista y reparaciones",152.6198995573876,-0.7609297410679727
2016-04-01,Construcción,126.02675511387855,-17.079253769780077
2016-04-01,"Electricidad, gas y agua",138.49726417802725,4.884425386813573
2016-04-01,Enseñanza,153.89804337880838,2.5377013188827346
2016-04-01,Explotación de minas y canteras,90.40262106257143,-3.6662626586788427
2016-04-01,Hoteles y restaurantes,152.19811491830492,3.0882214520091766
2016-04-01,Impuestos netos de subsidios,165.83614270981911,-2.0313786926186794
2016-04-01,Industria manufacturera,129.69255854445325,-5.596708011672047
2016-04-01,Intermediación financiera,172.46924643273286,-2.176591279561435
2016-04-01,"Otras actividades de servicios comunitarios, sociales y personales",146.4935016674773,-2.8390441196504135
2016-04-01,Pesca,90.44861990189602,-38.28522993007786
2016-04-01,Servicios sociales y de salud,182.03205085090949,2.5866754899422473
2016-04-01,Transporte y comunicaciones,193.53070517114008,1.5313182343241305
2016-05-01,"Actividades inmobiliarias, empresariales y de alquiler",136.4282100607803,-0.06476718501907675
2016-05-01,Administración pública y defensa; planes de seguridad social de afiliación obligatoria,152.5895932765113,3.4860331811362055
2016-05-01,"Agricultura, ganadería, caza y silvicultura",329.7453391547637,-9.82161972743686
2016-05-01,"Comercio mayorista, minorista y reparaciones",153.96296235816064,-1.7908123520729013
2016-05-01,Construcción,134.22490612820536,-12.505516687461071
2016-05-01,"Electricidad, gas y agua",150.85736379032596,4.920667710852711
2016-05-01,Enseñanza,155.13057788682173,2.014200088380824
2016-05-01,Explotación de minas y canteras,92.8201076613488,-7.805453033458221
2016-05-01,Hoteles y restaurantes,147.6217225051203,2.1841557260158018
2016-05-01,Impuestos netos de subsidios,161.66768773517504,-2.4288337099716895
2016-05-01,Industria manufacturera,132.09436471917738,-5.214295013928094
2016-05-01,Intermediación financiera,169.10639445061472,-2.1325079109075107
2016-05-01,"Otras actividades de servicios comunitarios, sociales y personales",149.6957036092051,3.877134876596533
2016-05-01,Pesca,117.25828169937154,-35.83689311475341
2016-05-01,Servicios sociales y de salud,185.60959475657512,2.754828371682194
2016-05-01,Transporte y comunicaciones,204.46937784791973,3.12155033327155
2016-06-01,"Actividades inmobiliarias, empresariales y de alquiler",138.69535977604733,-0.38499860982232903
2016-06-01,Administración pública y defensa; planes de seguridad social de afiliación obligatoria,153.54514558078463,2.7620035850429714
2016-06-01,"Agricultura, ganadería, caza y silvicultura",222.36057357274763,-8.987433619856787
2016-06-01,"Comercio mayorista, minorista y reparaciones",155.93745090811026,-8.864256001615711
2016-06-01,Construcción,128.5682030080045,-17.39732624027066
2016-06-01,"Electricidad, gas y agua",148.4033222853869,2.2779084528963267
2016-06-01,Enseñanza,157.1823878943485,1.912694008133431
2016-06-01,Explotación de minas y canteras,88.15854137675132,-6.6711126470500375
2016-06-01,Hoteles y restaurantes,148.01295810576914,1.8460384978988165
2016-06-01,Impuestos netos de subsidios,159.71648935872605,-5.623317890533109
2016-06-01,Industria manufacturera,125.65678605027952,-12.416985267764868
2016-06-01,Intermediación financiera,170.47757907817606,-7.789948607122321
2016-06-01,"Otras actividades de servicios comunitarios, sociales y personales",153.827680512275,1.5314782593478737
2016-06-01,Pesca,213.88094880389392,24.851782790725885
2016-06-01,Servicios sociales y de salud,190.66642933942867,2.4347687861315137
2016-06-01,Transporte y comunicaciones,197.77917231031324,1.215180233363311
2016-07-01,"Actividades inmobiliarias, empresariales y de alquiler",135.95334276379947,-3.812019810432188
2016-07-01,Administración pública y defensa; planes de seguridad social de afiliación obligatoria,153.49022891452444,2.419588147263063
2016-07-01,"Agricultura, ganadería, caza y silvicultura",113.21856087267963,-2.0669607621988995
2016-07-01,"Comercio mayorista, minorista y reparaciones",148.7284156103838,-8.621550470314398
2016-07-01,Construcción,128.6669828604047,-18.618891765798285
2016-07-01,"Electricidad, gas y agua",154.08669800918656,2.069755605477286
2016-07-01,Enseñanza,157.7503381471416,2.65326339257439
2016-07-01,Explotación de minas y canteras,91.87078342103177,-6.712065664750433
2016-07-01,Hoteles y restaurantes,164.99727135197662,0.9579332189846967
2016-07-01,Impuestos netos de subsidios,155.91634282060983,-7.161096743106221
2016-07-01,Industria manufacturera,127.05697617076119,-10.449725535387078
2016-07-01,Intermediación financiera,169.5102239842916,-7.282412724666754
2016-07-01,"Otras actividades de servicios comunitarios, sociales y personales",167.85267695245903,-1.6047338967496105
2016-07-01,Pesca,238.82358464870478,22.013786805595494
2016-07-01,Servicios sociales y de salud,175.62129849941783,2.599865182381489
2016-07-01,Transporte y comunicaciones,194.91487117842794,0.9638113747893362
2016-08-01,"Actividades inmobiliarias, empresariales y de alquiler",138.1099495499475,1.8179678850358094
2016-08-01,Administración pública y defensa; planes de seguridad social de afiliación obligatoria,152.88756511164817,1.38855757414591
2016-08-01,"Agricultura, ganadería, caza y silvicultura",70.70498949513352,2.7423759092501943
2016-08-01,"Comercio mayorista, minorista y reparaciones",157.41711202761422,-4.331924642443363
2016-08-01,Construcción,144.70890735532527,-7.503023496797123
2016-08-01,"Electricidad, gas y agua",145.65136337429948,-0.6584834579608789
2016-08-01,Enseñanza,157.70042576005622,1.6332979598487674
2016-08-01,Explotación de minas y canteras,91.21455342113725,-5.648659429151559
2016-08-01,Hoteles y restaurantes,163.42639979099428,2.5952041036181095
2016-08-01,Impuestos netos de subsidios,161.99964784714598,-0.6643957421255342
2016-08-01,Industria manufacturera,132.71595468858487,-7.612643485829141
2016-08-01,Intermediación financiera,177.64275435669353,-2.7204245630317647
2016-08-01,"Otras actividades de servicios comunitarios, sociales y personales",148.4553665203119,-2.3410076846646755
2016-08-01,Pesca,254.3109789265982,19.16136078225106
2016-08-01,Servicios sociales y de salud,175.7105166164717,2.2515529732720196
2016-08-01,Transporte y comunicaciones,195.01443201659657,2.926569734549611
2016-09-01,"Actividades inmobiliarias, empresariales y de alquiler",136.2974489412333,-1.011281635498651
2016-09-01,Administración pública y defensa; planes de seguridad social de afiliación obligatoria,152.85529474584231,1.6565897244227523
2016-09-01,"Agricultura, ganadería, caza y silvicultura",61.92436376412122,-4.0677327376106405
2016-09-01,"Comercio mayorista, minorista y reparaciones",157.25631533850802,-3.7068399996265766
2016-09-01,Construcción,136.9084159903118,-12.969038128127641
2016-09-01,"Electricidad, gas y agua",140.53137177890028,0.49395039085582404
2016-09-01,Enseñanza,158.1015508262044,1.5082576760773847
2016-09-01,Explotación de minas y canteras,89.94995080015794,-4.614594524014814
2016-09-01,Hoteles y restaurantes,160.81729678955628,0.7035391402520519
2016-09-01,Impuestos netos de subsidios,161.37890399488316,-4.38939352319514
2016-09-01,Industria manufacturera,135.53528819168034,-3.509334527102226
2016-09-01,Intermediación financiera,171.42517948300028,-5.703655394925045
2016-09-01,"Otras actividades de servicios comunitarios, sociales y personales",142.73430447429877,-0.8519843314346742
2016-09-01,Pesca,199.67529562739975,-4.482397401623494
2016-09-01,Servicios sociales y de salud,172.67102340839523,2.127340437609937
2016-09-01,Transporte y comunicaciones,192.08877330870004,1.6723004869424463
2016-10-01,"Actividades inmobiliarias, empresariales y de alquiler",136.52206270868507,-0.9907200234915536
2016-10-01,Administración pública y defensa; planes de seguridad social de afiliación obligatoria,153.09146514833384,1.294882909253725
2016-10-01,"Agricultura, ganadería, caza y silvicultura",70.83907185983664,1.2552100806885624
2016-10-01,"Comercio mayorista, minorista y reparaciones",154.72633794428555,-6.643776690868453
2016-10-01,Construcción,127.61691509194746,-14.998856015750906
2016-10-01,"Electricidad, gas y agua",135.1726567966539,-4.283785507707238
2016-10-01,Enseñanza,159.19538699910422,1.9820493841700593
2016-10-01,Explotación de minas y canteras,89.97368143545032,-6.45267177027864
2016-10-01,Hoteles y restaurantes,169.97085307699237,2.0498347372206904
2016-10-01,Impuestos netos de subsidios,154.25601273195142,-6.17954073812167
2016-10-01,Industria manufacturera,134.50620999950286,-7.638825706398555
2016-10-01,Intermediación financiera,173.77476774158694,-6.085086223889613
2016-10-01,"Otras actividades de servicios comunitarios, sociales y personales",147.42716354133972,-0.3923151148598758
2016-10-01,Pesca,224.68439524434552,6.331413225072069
2016-10-01,Servicios sociales y de salud,168.26511373934235,2.3189108674164904
2016-10-01,Transporte y comunicaciones,192.3339678689574,2.1371600023947446
2016-11-01,"Actividades inmobiliarias, empresariales y de alquiler",138.50989488670697,0.31271677876032467
2016-11-01,Administración pública y defensa; planes de seguridad social de afiliación obligatoria,153.57791890744792,1.0651510901465322
2016-11-01,"Agricultura, ganadería, caza y silvicultura",86.52813101060659,-0.043169457699521185
2016-11-01,"Comercio mayorista, minorista y reparaciones",164.0502266811485,-1.5333916221600075
2016-11-01,Construcción,133.98802039489777,-9.233185797520138
2016-11-01,"Electricidad, gas y agua",133.68774596120102,0.1594236452342468
2016-11-01,Enseñanza,159.62997447447236,1.9126397812318174
2016-11-01,Explotación de minas y canteras,85.95467537478623,-7.1404958382122246
2016-11-01,Hoteles y restaurantes,169.92110748068967,1.7731761830005466
2016-11-01,Impuestos netos de subsidios,158.5853188888524,-0.28869095445286375
2016-11-01,Industria manufacturera,138.35935223235452,-2.1832620624066212
2016-11-01,Intermediación financiera,174.41734668342573,-5.012774993514646
2016-11-01,"Otras actividades de servicios comunitarios, sociales y personales",145.42770816207323,-0.5907031336469748
2016-11-01,Pesca,127.59210875802214,-24.39177242574042
2016-11-01,Servicios sociales y de salud,168.04041894448414,2.1091184992361622
2016-11-01,Transporte y comunicaciones,194.06793741197112,4.802259952970633
2016-12-01,"Actividades inmobiliarias, empresariales y de alquiler",141.80901337392066,0.8896069504557458
2016-12-01,Administración pública y defensa; planes de seguridad social de afiliación obligatoria,153.873344491065,0.6830906437762962
2016-12-01,"Agricultura, ganadería, caza y silvicultura",93.78779071688967,4.335446357551054
2016-12-01,"Comercio mayorista, minorista y reparaciones",146.69084737088093,0.6458129329603546
2016-12-01,Construcción,130.57980745147267,-5.907149043420867
2016-12-01,"Electricidad, gas y agua",149.41174885515971,-0.21789135445036134
2016-12-01,Enseñanza,159.2214978868482,1.609775382746359
2016-12-01,Explotación de minas y canteras,87.79589607802507,-5.8013196048418365
2016-12-01,Hoteles y restaurantes,171.11609001711702,3.5746791306505488
2016-12-01,Impuestos netos de subsidios,159.69995020406,1.5746088174419137
2016-12-01,Industria manufacturera,130.23504419549147,-1.9916349818720813
2016-12-01,Intermediación financiera,186.22654420828619,-0.7286465232073769
2016-12-01,"Otras actividades de servicios comunitarios, sociales y personales",141.0547489078192,-3.7920349223700356
2016-12-01,Pesca,99.73232676348015,9.856458413465896
2016-12-01,Servicios sociales y de salud,161.12805148181374,1.8463081199128206
2016-12-01,Transporte y comunicaciones,193.27492496015662,5.271903196894079
2017-01-01,"Actividades inmobiliarias, empresariales y de alquiler",132.1858944622914,2.136137134128413
2017-01-01,Administración pública y defensa; planes de seguridad social de afiliación obligatoria,153.21983961448282,0.6384359671186779
2017-01-01,"Agricultura, ganadería, caza y silvicultura",67.3224115195837,4.186675044409371
2017-01-01,"Comercio mayorista, minorista y reparaciones",131.4436540973278,0.6772139020070567
2017-01-01,Construcción,141.26251529425193,-0.2816764299489738
2017-01-01,"Electricidad, gas y agua",155.35605856307802,0.8745780187346064
2017-01-01,Enseñanza,152.72984991614905,0.6253873529977083
2017-01-01,Explotación de minas y canteras,87.08259222651634,-4.203445092917157
2017-01-01,Hoteles y restaurantes,171.3494279462936,0.8420392862674708
2017-01-01,Impuestos netos de subsidios,170.65946658828406,3.0299795133219343
2017-01-01,Industria manufacturera,112.79767423117862,-1.0394520306076238
2017-01-01,Intermediación financiera,184.3479373142579,2.7173290474476364
2017-01-01,"Otras actividades de servicios comunitarios, sociales y personales",151.26339696710514,4.5378480926039355
2017-01-01,Pesca,75.25024940267178,25.273837233193497
2017-01-01,Servicios sociales y de salud,176.6881541595167,2.646493056140087
2017-01-01,Transporte y comunicaciones,195.70876392175643,3.4517569700746265
2017-02-01,"Actividades inmobiliarias, empresariales y de alquiler",132.00783818354506,1.1538112680109291
2017-02-01,Administración pública y defensa; planes de seguridad social de afiliación obligatoria,153.253713367915,0.6143066284566068
2017-02-01,"Agricultura, ganadería, caza y silvicultura",75.17856162529114,7.285579522054775
2017-02-01,"Comercio mayorista, minorista y reparaciones",137.68927272273226,-1.8756468814025151
2017-02-01,Construcción,137.55703756731316,-1.011042380487892
2017-02-01,"Electricidad, gas y agua",141.39020621041064,-3.6733132143834113
2017-02-01,Enseñanza,152.8102185502668,0.31665404003258235
2017-02-01,Explotación de minas y canteras,80.65908288322362,-7.167195328021158
2017-02-01,Hoteles y restaurantes,164.04806807423054,0.23137899046172805
2017-02-01,Impuestos netos de subsidios,153.07531173665504,-2.4216353164818294
2017-02-01,Industria manufacturera,106.79708555073152,-6.496670361681778
2017-02-01,Intermediación financiera,174.22234873977982,0.8957528008305182
2017-02-01,"Otras actividades de servicios comunitarios, sociales y personales",149.81753604251767,1.1054381963035764
2017-02-01,Pesca,161.93415211079707,53.145345644585774
2017-02-01,Servicios sociales y de salud,167.46305903956633,2.4012910102036766
2017-02-01,Transporte y comunicaciones,185.70368883383952,0.8773583524967599
2017-03-01,"Actividades inmobiliarias, empresariales y de alquiler",137.8892140229462,2.641810403343281
2017-03-01,Administración pública y defensa; planes de seguridad social de afiliación obligatoria,153.69388788037543,1.2687517336053444
2017-03-01,"Agricultura, ganadería, caza y silvicultura",142.2213133473714,4.063066797716508
2017-03-01,"Comercio mayorista, minorista y reparaciones",170.9625296227307,-0.5768965307409446
2017-03-01,Construcción,150.99707431759532,7.365237604458774
2017-03-01,"Electricidad, gas y agua",145.6279531904334,3.6573685057573746
2017-03-01,Enseñanza,154.85959660426286,0.6177790205264877
2017-03-01,Explotación de minas y canteras,88.77403954434685,-4.274884640612775
2017-03-01,Hoteles y restaurantes,158.18216890402923,1.1632576321998878
2017-03-01,Impuestos netos de subsidios,168.47608697297645,0.5338125056754572
2017-03-01,Industria manufacturera,130.7408598665095,0.1747625943046449
2017-03-01,Intermediación financiera,186.5040507273038,5.202417424428685
2017-03-01,"Otras actividades de servicios comunitarios, sociales y personales",153.01153967940493,-0.004155280007023254
2017-03-01,Pesca,149.18476720670753,16.413739227853895
2017-03-01,Servicios sociales y de salud,181.5074606944995,2.4477183549862502
2017-03-01,Transporte y comunicaciones,199.75039795788223,3.0228126905661235
2017-04-01,"Actividades inmobiliarias, empresariales y de alquiler",136.14948161710697,1.06561093161619
2017-04-01,Administración pública y defensa; planes de seguridad social de afiliación obligatoria,153.55992906940995,0.89516089713777
2017-04-01,"Agricultura, ganadería, caza y silvicultura",232.02524751721575,4.40109703383138
2017-04-01,"Comercio mayorista, minorista y reparaciones",145.3953627345255,-4.733679450591943
2017-04-01,Construcción,135.14306311513792,7.233629075843306
2017-04-01,"Electricidad, gas y agua",134.23128847186408,-3.08018770730345
2017-04-01,Enseñanza,155.69272558033109,1.166150109592512
2017-04-01,Explotación de minas y canteras,81.57832898017476,-9.761102032969827
2017-04-01,Hoteles y restaurantes,157.52445830757077,3.4996119315438667
2017-04-01,Impuestos netos de subsidios,163.32447571394673,-1.5145474049449659
2017-04-01,Industria manufacturera,122.7044995649865,-5.3881726583962175
2017-04-01,Intermediación financiera,173.9802403021551,0.8760946665419267
2017-04-01,"Otras actividades de servicios comunitarios, sociales y personales",155.1108872734713,5.8824354035542425
2017-04-01,Pesca,104.49852810770236,15.533579418951216
2017-04-01,Servicios sociales y de salud,185.46076228332404,1.8835756760345435
2017-04-01,Transporte y comunicaciones,198.16219685097985,2.393155998550256
2017-05-01,"Actividades inmobiliarias, empresariales y de alquiler",139.87955104985738,2.529785436266807
2017-05-01,Administración pública y defensa; planes de seguridad social de afiliación obligatoria,153.8688560098239,0.8383682699739659
2017-05-01,"Agricultura, ganadería, caza y silvicultura",330.0188116515395,0.08293445404772282
2017-05-01,"Comercio mayorista, minorista y reparaciones",162.93595837716921,5.828022455254467
2017-05-01,Construcción,145.79800030171162,8.622165965571394
2017-05-01,"Electricidad, gas y agua",143.55714481084107,-4.839153221337833
2017-05-01,Enseñanza,157.3192206185635,1.4108390244884639
2017-05-01,Explotación de minas y canteras,88.95842498606198,-4.1603945228937285
2017-05-01,Hoteles y restaurantes,152.29355509337245,3.164732472275622
2017-05-01,Impuestos netos de subsidios,168.4671360375534,4.205817747276996
2017-05-01,Industria manufacturera,133.95855966649935,1.4112600119506435
2017-05-01,Intermediación financiera,176.4228056644468,4.326513635159279
2017-05-01,"Otras actividades de servicios comunitarios, sociales y personales",147.46026218968325,-1.4933236997620836
2017-05-01,Pesca,166.24029768571341,41.772756070161996
2017-05-01,Servicios sociales y de salud,189.0028851984238,1.8281869783180804
2017-05-01,Transporte y comunicaciones,211.9665031673345,3.6666249970159326
2017-06-01,"Actividades inmobiliarias, empresariales y de alquiler",143.20219674216236,3.249450431068679
2017-06-01,Administración pública y defensa; planes de seguridad social de afiliación obligatoria,154.70498531762195,0.7553737582847164
2017-06-01,"Agricultura, ganadería, caza y silvicultura",228.10946345569369,2.585390831916179
2017-06-01,"Comercio mayorista, minorista y reparaciones",168.77888070349218,8.234987631642788
2017-06-01,Construcción,145.92873879187948,13.502977701877139
2017-06-01,"Electricidad, gas y agua",150.02209839595136,1.0907950614821527
2017-06-01,Enseñanza,158.96484949306773,1.1340084742301526
2017-06-01,Explotación de minas y canteras,83.01667791952399,-5.832518751930394
2017-06-01,Hoteles y restaurantes,153.56337089361242,3.749950584648798
2017-06-01,Impuestos netos de subsidios,168.51784586521234,5.510612299221207
2017-06-01,Industria manufacturera,141.51558563667277,12.62072673102399
2017-06-01,Intermediación financiera,181.23451475403056,6.309882938284606
2017-06-01,"Otras actividades de servicios comunitarios, sociales y personales",144.64522730085062,-5.969311362457718
2017-06-01,Pesca,236.05978466105603,10.369710804629806
2017-06-01,Servicios sociales y de salud,194.77256856953738,2.153572206882237
2017-06-01,Transporte y comunicaciones,204.47714349174043,3.386590763418784
2017-07-01,"Actividades inmobiliarias, empresariales y de alquiler",141.32857652113285,3.9537341620736077
2017-07-01,Administración pública y defensa; planes de seguridad social de afiliación obligatoria,154.184351847702,0.45222613718565174
2017-07-01,"Agricultura, ganadería, caza y silvicultura",111.66310475997298,-1.3738525739219076
2017-07-01,"Comercio mayorista, minorista y reparaciones",158.93794185442422,6.864543135311685
2017-07-01,Construcción,146.41156507679182,13.791092183795772
2017-07-01,"Electricidad, gas y agua",151.38972137356166,-1.7502981571219878
2017-07-01,Enseñanza,160.5619075873047,1.7822905948642775
2017-07-01,Explotación de minas y canteras,87.34096470820498,-4.930641216007958
2017-07-01,Hoteles y restaurantes,172.9701819756983,4.832146955153971
2017-07-01,Impuestos netos de subsidios,165.63847843063317,6.235482075929122
2017-07-01,Industria manufacturera,134.67139265887818,5.992914924941561
2017-07-01,Intermediación financiera,181.0519271653847,6.808853713840102
2017-07-01,"Otras actividades de servicios comunitarios, sociales y personales",170.4240661294518,1.531932182243989
2017-07-01,Pesca,249.0958391491055,4.3011893132374635
2017-07-01,Servicios sociales y de salud,178.79407435009838,1.8066008381614873
2017-07-01,Transporte y comunicaciones,201.63994138351015,3.4502601902170804
2017-08-01,"Actividades inmobiliarias, empresariales y de alquiler",142.61599986589326,3.262654378362617
2017-08-01,Administración pública y defensa; planes de seguridad social de afiliación obligatoria,153.62050479063024,0.4793978362117368
2017-08-01,"Agricultura, ganadería, caza y silvicultura",73.0872875117296,3.3693492264220692
2017-08-01,"Comercio mayorista, minorista y reparaciones",164.59469737848852,4.559596640049657
2017-08-01,Construcción,159.34963237810908,10.11736270444934
2017-08-01,"Electricidad, gas y agua",145.70446536182834,0.03645828387641714
2017-08-01,Enseñanza,160.3867491467808,1.7034344541414725
2017-08-01,Explotación de minas y canteras,89.09401333001149,-2.3247826268854688
2017-08-01,Hoteles y restaurantes,168.53489551755075,3.125869341238441
2017-08-01,Impuestos netos de subsidios,170.4671344464706,5.226854941878689
2017-08-01,Industria manufacturera,142.00931325781906,7.002442615916715
2017-08-01,Intermediación financiera,187.47163510756943,5.532947733483251
2017-08-01,"Otras actividades de servicios comunitarios, sociales y personales",150.98685544664556,1.7052188719545391
2017-08-01,Pesca,256.5759879967451,0.8906454136219599
2017-08-01,Servicios sociales y de salud,178.59931863211025,1.6440689329620728
2017-08-01,Transporte y comunicaciones,198.10327414668444,1.583904379869172
2017-09-01,"Actividades inmobiliarias, empresariales y de alquiler",141.22365657404418,3.6143065560492404
2017-09-01,Administración pública y defensa; planes de seguridad social de afiliación obligatoria,153.71529188925055,0.5626217559804969
2017-09-01,"Agricultura, ganadería, caza y silvicultura",64.75275615799247,4.567495282866374
2017-09-01,"Comercio mayorista, minorista y reparaciones",158.96446308704225,1.0862188554127572
2017-09-01,Construcción,151.2544109842616,10.478534055178157
2017-09-01,"Electricidad, gas y agua",136.6844348858204,-2.737422145947821
2017-09-01,Enseñanza,160.917175433162,1.780896260817011
2017-09-01,Explotación de minas y canteras,86.8905966125153,-3.401173831033677
2017-09-01,Hoteles y restaurantes,165.94839894567954,3.1906407199704168
2017-09-01,Impuestos netos de subsidios,172.8551591627844,7.111372604355459
2017-09-01,Industria manufacturera,138.0437427436166,1.8507759753229047
2017-09-01,Intermediación financiera,183.87087680504555,7.260133756067888
2017-09-01,"Otras actividades de servicios comunitarios, sociales y personales",151.67425943446744,6.26335413416923
2017-09-01,Pesca,279.35233955870115,39.90330585511251
2017-09-01,Servicios sociales y de salud,175.650984069227,1.7258023969567216
2017-09-01,Transporte y comunicaciones,195.03246292266329,1.5324631227836116
2017-10-01,"Actividades inmobiliarias, empresariales y de alquiler",143.30765938327383,4.9703297327612805
2017-10-01,Administración pública y defensa; planes de seguridad social de afiliación obligatoria,154.34281277018422,0.8173856201832752
2017-10-01,"Agricultura, ganadería, caza y silvicultura",78.23306205197268,10.437728781605049
2017-10-01,"Comercio mayorista, minorista y reparaciones",167.3964989449352,8.18875517186477
2017-10-01,Construcción,149.59534537475156,17.222192110637312
2017-10-01,"Electricidad, gas y agua",135.19938591714217,0.019774058690336105
2017-10-01,Enseñanza,160.90970377115778,1.0768633465888078
2017-10-01,Explotación de minas y canteras,90.98438709241059,1.1233347806106853
2017-10-01,Hoteles y restaurantes,174.88839714724344,2.893169023528719
2017-10-01,Impuestos netos de subsidios,168.49218487675145,9.228925273427135
2017-10-01,Industria manufacturera,143.00063056651837,6.315262742922356
2017-10-01,Intermediación financiera,188.41988456273165,8.427642868683227
2017-10-01,"Otras actividades de servicios comunitarios, sociales y personales",152.73807495030823,3.6023967913343835
2017-10-01,Pesca,233.1466278355113,3.7662751709850895
2017-10-01,Servicios sociales y de salud,171.22299813333032,1.7578714495566805
2017-10-01,Transporte y comunicaciones,196.66674107966557,2.2527342719099064
2017-11-01,"Actividades inmobiliarias, empresariales y de alquiler",144.16712838885078,4.084353328526524
2017-11-01,Administración pública y defensa; planes de seguridad social de afiliación obligatoria,154.97326476365754,0.908558903608081
2017-11-01,"Agricultura, ganadería, caza y silvicultura",89.01564215206706,2.8748004982975583
2017-11-01,"Comercio mayorista, minorista y reparaciones",178.95232504387556,9.083863316867635
2017-11-01,Construcción,153.73250944974225,14.73601072443067
2017-11-01,"Electricidad, gas y agua",130.47087794107392,-2.4062549615135986
2017-11-01,Enseñanza,161.5475782502302,1.2012805126799586
2017-11-01,Explotación de minas y canteras,87.46634440210916,1.758681561801767
2017-11-01,Hoteles y restaurantes,177.3070685047291,4.346700144288307
2017-11-01,Impuestos netos de subsidios,171.16577461524807,7.932925831055582
2017-11-01,Industria manufacturera,145.22419444334022,4.961603317900187
2017-11-01,Intermediación financiera,188.17634137579927,7.888547185244499
2017-11-01,"Otras actividades de servicios comunitarios, sociales y personales",148.4072606047819,2.0488203247953862
2017-11-01,Pesca,125.65673661138096,-1.516843138247359
2017-11-01,Servicios sociales y de salud,171.3808239652409,1.9878580651839117
2017-11-01,Transporte y comunicaciones,196.7828235149012,1.398935928899414
2017-12-01,"Actividades inmobiliarias, empresariales y de alquiler",146.47261089997357,3.2886467616525694
2017-12-01,Administración pública y defensa; planes de seguridad social de afiliación obligatoria,155.322935569003,0.9420677003755928
2017-12-01,"Agricultura, ganadería, caza y silvicultura",96.78814314978365,3.19908637356745
2017-12-01,"Comercio mayorista, minorista y reparaciones",148.5941933649424,1.2975219846192765
2017-12-01,Construcción,143.22140612013115,9.681128281152107
2017-12-01,"Electricidad, gas y agua",150.41656245527804,0.6725131107945259
2017-12-01,Enseñanza,161.57786217558566,1.4799284770025345
2017-12-01,Explotación de minas y canteras,88.67300171808765,0.9990280630920223
2017-12-01,Hoteles y restaurantes,176.7328001552801,3.2823974283197055
2017-12-01,Impuestos netos de subsidios,166.39855116553127,4.194491578057469
2017-12-01,Industria manufacturera,132.85984722356457,2.0154352803329223
2017-12-01,Intermediación financiera,193.79796340250812,4.065703536738363
2017-12-01,"Otras actividades de servicios comunitarios, sociales y personales",145.03062576633127,2.818676357440708
2017-12-01,Pesca,89.34670334606393,-10.413497563379027
2017-12-01,Servicios sociales y de salud,164.18546355701702,1.8975045295253068
2017-12-01,Transporte y comunicaciones,192.9677050150863,-0.15895489036338306
2018-01-01,"Actividades inmobiliarias, empresariales y de alquiler",138.25988543343638,4.595037160245341
2018-01-01,Administración pública y defensa; planes de seguridad social de afiliación obligatoria,155.000125542695,1.1619160630187197
2018-01-01,"Agricultura, ganadería, caza y silvicultura",68.41058551503858,1.6163621755265423
2018-01-01,"Comercio mayorista, minorista y reparaciones",142.24539214580764,8.217770665810665
2018-01-01,Construcción,157.05481344408858,11.179397532983938
2018-01-01,"Electricidad, gas y agua",154.80273576054867,-0.35616428972718994
2018-01-01,Enseñanza,156.22569019364468,2.2889044148310944
2018-01-01,Explotación de minas y canteras,87.85987801953311,0.8925845833745116
2018-01-01,Hoteles y restaurantes,177.3312091113054,3.4909840299476746
2018-01-01,Impuestos netos de subsidios,180.41271541391936,5.715035339448837
2018-01-01,Industria manufacturera,116.91612257988122,3.651181974073192
2018-01-01,Intermediación financiera,195.27434666443148,5.927058099677751
2018-01-01,"Otras actividades de servicios comunitarios, sociales y personales",158.692105787694,4.911108020537425
2018-01-01,Pesca,126.0062966273015,67.4496730941434
2018-01-01,Servicios sociales y de salud,180.51068233912048,2.1634320635625315
2018-01-01,Transporte y comunicaciones,197.70617941747707,1.02060605549541
2018-02-01,"Actividades inmobiliarias, empresariales y de alquiler",137.5828432857369,4.223237937159685
2018-02-01,Administración pública y defensa; planes de seguridad social de afiliación obligatoria,154.60910367633375,0.8844094401581515
2018-02-01,"Agricultura, ganadería, caza y silvicultura",74.74917578581827,-0.5711546352975438
2018-02-01,"Comercio mayorista, minorista y reparaciones",150.99237342824637,9.661682745832234
2018-02-01,Construcción,151.26991374844823,9.968865587429288
2018-02-01,"Electricidad, gas y agua",144.2539889821906,2.025446350589677
2018-02-01,Enseñanza,156.51498904423008,2.4244258853308276
2018-02-01,Explotación de minas y canteras,81.76605513880965,1.372408681101267
2018-02-01,Hoteles y restaurantes,169.5066830724903,3.327448510877784
2018-02-01,Impuestos netos de subsidios,162.98069796456872,6.470923439930365
2018-02-01,Industria manufacturera,112.84132048842773,5.659550451706874
2018-02-01,Intermediación financiera,188.19369827537972,8.019263680383304
2018-02-01,"Otras actividades de servicios comunitarios, sociales y personales",150.65694149739718,0.5602851822641641
2018-02-01,Pesca,161.9311399130128,-0.0018601374355053935
2018-02-01,Servicios sociales y de salud,170.62867572761832,1.890337311528545
2018-02-01,Transporte y comunicaciones,186.50327603081317,0.43057152068157745
2018-03-01,"Actividades inmobiliarias, empresariales y de alquiler",142.45800579244317,3.313378643768816
2018-03-01,Administración pública y defensa; planes de seguridad social de afiliación obligatoria,154.34971843780926,0.4267121916678107
2018-03-01,"Agricultura, ganadería, caza y silvicultura",144.65148039618302,1.708722125829354
2018-03-01,"Comercio mayorista, minorista y reparaciones",176.13427723398638,3.0250766777190075
2018-03-01,Construcción,158.42384085245033,4.918483731170942
2018-03-01,"Electricidad, gas y agua",145.02590988524318,-0.413411911656103
2018-03-01,Enseñanza,158.79495698801952,2.541244114055985
2018-03-01,Explotación de minas y canteras,89.91284621148944,1.282814968190893
2018-03-01,Hoteles y restaurantes,166.3910058670995,5.18948312565537
2018-03-01,Impuestos netos de subsidios,176.7248132020313,4.896081323623069
2018-03-01,Industria manufacturera,133.2775281473699,1.940226095690667
2018-03-01,Intermediación financiera,192.16430365422215,3.034922246913818
2018-03-01,"Otras actividades de servicios comunitarios, sociales y personales",146.38801312082722,-4.328775837728028
2018-03-01,Pesca,153.50795774048012,2.8978766496866593
2018-03-01,Servicios sociales y de salud,185.4404352917337,2.1668390831900197
2018-03-01,Transporte y comunicaciones,199.241474502233,-0.2547796954860404
2018-04-01,"Actividades inmobiliarias, empresariales y de alquiler",143.77579997393636,5.601430329552692
2018-04-01,Administración pública y defensa; planes de seguridad social de afiliación obligatoria,153.6606354162257,0.06558113658037268
2018-04-01,"Agricultura, ganadería, caza y silvicultura",163.28540390718268,-29.626018868887417
2018-04-01,"Comercio mayorista, minorista y reparaciones",154.99199956277877,6.600373387269287
2018-04-01,Construcción,147.52747475546238,9.163926993258475
2018-04-01,"Electricidad, gas y agua",138.2944731428386,3.0270026587923216
2018-04-01,Enseñanza,159.64526151580114,2.538677334305328
2018-04-01,Explotación de minas y canteras,86.70221506442336,6.280940230454846
2018-04-01,Hoteles y restaurantes,159.05711431700018,0.9729638342490743
2018-04-01,Impuestos netos de subsidios,168.74072498052496,3.31625082089011
2018-04-01,Industria manufacturera,126.92521259893212,3.4397377837886545
2018-04-01,Intermediación financiera,192.4148323449706,10.595796402395896
2018-04-01,"Otras actividades de servicios comunitarios, sociales y personales",148.29723230022162,-4.392763843350799
2018-04-01,Pesca,111.09893467139223,6.316267495066641
2018-04-01,Servicios sociales y de salud,188.89673452825426,1.8526680267177742
2018-04-01,Transporte y comunicaciones,195.48271102645484,-1.3521680053537266
2018-05-01,"Actividades inmobiliarias, empresariales y de alquiler",145.63616655253645,4.1154089067866995
2018-05-01,Administración pública y defensa; planes de seguridad social de afiliación obligatoria,153.79909193069713,-0.045339960883516994
2018-05-01,"Agricultura, ganadería, caza y silvicultura",223.6842466380001,-32.22075871414749
2018-05-01,"Comercio mayorista, minorista y reparaciones",162.75819199624294,-0.1091019948554095
2018-05-01,Construcción,153.4172292068147,5.225880251674231
2018-05-01,"Electricidad, gas y agua",141.7818477160453,-1.236648372419924
2018-05-01,Enseñanza,160.68353459504024,2.1385269792518757
2018-05-01,Explotación de minas y canteras,91.38780578884744,2.7309170583518005
2018-05-01,Hoteles y restaurantes,153.29865529767667,0.6599755345444436
2018-05-01,Impuestos netos de subsidios,167.04690981205852,-0.8430286516999286
2018-05-01,Industria manufacturera,132.8971186424711,-0.7923652110554125
2018-05-01,Intermediación financiera,195.4612915024855,10.791397272215232
2018-05-01,"Otras actividades de servicios comunitarios, sociales y personales",152.65380327938416,3.5219936629573345
2018-05-01,Pesca,130.95942520223937,-21.22281599265089
2018-05-01,Servicios sociales y de salud,192.9833508550298,2.1060343350987054
2018-05-01,Transporte y comunicaciones,200.86209049100145,-5.238758252084197
2018-06-01,"Actividades inmobiliarias, empresariales y de alquiler",145.56857157127055,1.6524710395112718
2018-06-01,Administración pública y defensa; planes de seguridad social de afiliación obligatoria,154.6243215201875,-0.05214039952807781
2018-06-01,"Agricultura, ganadería, caza y silvicultura",149.95151842926992,-34.263350517066385
2018-06-01,"Comercio mayorista, minorista y reparaciones",155.6626005563789,-7.771280442459938
2018-06-01,Construcción,148.5930734595921,1.8257779034960508
2018-06-01,"Electricidad, gas y agua",156.6547621607609,4.421124511472985
2018-06-01,Enseñanza,162.14250251109902,1.9989658268256827
2018-06-01,Explotación de minas y canteras,87.07736275254575,4.891408491385518
2018-06-01,Hoteles y restaurantes,149.72378013333596,-2.5003298234033244
2018-06-01,Impuestos netos de subsidios,161.23535730067448,-4.321493980146585
2018-06-01,Industria manufacturera,130.764322442843,-7.5972290581707185
2018-06-01,Intermediación financiera,190.45934695399885,5.089997461293794
2018-06-01,"Otras actividades de servicios comunitarios, sociales y personales",153.8869679577416,6.389246869285836
2018-06-01,Pesca,197.33838666574076,-16.40321668975213
2018-06-01,Servicios sociales y de salud,198.75764158251457,2.0460134824141996
2018-06-01,Transporte y comunicaciones,192.5748648665537,-5.820835728599427
2018-07-01,"Actividades inmobiliarias, empresariales y de alquiler",142.63268314885582,0.9227480102213859
2018-07-01,Administración pública y defensa; planes de seguridad social de afiliación obligatoria,153.93322748209354,-0.1628727964926746
2018-07-01,"Agricultura, ganadería, caza y silvicultura",105.72292884082468,-5.319730211619222
2018-07-01,"Comercio mayorista, minorista y reparaciones",149.18166775534525,-6.138417287430986
2018-07-01,Construcción,147.46881549498477,0.7221085422032258
2018-07-01,"Electricidad, gas y agua",155.95630794997496,3.0164442704435857
2018-07-01,Enseñanza,162.59416206110498,1.2657139569018039
2018-07-01,Explotación de minas y canteras,88.86153684061388,1.74096099978851
2018-07-01,Hoteles y restaurantes,167.9522531138199,-2.9010369328185126
2018-07-01,Impuestos netos de subsidios,158.48581304608524,-4.3182390060068965
2018-07-01,Industria manufacturera,126.69519913772085,-5.92270812952902
2018-07-01,Intermediación financiera,194.2468273301748,7.287909259721381
2018-07-01,"Otras actividades de servicios comunitarios, sociales y personales",172.1810691968345,1.0309594808330047
2018-07-01,Pesca,265.74333385122964,6.683168518185956
2018-07-01,Servicios sociales y de salud,181.29587678585006,1.3992647378530343
2018-07-01,Transporte y comunicaciones,194.02594039331333,-3.776038089455369
2018-08-01,"Actividades inmobiliarias, empresariales y de alquiler",142.9192124562309,0.21260769522546408
2018-08-01,Administración pública y defensa; planes de seguridad social de afiliación obligatoria,153.18917310710128,-0.28077741582532845
2018-08-01,"Agricultura, ganadería, caza y silvicultura",74.54874503545636,1.999605640710378
2018-08-01,"Comercio mayorista, minorista y reparaciones",155.40730042480422,-5.5818304599192015
2018-08-01,Construcción,159.8704649132975,0.326848909166344
2018-08-01,"Electricidad, gas y agua",149.15309211867503,2.3668641508568067
2018-08-01,Enseñanza,162.6618166177855,1.4184884244537121
2018-08-01,Explotación de minas y canteras,87.8709948307419,-1.3727280358775906
2018-08-01,Hoteles y restaurantes,165.44204368160015,-1.8351403289228685
2018-08-01,Impuestos netos de subsidios,166.24226414410344,-2.4784075335611555
2018-08-01,Industria manufacturera,135.05007757273418,-4.900548791789683
2018-08-01,Intermediación financiera,200.0207816062915,6.693890780608758
2018-08-01,"Otras actividades de servicios comunitarios, sociales y personales",153.66321999519002,1.7725811565697525
2018-08-01,Pesca,292.7377887775218,14.093992607459228
2018-08-01,Servicios sociales y de salud,180.83177194110107,1.249978625948378
2018-08-01,Transporte y comunicaciones,191.34898576419158,-3.4094784205796036
2018-09-01,"Actividades inmobiliarias, empresariales y de alquiler",138.2164937484184,-2.129361962844456
2018-09-01,Administración pública y defensa; planes de seguridad social de afiliación obligatoria,153.50451965707128,-0.13711858435732083
2018-09-01,"Agricultura, ganadería, caza y silvicultura",65.38672107481271,0.9790547220467571
2018-09-01,"Comercio mayorista, minorista y reparaciones",139.5457466259357,-12.215759474791344
2018-09-01,Construcción,147.83184768067883,-2.2627857801375995
2018-09-01,"Electricidad, gas y agua",132.4027770258923,-3.132513123022951
2018-09-01,Enseñanza,163.11509661954386,1.365871095155291
2018-09-01,Explotación de minas y canteras,86.34973471047248,-0.6224631008747372
2018-09-01,Hoteles y restaurantes,160.66081490880808,-3.1862820433731787
2018-09-01,Impuestos netos de subsidios,156.10352817135922,-9.691137408082518
2018-09-01,Industria manufacturera,122.10301610478807,-11.547590873738223
2018-09-01,Intermediación financiera,187.79691861903822,2.135216779411664
2018-09-01,"Otras actividades de servicios comunitarios, sociales y personales",145.5472798806957,-4.039564509242899
2018-09-01,Pesca,291.2042355390393,4.242633514027783
2018-09-01,Servicios sociales y de salud,177.7779866543974,1.2109255159835186
2018-09-01,Transporte y comunicaciones,185.24914357522312,-5.016251756672718
2018-10-01,"Actividades inmobiliarias, empresariales y de alquiler",141.77821454475088,-1.0672457041758454
2018-10-01,Administración pública y defensa; planes de seguridad social de afiliación obligatoria,153.94433175777752,-0.25817918259662953
2018-10-01,"Agricultura, ganadería, caza y silvicultura",78.62835587865521,0.5052772016259865
2018-10-01,"Comercio mayorista, minorista y reparaciones",150.08189792730315,-10.343466635659837
2018-10-01,Construcción,143.65506637393452,-3.970898282921864
2018-10-01,"Electricidad, gas y agua",133.40592402333138,-1.3265310945346442
2018-10-01,Enseñanza,163.41777832588284,1.558684464606297
2018-10-01,Explotación de minas y canteras,88.61135102378434,-2.6081794299674943
2018-10-01,Hoteles y restaurantes,170.70566747118352,-2.3916564759515535
2018-10-01,Impuestos netos de subsidios,157.71444635707087,-6.396580664892126
2018-10-01,Industria manufacturera,132.12457232201723,-7.605601598688072
2018-10-01,Intermediación financiera,183.94057385992028,-2.3773025406562454
2018-10-01,"Otras actividades de servicios comunitarios, sociales y personales",146.22909918513145,-4.261527957121636
2018-10-01,Pesca,304.67513257225954,30.679622262095396
2018-10-01,Servicios sociales y de salud,172.81474439941405,0.929633450784606
2018-10-01,Transporte y comunicaciones,188.98012715480544,-3.9084462795600183
2018-11-01,"Actividades inmobiliarias, empresariales y de alquiler",140.65962200128024,-2.432944615578403
2018-11-01,Administración pública y defensa; planes de seguridad social de afiliación obligatoria,154.6098803647041,-0.23448199243115697
2018-11-01,"Agricultura, ganadería, caza y silvicultura",90.21847247019386,1.3512572499021935
2018-11-01,"Comercio mayorista, minorista y reparaciones",150.9421643448017,-15.65230331162577
2018-11-01,Construcción,138.5751864867747,-9.859543057756914
2018-11-01,"Electricidad, gas y agua",131.16247183524933,0.530075297330157
2018-11-01,Enseñanza,163.77554341932498,1.3791386990919419
2018-11-01,Explotación de minas y canteras,84.96184432409,-2.863387163530262
2018-11-01,Hoteles y restaurantes,171.76121811084047,-3.127822506264444
2018-11-01,Impuestos netos de subsidios,154.55810597019706,-9.702680738823089
2018-11-01,Industria manufacturera,125.61743186954743,-13.501030354444454
2018-11-01,Intermediación financiera,175.22018005477423,-6.8851170270925905
2018-11-01,"Otras actividades de servicios comunitarios, sociales y personales",140.53453580950367,-5.304811074064498
2018-11-01,Pesca,121.77853423868332,-3.0863465638867993
2018-11-01,Servicios sociales y de salud,172.97873742258884,0.9323758751866196
2018-11-01,Transporte y comunicaciones,185.8036651365629,-5.579327596906303
2018-12-01,"Actividades inmobiliarias, empresariales y de alquiler",143.02343154722197,-2.3548288868197043
2018-12-01,Administración pública y defensa; planes de seguridad social de afiliación obligatoria,154.65162837650627,-0.4322009431752538
2018-12-01,"Agricultura, ganadería, caza y silvicultura",101.88140020348726,5.262273753740243
2018-12-01,"Comercio mayorista, minorista y reparaciones",130.73588031805235,-12.018176916934188
2018-12-01,Construcción,126.29685526366366,-11.817053969063485
2018-12-01,"Electricidad, gas y agua",139.27955737153832,-7.404108232463424
2018-12-01,Enseñanza,163.41870060031732,1.139288761433943
2018-12-01,Explotación de minas y canteras,87.9743361569746,-0.7879123832237767
2018-12-01,Hoteles y restaurantes,173.11375650668802,-2.0477487175059372
2018-12-01,Impuestos netos de subsidios,151.7596795783343,-8.797475389454801
2018-12-01,Industria manufacturera,112.98595128363004,-14.958541918607304
2018-12-01,Intermediación financiera,186.17235171400895,-3.9348255031252166
2018-12-01,"Otras actividades de servicios comunitarios, sociales y personales",136.75055476028646,-5.709187947230809
2018-12-01,Pesca,84.64320188538568,-5.264325693652427
2018-12-01,Servicios sociales y de salud,165.6490743485842,0.891437499921488
2018-12-01,Transporte y comunicaciones,183.89362310391346,-4.70238370221765
2019-01-01,"Actividades inmobiliarias, empresariales y de alquiler",135.46439208386772,-2.021912097500267
2019-01-01,Administración pública y defensa; planes de seguridad social de afiliación obligatoria,154.0069130544174,-0.6407817314986741
2019-01-01,"Agricultura, ganadería, caza y silvicultura",73.18576531731493,6.980176775751512
2019-01-01,"Comercio mayorista, minorista y reparaciones",126.0838692956592,-11.361719776189439
2019-01-01,Construcción,143.04784668962108,-8.918521150231395
2019-01-01,"Electricidad, gas y agua",145.7274142989191,-5.862507155989438
2019-01-01,Enseñanza,157.12760518547213,0.577315415095625
2019-01-01,Explotación de minas y canteras,87.57969840470805,-0.31889369885395036
2019-01-01,Hoteles y restaurantes,174.1136177647323,-1.8144529452531533
2019-01-01,Impuestos netos de subsidios,165.6003746886588,-8.210253191565087
2019-01-01,Industria manufacturera,104.68365673103013,-10.462599664553052
2019-01-01,Intermediación financiera,180.72897301067087,-7.448686374947167
2019-01-01,"Otras actividades de servicios comunitarios, sociales y personales",155.77626281329506,-1.8374215654431425
2019-01-01,Pesca,151.20329737368874,19.996620344231175
2019-01-01,Servicios sociales y de salud,180.22748793691525,-0.156885120888961
2019-01-01,Transporte y comunicaciones,186.72563419086612,-5.553971686147651
2019-02-01,"Actividades inmobiliarias, empresariales y de alquiler",136.9970184054754,-0.4257979165649739
2019-02-01,Administración pública y defensa; planes de seguridad social de afiliación obligatoria,154.22836356193034,-0.2462598290463358
2019-02-01,"Agricultura, ganadería, caza y silvicultura",77.2759838058889,3.3803824503841895
2019-02-01,"Comercio mayorista, minorista y reparaciones",134.55896335878924,-10.883602725316788
2019-02-01,Construcción,147.53475064171428,-2.469204228505928
2019-02-01,"Electricidad, gas y agua",138.26367176213247,-4.152618074774828
2019-02-01,Enseñanza,157.80720309720408,0.825616805690621
2019-02-01,Explotación de minas y canteras,81.67892569728649,-0.10655942906289129
2019-02-01,Hoteles y restaurantes,164.17641236864702,-3.144578495211159
2019-02-01,Impuestos netos de subsidios,151.86869243308877,-6.817988676116515
2019-02-01,Industria manufacturera,103.94713143270178,-7.882032058139621
2019-02-01,Intermediación financiera,170.32450860453662,-9.495105221161815
2019-02-01,"Otras actividades de servicios comunitarios, sociales y personales",145.96069581707212,-3.1171784277900016
2019-02-01,Pesca,165.78242593462429,2.3783479963645826
2019-02-01,Servicios sociales y de salud,171.50270268431387,0.5122391960017403
2019-02-01,Transporte y comunicaciones,179.081587415651,-3.9793878011751382
2019-03-01,"Actividades inmobiliarias, empresariales y de alquiler",138.1319397260399,-3.0367307490645534
2019-03-01,Administración pública y defensa; planes de seguridad social de afiliación obligatoria,154.18885931159429,-0.10421731107970178
2019-03-01,"Agricultura, ganadería, caza y silvicultura",160.53001434688164,10.977097439451878
2019-03-01,"Comercio mayorista, minorista y reparaciones",148.50865435297695,-15.684410391232396
2019-03-01,Construcción,148.0732417982313,-6.533485742123357
2019-03-01,"Electricidad, gas y agua",134.77682586115088,-7.067071002831316
2019-03-01,Enseñanza,160.27433418660866,0.9316273177999879
2019-03-01,Explotación de minas y canteras,88.53937343408204,-1.527560115466453
2019-03-01,Hoteles y restaurantes,160.53687602041313,-3.5182970474751496
2019-03-01,Impuestos netos de subsidios,156.17880238019313,-11.625990968427292
2019-03-01,Industria manufacturera,114.97590965519208,-13.731961229008572
2019-03-01,Intermediación financiera,171.23679876592522,-10.890422669734544
2019-03-01,"Otras actividades de servicios comunitarios, sociales y personales",143.29843266751175,-2.110541968190638
2019-03-01,Pesca,154.7377802692036,0.8011457821636814
2019-03-01,Servicios sociales y de salud,185.69604135576427,0.13783728647338567
2019-03-01,Transporte y comunicaciones,191.4807469991102,-3.8951365535270677
2019-04-01,"Actividades inmobiliarias, empresariales y de alquiler",140.6795801631668,-2.1535055352366883
2019-04-01,Administración pública y defensa; planes de seguridad social de afiliación obligatoria,154.4040044728268,0.4837732543455431
2019-04-01,"Agricultura, ganadería, caza y silvicultura",230.9943282073848,41.46661163828844
2019-04-01,"Comercio mayorista, minorista y reparaciones",138.44365918428167,-10.67689972719803
2019-04-01,Construcción,140.97351550338396,-4.442534695955502
2019-04-01,"Electricidad, gas y agua",129.25098674568923,-6.539297046100123
2019-04-01,Enseñanza,160.43088847596317,0.49210791018954314
2019-04-01,Explotación de minas y canteras,87.08293773601315,0.43911527670532635
2019-04-01,Hoteles y restaurantes,156.29459486217505,-1.7368097407573058
2019-04-01,Impuestos netos de subsidios,158.1198938458121,-6.294171804665794
2019-04-01,Industria manufacturera,115.9205402175479,-8.670202047372278
2019-04-01,Intermediación financiera,172.3519318126518,-10.426899157310832
2019-04-01,"Otras actividades de servicios comunitarios, sociales y personales",143.32743378616414,-3.3512415821735253
2019-04-01,Pesca,153.1433062279687,37.8440816565299
2019-04-01,Servicios sociales y de salud,188.22823627179042,-0.3538961423199427
2019-04-01,Transporte y comunicaciones,193.79682917463413,-0.8624199260222842
2019-05-01,"Actividades inmobiliarias, empresariales y de alquiler",142.78539303214035,-1.9574626192647826
2019-05-01,Administración pública y defensa; planes de seguridad social de afiliación obligatoria,155.090990775452,0.839991204458479
2019-05-01,"Agricultura, ganadería, caza y silvicultura",341.8236001347074,52.815231860247366
2019-05-01,"Comercio mayorista, minorista y reparaciones",147.06336216115645,-9.643035255299958
2019-05-01,Construcción,149.71585574088587,-2.412619159572482
2019-05-01,"Electricidad, gas y agua",138.4585933868259,-2.34392087756895
2019-05-01,Enseñanza,161.79533456795377,0.6919190418081866
2019-05-01,Explotación de minas y canteras,92.88890660205008,1.6425613901606795
2019-05-01,Hoteles y restaurantes,153.3893833313326,0.059183841815024785
2019-05-01,Impuestos netos de subsidios,165.8300680948789,-0.7284431172948191
2019-05-01,Industria manufacturera,124.19559094419756,-6.547566860108523
2019-05-01,Intermediación financiera,165.46068072311968,-15.348619948612342
2019-05-01,"Otras actividades de servicios comunitarios, sociales y personales",147.19862690334057,-3.5735607360267596
2019-05-01,Pesca,92.2058205550377,-29.592069900547322
2019-05-01,Servicios sociales y de salud,192.6399473203551,-0.17794464297217205
2019-05-01,Transporte y comunicaciones,205.1779543023548,2.148670165088573
2019-06-01,"Actividades inmobiliarias, empresariales y de alquiler",142.38268186145936,-2.188583480226969
2019-06-01,Administración pública y defensa; planes de seguridad social de afiliación obligatoria,155.8430040229532,0.7881570575600572
2019-06-01,"Agricultura, ganadería, caza y silvicultura",222.81868563239235,48.59381749941589
2019-06-01,"Comercio mayorista, minorista y reparaciones",143.7474809463243,-7.654452365222508
2019-06-01,Construcción,138.21166413869122,-6.986469206940493
2019-06-01,"Electricidad, gas y agua",137.80275579191326,-12.034109980966612
2019-06-01,Enseñanza,162.68992123466077,0.33761581021871656
2019-06-01,Explotación de minas y canteras,88.5519287218875,1.6933975981015204
2019-06-01,Hoteles y restaurantes,152.47085602995517,1.834762583587457
2019-06-01,Impuestos netos de subsidios,152.08877908155404,-5.672811703492398
2019-06-01,Industria manufacturera,121.49948339487435,-7.085142854633231
2019-06-01,Intermediación financiera,161.6561452050448,-15.123018223889439
2019-06-01,"Otras actividades de servicios comunitarios, sociales y personales",151.1298507073872,-1.7916509025712513
2019-06-01,Pesca,180.82637231905926,-8.36736056561067
2019-06-01,Servicios sociales y de salud,198.35540240518495,-0.2023767107151131
2019-06-01,Transporte y comunicaciones,196.71574344275098,2.1502694960044533
2019-07-01,"Actividades inmobiliarias, empresariales y de alquiler",143.1073580446707,0.3327953210551904
2019-07-01,Administración pública y defensa; planes de seguridad social de afiliación obligatoria,155.34152482572213,0.9148754733882436
2019-07-01,"Agricultura, ganadería, caza y silvicultura",126.84834872112269,19.981871588238185
2019-07-01,"Comercio mayorista, minorista y reparaciones",144.9240334898253,-2.8539929400054564
2019-07-01,Construcción,146.97197824912735,-0.3369100403971981
2019-07-01,"Electricidad, gas y agua",151.3804777034971,-2.9340462765671704
2019-07-01,Enseñanza,163.99845521375468,0.8636799346596113
2019-07-01,Explotación de minas y canteras,91.64798142133563,3.1357150458917182
2019-07-01,Hoteles y restaurantes,174.45205835601115,3.870031584385103
2019-07-01,Impuestos netos de subsidios,161.21255132502213,1.7204936054080688
2019-07-01,Industria manufacturera,124.97872152432208,-1.3548087260456532
2019-07-01,Intermediación financiera,167.80249033011398,-13.613780653988005
2019-07-01,"Otras actividades de servicios comunitarios, sociales y personales",169.72023419228395,-1.4292134530407452
2019-07-01,Pesca,252.48144388084782,-4.990488294922269
2019-07-01,Servicios sociales y de salud,181.59044880972039,0.1624813697325811
2019-07-01,Transporte y comunicaciones,196.24650055433756,1.1444656093524852
2019-08-01,"Actividades inmobiliarias, empresariales y de alquiler",141.6065982495351,-0.9184308982235545
2019-08-01,Administración pública y defensa; planes de seguridad social de afiliación obligatoria,155.28949682336327,1.371065378617553
2019-08-01,"Agricultura, ganadería, caza y silvicultura",78.02068368993574,4.657273107452142
2019-08-01,"Comercio mayorista, minorista y reparaciones",142.462164880621,-8.329811732652082
2019-08-01,Construcción,155.85520443342637,-2.511571153589076
2019-08-01,"Electricidad, gas y agua",142.85760162932212,-4.220824657355305
2019-08-01,Enseñanza,163.5652188697805,0.5553867962250658
2019-08-01,Explotación de minas y canteras,91.40403717979649,4.020715090184157
2019-08-01,Hoteles y restaurantes,167.04200402634552,0.9670820724534623
2019-08-01,Impuestos netos de subsidios,158.5230922527591,-4.643326972888873
2019-08-01,Industria manufacturera,125.63402242055093,-6.972269339950598
2019-08-01,Intermediación financiera,169.2789543126373,-15.36931665138901
2019-08-01,"Otras actividades de servicios comunitarios, sociales y personales",146.84812451965638,-4.43508568657286
2019-08-01,Pesca,290.3904620920158,-0.8018529808906716
2019-08-01,Servicios sociales y de salud,181.1995995931543,0.2034087528451689
2019-08-01,Transporte y comunicaciones,190.16926665678744,-0.6165274943542021
2019-09-01,"Actividades inmobiliarias, empresariales y de alquiler",139.90912286926095,1.2246216605114268
2019-09-01,Administración pública y defensa; planes de seguridad social de afiliación obligatoria,155.83681588677308,1.5193664883041524
2019-09-01,"Agricultura, ganadería, caza y silvicultura",70.80070875709316,8.279949802171593
2019-09-01,"Comercio mayorista, minorista y reparaciones",132.47229447436968,-5.06891275627842
2019-09-01,Construcción,142.63127951074412,-3.517894318122905
2019-09-01,"Electricidad, gas y agua",132.25951012263232,-0.10820536130595748
2019-09-01,Enseñanza,164.33650544951135,0.7488018309037114
2019-09-01,Explotación de minas y canteras,88.26736212549979,2.220768160385256
2019-09-01,Hoteles y restaurantes,162.67783644601127,1.2554533215507924
2019-09-01,Impuestos netos de subsidios,153.82150996466854,-1.461862030552985
2019-09-01,Industria manufacturera,115.98558605583622,-5.01005646224325
2019-09-01,Intermediación financiera,159.65746778591722,-14.983978991798175
2019-09-01,"Otras actividades de servicios comunitarios, sociales y personales",141.19439257439052,-2.990703302647235
2019-09-01,Pesca,163.407036580642,-43.88576241751285
2019-09-01,Servicios sociales y de salud,178.1549587134101,0.2120465340545996
2019-09-01,Transporte y comunicaciones,187.02830354279044,0.960414678972521
2019-10-01,"Actividades inmobiliarias, empresariales y de alquiler",141.7621148402499,-0.011355555966541253
2019-10-01,Administración pública y defensa; planes de seguridad social de afiliación obligatoria,156.8598855827881,1.8939013809212923
2019-10-01,"Agricultura, ganadería, caza y silvicultura",80.63703911920022,2.5546550199332163
2019-10-01,"Comercio mayorista, minorista y reparaciones",147.21554778337918,-1.909857340231913
2019-10-01,Construcción,135.88939084128418,-5.40577908504547
2019-10-01,"Electricidad, gas y agua",136.86507478183964,2.5929513879033417
2019-10-01,Enseñanza,163.90944722322106,0.30086622298692856
2019-10-01,Explotación de minas y canteras,90.8762992398933,2.556047492720226
2019-10-01,Hoteles y restaurantes,172.5386185437027,1.073749395478396
2019-10-01,Impuestos netos de subsidios,159.84744922453868,1.35244609275591
2019-10-01,Industria manufacturera,129.67809693120154,-1.8516429970748205
2019-10-01,Intermediación financiera,167.62331986301825,-8.870937854814132
2019-10-01,"Otras actividades de servicios comunitarios, sociales y personales",137.03168240951408,-6.289730858543486
2019-10-01,Pesca,220.8036295499586,-27.528174785452574
2019-10-01,Servicios sociales y de salud,173.06342224309213,0.14389851082574623
2019-10-01,Transporte y comunicaciones,188.75553168151833,-0.11884608009768982
2019-11-01,"Actividades inmobiliarias, empresariales y de alquiler",140.14956643922426,-0.362616900855417
2019-11-01,Administración pública y defensa; planes de seguridad social de afiliación obligatoria,156.93828195469393,1.5059849891206456
2019-11-01,"Agricultura, ganadería, caza y silvicultura",90.99893886515034,0.8650849139729466
2019-11-01,"Comercio mayorista, minorista y reparaciones",142.8963094329232,-5.330422381846278
2019-11-01,Construcción,133.81928769622144,-3.4319988384119204
2019-11-01,"Electricidad, gas y agua",136.73288762821088,4.246958535486001
2019-11-01,Enseñanza,164.1209014419811,0.2108727685744105
2019-11-01,Explotación de minas y canteras,86.66774777628373,2.0078465407206814
2019-11-01,Hoteles y restaurantes,173.1473031061288,0.8069836779999173
2019-11-01,Impuestos netos de subsidios,152.80596480784732,-1.1336455964901626
2019-11-01,Industria manufacturera,119.7182794912256,-4.696125601777979
2019-11-01,Intermediación financiera,161.07202668398338,-8.074499961344694
2019-11-01,"Otras actividades de servicios comunitarios, sociales y personales",135.56057171728656,-3.5393179787204576
2019-11-01,Pesca,94.71695210953402,-22.221964074644863
2019-11-01,Servicios sociales y de salud,172.96872013390708,-0.005791052028136789
2019-11-01,Transporte y comunicaciones,185.71227651077385,-0.04918558830466768
2019-12-01,"Actividades inmobiliarias, empresariales y de alquiler",143.7164096157423,0.4845206558280024
2019-12-01,Administración pública y defensa; planes de seguridad social de afiliación obligatoria,157.56950175404486,1.8867395113583374
2019-12-01,"Agricultura, ganadería, caza y silvicultura",100.71375294287093,-1.1460848185087746
2019-12-01,"Comercio mayorista, minorista y reparaciones",131.05067674082116,0.2407880851094335
2019-12-01,Construcción,122.014612714283,-3.3906169242621575
2019-12-01,"Electricidad, gas y agua",145.08514342662795,4.168297318466352
2019-12-01,Enseñanza,163.81817557370792,0.244448751534021
2019-12-01,Explotación de minas y canteras,89.10509181738581,1.2853244591622515
2019-12-01,Hoteles y restaurantes,175.4177313640603,1.3309022366938539
2019-12-01,Impuestos netos de subsidios,149.10402009710657,-1.7499111019517843
2019-12-01,Industria manufacturera,114.1278913779461,1.0106921093662624
2019-12-01,Intermediación financiera,168.62707171630743,-9.42421355059957
2019-12-01,"Otras actividades de servicios comunitarios, sociales y personales",131.9573019554323,-3.505106661728985
2019-12-01,Pesca,95.73886123849537,13.108742469518342
2019-12-01,Servicios sociales y de salud,166.54536045059993,0.5410752251652218
2019-12-01,Transporte y comunicaciones,184.6041273348994,0.3863669761862587
2020-01-01,"Actividades inmobiliarias, empresariales y de alquiler",137.1021796997787,1.2090170639801778
2020-01-01,Administración pública y defensa; planes de seguridad social de afiliación obligatoria,155.78383481788862,1.1537935072066352
2020-01-01,"Agricultura, ganadería, caza y silvicultura",84.77989963450074,15.842062000604319
2020-01-01,"Comercio mayorista, minorista y reparaciones",129.37966640973158,2.6139720588237436
2020-01-01,Construcción,129.90480642887766,-9.187863057638756
2020-01-01,"Electricidad, gas y agua",151.921596144624,4.250526145340983
2020-01-01,Enseñanza,157.6666757549171,0.34307820628249885
2020-01-01,Explotación de minas y canteras,88.023249167922,0.506453860076439
2020-01-01,Hoteles y restaurantes,176.6000662906318,1.4280609166706482
2020-01-01,Impuestos netos de subsidios,162.13806311208842,-2.0907631296606666
2020-01-01,Industria manufacturera,101.71476634222647,-2.8360591151604497
2020-01-01,Intermediación financiera,161.53150882848374,-10.62223940212046
2020-01-01,"Otras actividades de servicios comunitarios, sociales y personales",154.05092671113587,-1.1075731764261687
2020-01-01,Pesca,101.70895859153546,-32.73363719035264
2020-01-01,Servicios sociales y de salud,181.05883564984788,0.4612768687225044
2020-01-01,Transporte y comunicaciones,182.9354230156884,-2.0298290545921804
2020-02-01,"Actividades inmobiliarias, empresariales y de alquiler",136.28604443632173,-0.5189703961653858
2020-02-01,Administración pública y defensa; planes de seguridad social de afiliación obligatoria,156.3120267180042,1.3510246156746453
2020-02-01,"Agricultura, ganadería, caza y silvicultura",68.52543131319491,-11.323767180596079
2020-02-01,"Comercio mayorista, minorista y reparaciones",129.57229476687843,-3.705935648905312
2020-02-01,Construcción,125.26751896676898,-15.092872410121815
2020-02-01,"Electricidad, gas y agua",140.22429928699697,1.4180351931037505
2020-02-01,Enseñanza,158.40506748327485,0.3788574756644625
2020-02-01,Explotación de minas y canteras,85.9284724559555,5.2027456561052565
2020-02-01,Hoteles y restaurantes,170.13846147407187,3.631489456620285
2020-02-01,Impuestos netos de subsidios,146.48193789510302,-3.5469815744670896
2020-02-01,Industria manufacturera,102.30740993208126,-1.5774571919592861
2020-02-01,Intermediación financiera,154.45575297379654,-9.316777579898694
2020-02-01,"Otras actividades de servicios comunitarios, sociales y personales",144.7366550142034,-0.8386098709770362
2020-02-01,Pesca,183.5505186657181,10.717717894959877
2020-02-01,Servicios sociales y de salud,172.60279319246155,0.6414420827948186
2020-02-01,Transporte y comunicaciones,177.45650222288617,-0.9074552086658638
2020-03-01,"Actividades inmobiliarias, empresariales y de alquiler",129.57605381099933,-6.1939953438789335
2020-03-01,Administración pública y defensa; planes de seguridad social de afiliación obligatoria,154.35987509925639,0.1109131933562768
2020-03-01,"Agricultura, ganadería, caza y silvicultura",138.79893196776624,-13.537083683402496
2020-03-01,"Comercio mayorista, minorista y reparaciones",126.98196596901039,-14.495241693323601
2020-03-01,Construcción,97.6967900473566,-34.021306712200605
2020-03-01,"Electricidad, gas y agua",146.29744581011494,8.547923484140195
2020-03-01,Enseñanza,158.2821477576832,-1.2429853095542676
2020-03-01,Explotación de minas y canteras,85.81213291012352,-3.0802573117246657
2020-03-01,Hoteles y restaurantes,102.43044729016617,-36.195066311654415
2020-03-01,Impuestos netos de subsidios,137.18328966221802,-12.16267023980212
2020-03-01,Industria manufacturera,98.96454962046141,-13.925838971614201
2020-03-01,Intermediación financiera,171.1875554480888,-0.02875743893328009
2020-03-01,"Otras actividades de servicios comunitarios, sociales y personales",116.34931897640024,-18.806286425784013
2020-03-01,Pesca,80.91923839600508,-47.705571157071915
2020-03-01,Servicios sociales y de salud,169.0153111017986,-8.982814136574957
2020-03-01,Transporte y comunicaciones,163.95508843464734,-14.375157291709739
2020-04-01,"Actividades inmobiliarias, empresariales y de alquiler",116.11099860685586,-17.46421302069223
2020-04-01,Administración pública y defensa; planes de seguridad social de afiliación obligatoria,135.0684708060528,-12.522689248112616
2020-04-01,"Agricultura, ganadería, caza y silvicultura",210.48256815936855,-8.879767831182829
2020-04-01,"Comercio mayorista, minorista y reparaciones",106.49371718865986,-23.0779381185623
2020-04-01,Construcción,43.886062875566815,-68.86928532720505
2020-04-01,"Electricidad, gas y agua",119.98719484892007,-7.167289109363906
2020-04-01,Enseñanza,145.01253267982364,-9.610590543135721
2020-04-01,Explotación de minas y canteras,69.76603413419802,-19.885529877632646
2020-04-01,Hoteles y restaurantes,24.080340462162425,-84.59297937756763
2020-04-01,Impuestos netos de subsidios,119.12066004283753,-24.664343527199684
2020-04-01,Industria manufacturera,78.01561127096952,-32.69906168090855
2020-04-01,Intermediación financiera,165.46846193071937,-3.99384550526235
2020-04-01,"Otras actividades de servicios comunitarios, sociales y personales",38.302412634378946,-73.27628659596053
2020-04-01,Pesca,128.8359662652545,-15.872283654716423
2020-04-01,Servicios sociales y de salud,125.1048533687748,-33.5355545763438
2020-04-01,Transporte y comunicaciones,143.87525244207296,-25.75974898308364
2020-05-01,"Actividades inmobiliarias, empresariales y de alquiler",122.7022619251305,-14.065256032519535
2020-05-01,Administración pública y defensa; planes de seguridad social de afiliación obligatoria,136.45071011210442,-12.018931963840418
2020-05-01,"Agricultura, ganadería, caza y silvicultura",294.48952168492127,-13.847516213372192
2020-05-01,"Comercio mayorista, minorista y reparaciones",118.08849573854756,-19.702301101247333
2020-05-01,Construcción,75.02261008713305,-49.890003489693754
2020-05-01,"Electricidad, gas y agua",132.75669428093983,-4.118125835610719
2020-05-01,Enseñanza,149.29120799861775,-7.728360402187196
2020-05-01,Explotación de minas y canteras,74.91088341776079,-19.35432748854482
2020-05-01,Hoteles y restaurantes,42.75424462238294,-72.12698578360501
2020-05-01,Impuestos netos de subsidios,134.3787865712941,-18.96597033632651
2020-05-01,Industria manufacturera,93.10499613597679,-25.033573713732004
2020-05-01,Intermediación financiera,155.63397140243734,-5.938999693302516
2020-05-01,"Otras actividades de servicios comunitarios, sociales y personales",43.599084219633916,-70.38078062490102
2020-05-01,Pesca,153.34524986703735,66.30755948373725
2020-05-01,Servicios sociales y de salud,154.7929664966048,-19.646486281898625
2020-05-01,Transporte y comunicaciones,162.27753680441458,-20.908882557002794
2020-06-01,"Actividades inmobiliarias, empresariales y de alquiler",128.61072901282378,-9.672491533791948
2020-06-01,Administración pública y defensa; planes de seguridad social de afiliación obligatoria,137.29754918115577,-11.900088141952125
2020-06-01,"Agricultura, ganadería, caza y silvicultura",200.8947649284838,-9.839354649133314
2020-06-01,"Comercio mayorista, minorista y reparaciones",133.52314446343613,-7.112706543153935
2020-06-01,Construcción,95.34061072585965,-31.018404763444394
2020-06-01,"Electricidad, gas y agua",143.29376978229706,3.9846909873670677
2020-06-01,Enseñanza,149.84682365560792,-7.894218327469849
2020-06-01,Explotación de minas y canteras,75.1754802208495,-15.105767535621995
2020-06-01,Hoteles y restaurantes,58.57498991443357,-61.582828719131975
2020-06-01,Impuestos netos de subsidios,140.9648281696909,-7.314116780369573
2020-06-01,Industria manufacturera,113.41104164907489,-6.657182005878948
2020-06-01,Intermediación financiera,166.86491275810448,3.2221277740186682
2020-06-01,"Otras actividades de servicios comunitarios, sociales y personales",57.947508223805464,-61.657139239817305
2020-06-01,Pesca,88.79621965044502,-50.894209449842606
2020-06-01,Servicios sociales y de salud,163.00889103089742,-17.819787586165383
2020-06-01,Transporte y comunicaciones,158.9851723933633,-19.180249831080843
2020-07-01,"Actividades inmobiliarias, empresariales y de alquiler",130.2477744093699,-8.985969562296514
2020-07-01,Administración pública y defensa; planes de seguridad social de afiliación obligatoria,141.06344466814718,-9.191412388666553
2020-07-01,"Agricultura, ganadería, caza y silvicultura",117.04970703814668,-7.724689979621591
2020-07-01,"Comercio mayorista, minorista y reparaciones",136.16197085662932,-6.045969341455793
2020-07-01,Construcción,114.835268830606,-21.86587525143566
2020-07-01,"Electricidad, gas y agua",158.85989528326877,4.940807225104238
2020-07-01,Enseñanza,153.45982568224687,-6.426054146529503
2020-07-01,Explotación de minas y canteras,78.69808657418463,-14.130038268509281
2020-07-01,Hoteles y restaurantes,58.855169162131695,-66.26284050944034
2020-07-01,Impuestos netos de subsidios,140.26400578057593,-12.994363883126969
2020-07-01,Industria manufacturera,114.60883217305793,-8.297323916252475
2020-07-01,Intermediación financiera,166.5292250407314,-0.7587880769097777
2020-07-01,"Otras actividades de servicios comunitarios, sociales y personales",62.265776903257475,-63.31269680389806
2020-07-01,Pesca,86.84341037948651,-65.60404240223292
2020-07-01,Servicios sociales y de salud,164.44574819718954,-9.44141100201582
2020-07-01,Transporte y comunicaciones,150.6253597718475,-23.246855690992707
2020-08-01,"Actividades inmobiliarias, empresariales y de alquiler",134.64433869188022,-4.9166208663428135
2020-08-01,Administración pública y defensa; planes de seguridad social de afiliación obligatoria,140.02553378434692,-9.82935958404103
2020-08-01,"Agricultura, ganadería, caza y silvicultura",75.82374782048988,-2.8158377567886417
2020-08-01,"Comercio mayorista, minorista y reparaciones",134.4421209146634,-5.629595740509874
2020-08-01,Construcción,117.71327997140502,-24.4726665373011
2020-08-01,"Electricidad, gas y agua",144.5810036683974,1.206377553185467
2020-08-01,Enseñanza,153.09200799719278,-6.403079422970581
2020-08-01,Explotación de minas y canteras,80.99570861746433,-11.387165035017476
2020-08-01,Hoteles y restaurantes,71.33531502758338,-57.294983711801905
2020-08-01,Impuestos netos de subsidios,140.15488661456666,-11.58708512252905
2020-08-01,Industria manufacturera,114.39875196317637,-8.94285659322862
2020-08-01,Intermediación financiera,171.17913126392372,1.1225122219133299
2020-08-01,"Otras actividades de servicios comunitarios, sociales y personales",66.92927722435165,-54.42279059179076
2020-08-01,Pesca,264.27940882804273,-8.991704850037152
2020-08-01,Servicios sociales y de salud,162.48295854314082,-10.329294927824206
2020-08-01,Transporte y comunicaciones,149.949973374243,-21.14920775034127
2020-09-01,"Actividades inmobiliarias, empresariales y de alquiler",135.81789891183703,-2.924200990986836
2020-09-01,Administración pública y defensa; planes de seguridad social de afiliación obligatoria,140.58376310649004,-9.787836522125492
2020-09-01,"Agricultura, ganadería, caza y silvicultura",73.78709736582393,4.218020781369036
2020-09-01,"Comercio mayorista, minorista y reparaciones",141.84240321184325,7.07325918574353
2020-09-01,Construcción,116.4657875135662,-18.344848399966107
2020-09-01,"Electricidad, gas y agua",133.95363039404674,1.2809062046605257
2020-09-01,Enseñanza,155.10667349005632,-5.616422190680382
2020-09-01,Explotación de minas y canteras,77.02575241331968,-12.735862318165381
2020-09-01,Hoteles y restaurantes,63.822216166369074,-60.76772499519314
2020-09-01,Impuestos netos de subsidios,143.53557510304213,-6.686928807283843
2020-09-01,Industria manufacturera,119.2529194675179,2.8170167714708594
2020-09-01,Intermediación financiera,167.2652912617691,4.765090904518865
2020-09-01,"Otras actividades de servicios comunitarios, sociales y personales",69.00350989700553,-51.128717905245466
2020-09-01,Pesca,237.46872488535465,45.3234388521347
2020-09-01,Servicios sociales y de salud,166.23306556152522,-6.691867146433516
2020-09-01,Transporte y comunicaciones,152.13612349274302,-18.65609610369181
2020-10-01,"Actividades inmobiliarias, empresariales y de alquiler",137.68022997357104,-2.879390499555312
2020-10-01,Administración pública y defensa; planes de seguridad social de afiliación obligatoria,143.15187090659853,-8.739018663222664
2020-10-01,"Agricultura, ganadería, caza y silvicultura",73.32710116645963,-9.065236065940885
2020-10-01,"Comercio mayorista, minorista y reparaciones",145.26536712896768,-1.3247110673942464
2020-10-01,Construcción,133.11965328772865,-2.038229427925331
2020-10-01,"Electricidad, gas y agua",132.3463575442918,-3.3015853348639768
2020-10-01,Enseñanza,156.5410600049721,-4.495401176122737
2020-10-01,Explotación de minas y canteras,79.67516748562818,-12.325690909459919
2020-10-01,Hoteles y restaurantes,75.2410910895403,-56.39173900625482
2020-10-01,Impuestos netos de subsidios,144.86065222903764,-9.375687299488277
2020-10-01,Industria manufacturera,127.43488896230404,-1.7298279524317728
2020-10-01,Intermediación financiera,172.65111619952066,2.99946113739491
2020-10-01,"Otras actividades de servicios comunitarios, sociales y personales",103.5507220390247,-24.433006865107853
2020-10-01,Pesca,162.6490878916505,-26.33767469168805
2020-10-01,Servicios sociales y de salud,169.6862008245166,-1.951435707674698
2020-10-01,Transporte y comunicaciones,151.68674913955294,-19.638514544045506
2020-11-01,"Actividades inmobiliarias, empresariales y de alquiler",139.68284300157543,-0.33301811022813377
2020-11-01,Administración pública y defensa; planes de seguridad social de afiliación obligatoria,143.30859619870597,-8.684742553714642
2020-11-01,"Agricultura, ganadería, caza y silvicultura",86.96627386181261,-4.431551679205469
2020-11-01,"Comercio mayorista, minorista y reparaciones",144.48519660443674,1.1119161704168157
2020-11-01,Construcción,137.3494532948153,2.638009557043497
2020-11-01,"Electricidad, gas y agua",139.37381320808277,1.931448699491245
2020-11-01,Enseñanza,156.78657990555885,-4.468852822512082
2020-11-01,Explotación de minas y canteras,76.55309298106032,-11.670609949773326
2020-11-01,Hoteles y restaurantes,77.98433096161834,-54.9607013435152
2020-11-01,Impuestos netos de subsidios,145.35426988621566,-4.876573326834544
2020-11-01,Industria manufacturera,124.64921285715297,4.118780679844947
2020-11-01,Intermediación financiera,169.18794928903904,5.038691554417918
2020-11-01,"Otras actividades de servicios comunitarios, sociales y personales",104.87222750178984,-22.63810474294671
2020-11-01,Pesca,86.64343350225866,-8.523836997984125
2020-11-01,Servicios sociales y de salud,169.72032850319374,-1.878022585932615
2020-11-01,Transporte y comunicaciones,153.16144155949812,-17.527562293054622
2020-12-01,"Actividades inmobiliarias, empresariales y de alquiler",142.27006778944133,-1.0063860001568892
2020-12-01,Administración pública y defensa; planes de seguridad social de afiliación obligatoria,144.27703531781472,-8.435938610111727
2020-12-01,"Agricultura, ganadería, caza y silvicultura",112.25612588204818,11.460572763805722
2020-12-01,"Comercio mayorista, minorista y reparaciones",144.66511551722812,10.388682542503936
2020-12-01,Construcción,136.6075218806263,11.959968434694757
2020-12-01,"Electricidad, gas y agua",149.9753134869929,3.370551901365415
2020-12-01,Enseñanza,157.8722199974234,-3.6296067609477234
2020-12-01,Explotación de minas y canteras,80.78370021522805,-9.338850824834822
2020-12-01,Hoteles y restaurantes,90.32413753218371,-48.50911773295833
2020-12-01,Impuestos netos de subsidios,144.3207143013067,-3.2080327496768035
2020-12-01,Industria manufacturera,118.55057905764299,3.875203183287357
2020-12-01,Intermediación financiera,175.95488074238187,4.345570940354415
2020-12-01,"Otras actividades de servicios comunitarios, sociales y personales",111.12735288265058,-15.785370543432986
2020-12-01,Pesca,103.05339148360547,7.640084862602281
2020-12-01,Servicios sociales y de salud,163.65352255971575,-1.7363665268489648
2020-12-01,Transporte y comunicaciones,150.69677385468728,-18.367603135275047
2021-01-01,"Actividades inmobiliarias, empresariales y de alquiler",138.78795654102544,1.2295769804230474
2021-01-01,Administración pública y defensa; planes de seguridad social de afiliación obligatoria,146.72805779362906,-5.81304025211972
2021-01-01,"Agricultura, ganadería, caza y silvicultura",86.9746061117479,2.5887108698039043
2021-01-01,"Comercio mayorista, minorista y reparaciones",134.9090941120267,4.273799628439306
2021-01-01,Construcción,145.53881472982238,12.034972939591952
2021-01-01,"Electricidad, gas y agua",151.01554674302818,-0.5963927608641626
2021-01-01,Enseñanza,152.80922756101515,-3.0808337720347083
2021-01-01,Explotación de minas y canteras,79.52679249531325,-9.652514253819533
2021-01-01,Hoteles y restaurantes,111.78200904472185,-36.70330289640915
2021-01-01,Impuestos netos de subsidios,158.11643501910146,-2.480372600853599
2021-01-01,Industria manufacturera,106.25917619020568,4.467797559195304
2021-01-01,Intermediación financiera,165.46859869159613,2.4373510107510015
2021-01-01,"Otras actividades de servicios comunitarios, sociales y personales",130.35241318963185,-15.383557910003105
2021-01-01,Pesca,126.53624092832723,24.41012343514248
2021-01-01,Servicios sociales y de salud,178.0610338935695,-1.6557058624169514
2021-01-01,Transporte y comunicaciones,158.01002188152344,-13.625245850841779
2021-02-01,"Actividades inmobiliarias, empresariales y de alquiler",137.69950989623572,1.037131472822539
2021-02-01,Administración pública y defensa; planes de seguridad social de afiliación obligatoria,147.44829242053862,-5.670538910903044
2021-02-01,"Agricultura, ganadería, caza y silvicultura",71.7878866833819,4.7609410224299875
2021-02-01,"Comercio mayorista, minorista y reparaciones",135.85281710502957,4.847118243487802
2021-02-01,Construcción,141.8982575359745,13.276177820379221
2021-02-01,"Electricidad, gas y agua",128.49517383267263,-8.36454559870422
2021-02-01,Enseñanza,154.16099455437632,-2.679253256431735
2021-02-01,Explotación de minas y canteras,75.8302054370675,-11.75194522870645
2021-02-01,Hoteles y restaurantes,112.21433304619701,-34.04528754170154
2021-02-01,Impuestos netos de subsidios,143.36537446948913,-2.127609362900218
2021-02-01,Industria manufacturera,103.45540009199156,1.1220987420876183
2021-02-01,Intermediación financiera,159.70484494432293,3.3984438063740408
2021-02-01,"Otras actividades de servicios comunitarios, sociales y personales",124.8330507804089,-13.751598882702732
2021-02-01,Pesca,161.33687698543534,-12.102194993378479
2021-02-01,Servicios sociales y de salud,170.47970998747434,-1.230039888531731
2021-02-01,Transporte y comunicaciones,153.56411709588244,-13.463798073172207
2021-03-01,"Actividades inmobiliarias, empresariales y de alquiler",142.57669023514813,10.033209101360384
2021-03-01,Administración pública y defensa; planes de seguridad social de afiliación obligatoria,148.92595141662704,-3.5202954648254403
2021-03-01,"Agricultura, ganadería, caza y silvicultura",147.80017406073992,6.485094636797406
2021-03-01,"Comercio mayorista, minorista y reparaciones",155.54687632819665,22.495249731885124
2021-03-01,Construcción,152.5061885240319,56.10153460529001
2021-03-01,"Electricidad, gas y agua",144.92576527520643,-0.9375970491575569
2021-03-01,Enseñanza,159.41394065016746,0.7150477223855756
2021-03-01,Explotación de minas y canteras,84.12847762083021,-1.962024753605307
2021-03-01,Hoteles y restaurantes,91.89926918050448,-10.28129661469588
2021-03-01,Impuestos netos de subsidios,162.9686994320016,18.79631975095084
2021-03-01,Industria manufacturera,129.5237310980323,30.878917344410993
2021-03-01,Intermediación financiera,179.5120457872638,4.8627894226220825
2021-03-01,"Otras actividades de servicios comunitarios, sociales y personales",123.11019008577797,5.810838575470378
2021-03-01,Pesca,136.1191335443744,68.21603396491494
2021-03-01,Servicios sociales y de salud,185.34016486799152,9.658801714337217
2021-03-01,Transporte y comunicaciones,167.71302949326997,2.292055156385442
2021-04-01,"Actividades inmobiliarias, empresariales y de alquiler",143.93229852058508,23.960951371997318
2021-04-01,Administración pública y defensa; planes de seguridad social de afiliación obligatoria,146.3039253078881,8.318339901818007
2021-04-01,"Agricultura, ganadería, caza y silvicultura",207.7091413546694,-1.3176515418603318
2021-04-01,"Comercio mayorista, minorista y reparaciones",151.53322169229145,42.293109577386126
2021-04-01,Construcción,137.9850697543318,214.4166068065171
2021-04-01,"Electricidad, gas y agua",134.58537143165123,12.166445428707796
2021-04-01,Enseñanza,156.14508984078356,7.676962090952322
2021-04-01,Explotación de minas y canteras,82.53756031136325,18.306223559445336
2021-04-01,Hoteles y restaurantes,98.85791341160237,310.53370307175834
2021-04-01,Impuestos netos de subsidios,159.248518279256,33.686732613795044
2021-04-01,Industria manufacturera,123.31672532529679,58.06672961515886
2021-04-01,Intermediación financiera,170.8303095979835,3.240404609253633
2021-04-01,"Otras actividades de servicios comunitarios, sociales y personales",103.46998063093721,170.13959047077384
2021-04-01,Pesca,133.06229548029438,3.280395480822862
2021-04-01,Servicios sociales y de salud,188.17575352677102,50.4144311428754
2021-04-01,Transporte y comunicaciones,170.3216622662127,18.381486305150084
2021-05-01,"Actividades inmobiliarias, empresariales y de alquiler",142.1138995197184,15.820113900127053
2021-05-01,Administración pública y defensa; planes de seguridad social de afiliación obligatoria,147.3501703295633,7.987836932841286
2021-05-01,"Agricultura, ganadería, caza y silvicultura",282.04636495372336,-4.225330891233215
2021-05-01,"Comercio mayorista, minorista y reparaciones",148.73672379941652,25.9536103573758
2021-05-01,Construcción,124.4601404457727,65.8968413671848
2021-05-01,"Electricidad, gas y agua",146.80618291896502,10.582885265502062
2021-05-01,Enseñanza,157.02468159172642,5.180126610791613
2021-05-01,Explotación de minas y canteras,90.39575217016636,20.671053451672726
2021-05-01,Hoteles y restaurantes,91.449755271961,113.89631855192386
2021-05-01,Impuestos netos de subsidios,148.37524814243287,10.4156778969819
2021-05-01,Industria manufacturera,122.08775205075086,31.1291091967242
2021-05-01,Intermediación financiera,156.55073098171624,0.5890485033684278
2021-05-01,"Otras actividades de servicios comunitarios, sociales y personales",106.0886176441237,143.32762841919728
2021-05-01,Pesca,158.33622266686785,3.25472931450963
2021-05-01,Servicios sociales y de salud,193.13552085329655,24.7702174229814
2021-05-01,Transporte y comunicaciones,175.36822873832867,8.066853978497136
2021-06-01,"Actividades inmobiliarias, empresariales y de alquiler",144.73544760929815,12.537615423100945
2021-06-01,Administración pública y defensa; planes de seguridad social de afiliación obligatoria,148.2125705600526,7.94990256125776
2021-06-01,"Agricultura, ganadería, caza y silvicultura",192.8670970471906,-3.9959567309536093
2021-06-01,"Comercio mayorista, minorista y reparaciones",155.80001791336812,16.683904157179484
2021-06-01,Construcción,135.99230747765915,42.63838509351332
2021-06-01,"Electricidad, gas y agua",157.880613718325,10.179677705589985
2021-06-01,Enseñanza,157.9008985271138,5.374871935902048
2021-06-01,Explotación de minas y canteras,87.02193241682453,15.758399096584007
2021-06-01,Hoteles y restaurantes,92.64315511431445,58.16162367189086
2021-06-01,Impuestos netos de subsidios,152.90903100833054,8.473179440378864
2021-06-01,Industria manufacturera,133.05255246432318,17.318869952737547
2021-06-01,Intermediación financiera,163.700496286299,-1.896394166695048
2021-06-01,"Otras actividades de servicios comunitarios, sociales y personales",113.51034724263837,95.88477696786812
2021-06-01,Pesca,186.58714391871217,110.12960309935562
2021-06-01,Servicios sociales y de salud,199.64763383679988,22.47653031328076
2021-06-01,Transporte y comunicaciones,174.10666839008493,9.511261817113237
2021-07-01,"Actividades inmobiliarias, empresariales y de alquiler",143.81996020064312,10.420282306410655
2021-07-01,Administración pública y defensa; planes de seguridad social de afiliación obligatoria,150.71523029694472,6.84215932164669
2021-07-01,"Agricultura, ganadería, caza y silvicultura",115.64226963500748,-1.2024271044783652
2021-07-01,"Comercio mayorista, minorista y reparaciones",151.57414965685584,11.3190039063511
2021-07-01,Construcción,141.52888477229388,23.245137328901766
2021-07-01,"Electricidad, gas y agua",163.91217308132772,3.180335596375694
2021-07-01,Enseñanza,158.77894636450526,3.466132363053842
2021-07-01,Explotación de minas y canteras,88.70168297513791,12.711359114841269
2021-07-01,Hoteles y restaurantes,104.50098575083587,77.55617261580039
2021-07-01,Impuestos netos de subsidios,156.44740045537534,11.537810135064985
2021-07-01,Industria manufacturera,129.64688192270165,13.121196215433418
2021-07-01,Intermediación financiera,162.43005619027073,-2.4615312113883014
2021-07-01,"Otras actividades de servicios comunitarios, sociales y personales",122.38586751534089,96.55398776360275
2021-07-01,Pesca,286.60974142620495,230.03049992369452
2021-07-01,Servicios sociales y de salud,182.2428966766558,10.822504488304197
2021-07-01,Transporte y comunicaciones,168.78618850343528,12.056952932159625
2021-08-01,"Actividades inmobiliarias, empresariales y de alquiler",145.07236485142744,7.744867894825269
2021-08-01,Administración pública y defensa; planes de seguridad social de afiliación obligatoria,150.99928466454628,7.836964147624692
2021-08-01,"Agricultura, ganadería, caza y silvicultura",78.58741462395535,3.6448565032796365
2021-08-01,"Comercio mayorista, minorista y reparaciones",152.69337804071247,13.575549836523315
2021-08-01,Construcción,150.72616312406842,28.045164624316744
2021-08-01,"Electricidad, gas y agua",158.17023301610752,9.399042061485208
2021-08-01,Enseñanza,161.676705118458,5.607541003330896
2021-08-01,Explotación de minas y canteras,90.4971781138322,11.730830754555765
2021-08-01,Hoteles y restaurantes,113.76549373944486,59.47990654482274
2021-08-01,Impuestos netos de subsidios,158.915017036468,13.385284576978517
2021-08-01,Industria manufacturera,130.63503370176736,14.192708801418785
2021-08-01,Intermediación financiera,169.16181603608905,-1.1784819872256436
2021-08-01,"Otras actividades de servicios comunitarios, sociales y personales",118.54023155820062,77.11267247193692
2021-08-01,Pesca,274.71223063327227,3.9476483814967933
2021-08-01,Servicios sociales y de salud,182.28224992384526,12.18545720623836
2021-08-01,Transporte y comunicaciones,170.1474958865503,13.469507234855339
2021-09-01,"Actividades inmobiliarias, empresariales y de alquiler",146.38168912656215,7.777907256231642
2021-09-01,Administración pública y defensa; planes de seguridad social de afiliación obligatoria,152.60833140576128,8.553312298350413
2021-09-01,"Agricultura, ganadería, caza y silvicultura",74.20091013327364,0.5608199566356387
2021-09-01,"Comercio mayorista, minorista y reparaciones",154.0208454790058,8.585896735670717
2021-09-01,Construcción,149.735617165174,28.566182706429966
2021-09-01,"Electricidad, gas y agua",139.62006354084525,4.2301452600648215
2021-09-01,Enseñanza,163.43179660450963,5.367353271867459
2021-09-01,Explotación de minas y canteras,90.1226404956808,17.00325887384171
2021-09-01,Hoteles y restaurantes,120.34505004062272,88.56294448771929
2021-09-01,Impuestos netos de subsidios,163.2948425825579,13.76611161750727
2021-09-01,Industria manufacturera,131.99133095649626,10.681844558487352
2021-09-01,Intermediación financiera,165.7050198701382,-0.9328124082772837
2021-09-01,"Otras actividades de servicios comunitarios, sociales y personales",115.3646885697758,67.18669636076318
2021-09-01,Pesca,218.11969626326385,-8.148032390973647
2021-09-01,Servicios sociales y de salud,179.40269792427523,7.9223903609452195
2021-09-01,Transporte y comunicaciones,170.88541607466286,12.32402413803726
2021-10-01,"Actividades inmobiliarias, empresariales y de alquiler",146.36246608107868,6.306087743443101
2021-10-01,Administración pública y defensa; planes de seguridad social de afiliación obligatoria,159.815986597185,11.6408647578621
2021-10-01,"Agricultura, ganadería, caza y silvicultura",75.61664717062612,3.1223735395853325
2021-10-01,"Comercio mayorista, minorista y reparaciones",151.75360615594863,4.466473430807927
2021-10-01,Construcción,140.8169877298408,5.782267495450055
2021-10-01,"Electricidad, gas y agua",129.2095573149981,-2.370144738017377
2021-10-01,Enseñanza,164.3654231281929,4.998281679562067
2021-10-01,Explotación de minas y canteras,91.93067438894028,15.38184015179227
2021-10-01,Hoteles y restaurantes,113.9562192359232,51.4547670505072
2021-10-01,Impuestos netos de subsidios,152.57622050170363,5.32620014748173
2021-10-01,Industria manufacturera,133.67928908098193,4.900071063368694
2021-10-01,Intermediación financiera,168.8934057337336,-2.1764762073385846
2021-10-01,"Otras actividades de servicios comunitarios, sociales y personales",121.32184162877893,17.161753428485895
2021-10-01,Pesca,119.02744826803617,-26.819480016188667
2021-10-01,Servicios sociales y de salud,174.0566303199121,2.575595112719431
2021-10-01,Transporte y comunicaciones,170.94184434219082,12.693986331609652
2021-11-01,"Actividades inmobiliarias, empresariales y de alquiler",149.29578022978382,6.881974207884611
2021-11-01,Administración pública y defensa; planes de seguridad social de afiliación obligatoria,160.5072168454401,12.001108867808053
2021-11-01,"Agricultura, ganadería, caza y silvicultura",92.51854885498985,6.384400235428811
2021-11-01,"Comercio mayorista, minorista y reparaciones",158.63355400445923,9.792253969627795
2021-11-01,Construcción,144.83112654406276,5.4471809459542
2021-11-01,"Electricidad, gas y agua",139.50962944151962,0.09744745466215843
2021-11-01,Enseñanza,164.78528955548063,5.101654526005883
2021-11-01,Explotación de minas y canteras,90.27128561259732,17.9198411159311
2021-11-01,Hoteles y restaurantes,119.1845613470315,52.83142123215847
2021-11-01,Impuestos netos de subsidios,154.852163118606,6.534306312312221
2021-11-01,Industria manufacturera,137.74105366831273,10.502947039194632
2021-11-01,Intermediación financiera,172.13811827700133,1.7437228835502028
2021-11-01,"Otras actividades de servicios comunitarios, sociales y personales",121.3025923239177,15.667031409099641
2021-11-01,Pesca,91.17462234247851,5.229696766462677
2021-11-01,Servicios sociales y de salud,174.105944817933,2.584025351245245
2021-11-01,Transporte y comunicaciones,174.6717829770369,14.044227580074553
2021-12-01,"Actividades inmobiliarias, empresariales y de alquiler",151.17330714784907,6.257984899244207
2021-12-01,Administración pública y defensa; planes de seguridad social de afiliación obligatoria,161.23161935057934,11.751408666955832
2021-12-01,"Agricultura, ganadería, caza y silvicultura",129.4416123720216,15.309174759897637
2021-12-01,"Comercio mayorista, minorista y reparaciones",155.10929639360745,7.219557278226851
2021-12-01,Construcción,141.64760319910076,3.6894610553573237
2021-12-01,"Electricidad, gas y agua",154.85842301784933,3.2559422063018095
2021-12-01,Enseñanza,166.44216016789224,5.428402901161911
2021-12-01,Explotación de minas y canteras,92.47969143414902,14.4781573358981
2021-12-01,Hoteles y restaurantes,126.55591867643898,40.113066267967845
2021-12-01,Impuestos netos de subsidios,163.61550082611456,13.369381254949309
2021-12-01,Industria manufacturera,131.04457073314543,10.53895457518388
2021-12-01,Intermediación financiera,174.98367284851696,-0.5519641681817733
2021-12-01,"Otras actividades de servicios comunitarios, sociales y personales",126.10371815571484,13.476758767824837
2021-12-01,Pesca,106.38180891486648,3.229799022956481
2021-12-01,Servicios sociales y de salud,167.41608258725594,2.2991011551048324
2021-12-01,Transporte y comunicaciones,176.31510823696098,16.999922245831712
2022-01-01,"Actividades inmobiliarias, empresariales y de alquiler",144.6735364516133,4.240699306533924
2022-01-01,Administración pública y defensa; planes de seguridad social de afiliación obligatoria,161.34227260662476,9.960068328274607
2022-01-01,"Agricultura, ganadería, caza y silvicultura",102.95741321574852,18.376406423117754
2022-01-01,"Comercio mayorista, minorista y reparaciones",139.25789939527843,3.2235078827529184
2022-01-01,Construcción,146.2994211822731,0.5226141588845046
2022-01-01,"Electricidad, gas y agua",164.04625809745033,8.62872176769689
2022-01-01,Enseñanza,160.14279020933967,4.799162174546234
2022-01-01,Explotación de minas y canteras,93.53114018676888,17.60959703269933
2022-01-01,Hoteles y restaurantes,167.38155944577315,49.739265626194815
2022-01-01,Impuestos netos de subsidios,170.21530692385954,7.651874963723082
2022-01-01,Industria manufacturera,105.56566239630449,-0.6526624982107765
2022-01-01,Intermediación financiera,170.72576978744613,3.1771412445743996
2022-01-01,"Otras actividades de servicios comunitarios, sociales y personales",136.8403258358335,4.977209464287613
2022-01-01,Pesca,111.84315261577564,-11.611762926380964
2022-01-01,Servicios sociales y de salud,183.27304966326136,2.9270950840413423
2022-01-01,Transporte y comunicaciones,171.12480280476845,8.299967791333218
2022-02-01,"Actividades inmobiliarias, empresariales y de alquiler",145.84302882644852,5.913978151664723
2022-02-01,Administración pública y defensa; planes de seguridad social de afiliación obligatoria,161.65787461328793,9.636993388992288
2022-02-01,"Agricultura, ganadería, caza y silvicultura",78.75098139087793,9.699539893417564
2022-02-01,"Comercio mayorista, minorista y reparaciones",145.31905867760278,6.968012717214944
2022-02-01,Construcción,150.83267152978038,6.296352153260809
2022-02-01,"Electricidad, gas y agua",136.4414492308093,6.184104166032234
2022-02-01,Enseñanza,161.51263104819196,4.768804531306103
2022-02-01,Explotación de minas y canteras,84.6240056131197,11.59669834120427
2022-02-01,Hoteles y restaurantes,164.6250207273775,46.70587638711336
2022-02-01,Impuestos netos de subsidios,161.46451449547928,12.624484882046595
2022-02-01,Industria manufacturera,114.31190346263938,10.493897235904859
2022-02-01,Intermediación financiera,161.67681322391178,1.23475795632646
2022-02-01,"Otras actividades de servicios comunitarios, sociales y personales",137.2207896474432,9.923444784526914
2022-02-01,Pesca,160.2263747211023,-0.6883127311515302
2022-02-01,Servicios sociales y de salud,174.50096444910358,2.358787718447375
2022-02-01,Transporte y comunicaciones,172.23432848344285,12.157925784122536
2022-03-01,"Actividades inmobiliarias, empresariales y de alquiler",148.87342561749497,4.416384874667645
2022-03-01,Administración pública y defensa; planes de seguridad social de afiliación obligatoria,161.47135027024876,8.423917211396814
2022-03-01,"Agricultura, ganadería, caza y silvicultura",150.42269427040077,1.7743688235327015
2022-03-01,"Comercio mayorista, minorista y reparaciones",161.9896862351318,4.142037473861659
2022-03-01,Construcción,156.33788441486553,2.5124855115173483
2022-03-01,"Electricidad, gas y agua",146.0160006277402,0.7522715857069873
2022-03-01,Enseñanza,165.2561364482656,3.6647960487463216
2022-03-01,Explotación de minas y canteras,95.19459061851373,13.153825328396952
2022-03-01,Hoteles y restaurantes,130.7044860442786,42.22581660312732
2022-03-01,Impuestos netos de subsidios,174.20367162598797,6.893944808508534
2022-03-01,Industria manufacturera,134.51082946908807,3.8503356325345406
2022-03-01,Intermediación financiera,180.24362359268554,0.4075368882424435
2022-03-01,"Otras actividades de servicios comunitarios, sociales y personales",138.935172705515,12.85432392615984
2022-03-01,Pesca,128.9958129190849,-5.233151607571251
2022-03-01,Servicios sociales y de salud,188.49430212124142,1.7018098885886124
2022-03-01,Transporte y comunicaciones,184.85307102209495,10.219862810070325
2022-04-01,"Actividades inmobiliarias, empresariales y de alquiler",151.53833254441835,5.284452553049079
2022-04-01,Administración pública y defensa; planes de seguridad social de afiliación obligatoria,160.71627483012182,9.850965715310611
2022-04-01,"Agricultura, ganadería, caza y silvicultura",202.91119744078478,-2.309933921344376
2022-04-01,"Comercio mayorista, minorista y reparaciones",161.6426749659548,6.671443503123009
2022-04-01,Construcción,151.26623273351933,9.625072482720975
2022-04-01,"Electricidad, gas y agua",138.64010864800056,3.0127622142117616
2022-04-01,Enseñanza,164.97304871090472,5.653689705595455
2022-04-01,Explotación de minas y canteras,95.47597844732374,15.675794253127705
2022-04-01,Hoteles y restaurantes,111.49017355259375,12.778198229206005
2022-04-01,Impuestos netos de subsidios,180.4199915248191,13.294612392208949
2022-04-01,Industria manufacturera,129.12816730822004,4.712614584593666
2022-04-01,Intermediación financiera,175.5886651869182,2.785428183167604
2022-04-01,"Otras actividades de servicios comunitarios, sociales y personales",121.05810875052248,16.99829072387635
2022-04-01,Pesca,211.13754333616797,58.675710932279834
2022-04-01,Servicios sociales y de salud,191.1269045910323,1.5682950693439945
2022-04-01,Transporte y comunicaciones,189.2227540318639,11.097291744434013
2022-05-01,"Actividades inmobiliarias, empresariales y de alquiler",153.24728647414742,7.834129520092614
2022-05-01,Administración pública y defensa; planes de seguridad social de afiliación obligatoria,160.92652128426153,9.213664921006458
2022-05-01,"Agricultura, ganadería, caza y silvicultura",272.01309262796923,-3.5573131131827695
2022-05-01,"Comercio mayorista, minorista y reparaciones",166.16401851988093,11.716874135244847
2022-05-01,Construcción,145.6422928711779,17.019225873872657
2022-05-01,"Electricidad, gas y agua",155.968328440601,6.240980685870268
2022-05-01,Enseñanza,165.95250746104833,5.685619470023684
2022-05-01,Explotación de minas y canteras,104.09606564983316,15.15592619205879
2022-05-01,Hoteles y restaurantes,137.14581788212192,49.96849086612218
2022-05-01,Impuestos netos de subsidios,172.0576880131796,15.961179622097577
2022-05-01,Industria manufacturera,135.36644813388816,10.876353983172237
2022-05-01,Intermediación financiera,159.3703161981868,1.8010680619561237
2022-05-01,"Otras actividades de servicios comunitarios, sociales y personales",119.47278686317927,12.616027540252261
2022-05-01,Pesca,170.11888119145723,7.441543271737361
2022-05-01,Servicios sociales y de salud,194.5651098269116,0.7401999214328603
2022-05-01,Transporte y comunicaciones,195.6405715235095,11.559872008190087
2022-06-01,"Actividades inmobiliarias, empresariales y de alquiler",153.12018379087115,5.793146267946003
2022-06-01,Administración pública y defensa; planes de seguridad social de afiliación obligatoria,162.51767908449173,9.651751177639145
2022-06-01,"Agricultura, ganadería, caza y silvicultura",190.6076480075927,-1.1715057022116504
2022-06-01,"Comercio mayorista, minorista y reparaciones",171.4227126519167,10.027402401991692
2022-06-01,Construcción,149.8587874188523,10.196517875447576
2022-06-01,"Electricidad, gas y agua",166.6415230807075,5.549072274328015
2022-06-01,Enseñanza,167.12104572473902,5.839198689576786
2022-06-01,Explotación de minas y canteras,96.64952605254051,11.06341053149793
2022-06-01,Hoteles y restaurantes,163.7471665765255,76.75042087510322
2022-06-01,Impuestos netos de subsidios,177.2661040991867,15.929126572994345
2022-06-01,Industria manufacturera,141.3961244351732,6.270884561261814
2022-06-01,Intermediación financiera,167.6201466860951,2.3944034921805857
2022-06-01,"Otras actividades de servicios comunitarios, sociales y personales",122.13159218460225,7.595118111598409
2022-06-01,Pesca,200.87452766985865,7.657217668421401
2022-06-01,Servicios sociales y de salud,201.13025198122338,0.7426174384993933
2022-06-01,Transporte y comunicaciones,191.15997031192208,9.794743693348561
2022-07-01,"Actividades inmobiliarias, empresariales y de alquiler",152.5590962776281,6.076441729501947
2022-07-01,Administración pública y defensa; planes de seguridad social de afiliación obligatoria,162.10500877324594,7.557151625526259
2022-07-01,"Agricultura, ganadería, caza y silvicultura",108.37983720826931,-6.2800846521432145
2022-07-01,"Comercio mayorista, minorista y reparaciones",162.09686936092248,6.942291761417563
2022-07-01,Construcción,151.07353004648067,6.743955687592096
2022-07-01,"Electricidad, gas y agua",159.6238001716511,-2.6162626173889203
2022-07-01,Enseñanza,167.95204738705226,5.777277927949287
2022-07-01,Explotación de minas y canteras,99.1392266450299,11.767018752978453
2022-07-01,Hoteles y restaurantes,133.6277426751095,27.872231744991605
2022-07-01,Impuestos netos de subsidios,178.3875782156354,14.023996369641312
2022-07-01,Industria manufacturera,137.47421249955016,6.0374229297048165
2022-07-01,Intermediación financiera,166.62720872337997,2.583975300847441
2022-07-01,"Otras actividades de servicios comunitarios, sociales y personales",135.8683336481809,11.016358674869075
2022-07-01,Pesca,275.90456112655255,-3.7351069249712543
2022-07-01,Servicios sociales y de salud,184.2310306914195,1.0909253809168629
2022-07-01,Transporte y comunicaciones,185.74071112078084,10.044970366162676
2022-08-01,"Actividades inmobiliarias, empresariales y de alquiler",154.6132030531828,6.576606241668692
2022-08-01,Administración pública y defensa; planes de seguridad social de afiliación obligatoria,161.52740724699927,6.972299640916724
2022-08-01,"Agricultura, ganadería, caza y silvicultura",76.49887241371191,-2.657603918181073
2022-08-01,"Comercio mayorista, minorista y reparaciones",166.18252276704274,8.834138650553447
2022-08-01,Construcción,161.95289125120345,7.448426931622931
2022-08-01,"Electricidad, gas y agua",150.54356609646285,-4.821809245781406
2022-08-01,Enseñanza,168.4840021395523,4.210437747421136
2022-08-01,Explotación de minas y canteras,102.0583834684795,12.775210891222489
2022-08-01,Hoteles y restaurantes,142.75121791098172,25.47848492436764
2022-08-01,Impuestos netos de subsidios,177.77354813812664,11.867054135815858
2022-08-01,Industria manufacturera,141.53560993284836,8.344297790718546
2022-08-01,Intermediación financiera,168.95484860830373,-0.12234878569827856
2022-08-01,"Otras actividades de servicios comunitarios, sociales y personales",129.01316047754707,8.834915185908399
2022-08-01,Pesca,292.3847296260323,6.4330950799027065
2022-08-01,Servicios sociales y de salud,183.56049047038618,0.7012424671491324
2022-08-01,Transporte y comunicaciones,182.30327386186028,7.144259109998963
2022-09-01,"Actividades inmobiliarias, empresariales y de alquiler",152.55141882901947,4.2148234108180915
2022-09-01,Administración pública y defensa; planes de seguridad social de afiliación obligatoria,162.29060799878837,6.344526870740408
2022-09-01,"Agricultura, ganadería, caza y silvicultura",72.54274766996889,-2.234692890325052
2022-09-01,"Comercio mayorista, minorista y reparaciones",165.58132242868083,7.505787228814298
2022-09-01,Construcción,159.98980002095558,6.8481922003033935
2022-09-01,"Electricidad, gas y agua",133.9181755232668,-4.083860064932853
2022-09-01,Enseñanza,169.35766230982802,3.6258952226159824
2022-09-01,Explotación de minas y canteras,98.94218983386318,9.786163931365355
2022-09-01,Hoteles y restaurantes,133.01173417631952,10.525305470745261
2022-09-01,Impuestos netos de subsidios,180.97565054728992,10.827536059991028
2022-09-01,Industria manufacturera,137.27774266095517,4.0051203864299945
2022-09-01,Intermediación financiera,162.68936341749156,-1.819894445569581
2022-09-01,"Otras actividades de servicios comunitarios, sociales y personales",123.6985962971364,7.223967602807702
2022-09-01,Pesca,212.27799063837284,-2.6782109662578324
2022-09-01,Servicios sociales y de salud,180.82351305750942,0.7919697695036421
2022-09-01,Transporte y comunicaciones,180.45654049955465,5.600901846831685
2022-10-01,"Actividades inmobiliarias, empresariales y de alquiler",151.90729430501457,3.7884222454029226
2022-10-01,Administración pública y defensa; planes de seguridad social de afiliación obligatoria,161.92808286819286,1.3215800971972724
2022-10-01,"Agricultura, ganadería, caza y silvicultura",64.51382046655428,-14.683045492639646
2022-10-01,"Comercio mayorista, minorista y reparaciones",158.97714648987304,4.760045258167489
2022-10-01,Construcción,146.38832476800195,3.9564381598971687
2022-10-01,"Electricidad, gas y agua",137.18813907725774,6.174916103774564
2022-10-01,Enseñanza,168.69910755685464,2.636615625222949
2022-10-01,Explotación de minas y canteras,102.76662360118193,11.787087698711884
2022-10-01,Hoteles y restaurantes,150.02974740172868,31.655602833859
2022-10-01,Impuestos netos de subsidios,173.76792815481497,13.889259796466579
2022-10-01,Industria manufacturera,138.3119723681216,3.4655205896054753
2022-10-01,Intermediación financiera,163.7771336217326,-3.0292906284730803
2022-10-01,"Otras actividades de servicios comunitarios, sociales y personales",131.62928030847593,8.495946435791613
2022-10-01,Pesca,85.89095927760494,-27.839367702659356
2022-10-01,Servicios sociales y de salud,176.02362478124112,1.130088786456307
2022-10-01,Transporte y comunicaciones,181.46600470888183,6.156573545341981
2022-11-01,"Actividades inmobiliarias, empresariales y de alquiler",154.20609224211262,3.2889824513266497
2022-11-01,Administración pública y defensa; planes de seguridad social de afiliación obligatoria,162.631971890375,1.3237753957075604
2022-11-01,"Agricultura, ganadería, caza y silvicultura",75.33229454023947,-18.576009381305226
2022-11-01,"Comercio mayorista, minorista y reparaciones",162.78683132133284,2.6181581462625836
2022-11-01,Construcción,149.69449811353206,3.3579601881986942
2022-11-01,"Electricidad, gas y agua",145.59281787212953,4.360407561085156
2022-11-01,Enseñanza,169.29677822073538,2.7377981841854915
2022-11-01,Explotación de minas y canteras,97.03481061842196,7.492443427526396
2022-11-01,Hoteles y restaurantes,149.86294155693355,25.740229995540552
2022-11-01,Impuestos netos de subsidios,172.81784606721894,11.601828858439944
2022-11-01,Industria manufacturera,139.74501413046593,1.4548752233149331
2022-11-01,Intermediación financiera,163.57141221299437,-4.976646747248381
2022-11-01,"Otras actividades de servicios comunitarios, sociales y personales",127.21615230616472,4.875048314265107
2022-11-01,Pesca,76.56739268125872,-16.02115729786164
2022-11-01,Servicios sociales y de salud,175.31422931082145,0.6939938174724603
2022-11-01,Transporte y comunicaciones,179.81132080266005,2.94239729968222
2022-12-01,"Actividades inmobiliarias, empresariales y de alquiler",154.53934163682857,2.226606371512063
2022-12-01,Administración pública y defensa; planes de seguridad social de afiliación obligatoria,163.11139142936764,1.1658830236648265
2022-12-01,"Agricultura, ganadería, caza y silvicultura",92.00101016529914,-28.92470320835956
2022-12-01,"Comercio mayorista, minorista y reparaciones",153.1130299365649,-1.2870063261564813
2022-12-01,Construcción,139.64468629026385,-1.4140139780703498
2022-12-01,"Electricidad, gas y agua",161.24217921321213,4.122317708625367
2022-12-01,Enseñanza,170.39460957652813,2.3746684161326748
2022-12-01,Explotación de minas y canteras,102.3561988818582,10.679650088086468
2022-12-01,Hoteles y restaurantes,153.27962841112736,21.116127964755194
2022-12-01,Impuestos netos de subsidios,169.45731639781536,3.570453619739422
2022-12-01,Industria manufacturera,129.31124178982475,-1.3227018361946286
2022-12-01,Intermediación financiera,170.0735972769051,-2.8060192655017024
2022-12-01,"Otras actividades de servicios comunitarios, sociales y personales",128.84333691778846,2.1725122796860674
2022-12-01,Pesca,119.21712957671697,12.065334094969305
2022-12-01,Servicios sociales y de salud,168.84630610085242,0.8542927844767068
2022-12-01,Transporte y comunicaciones,177.7183534564488,0.7958734980339388
2023-01-01,"Actividades inmobiliarias, empresariales y de alquiler",149.2466986723942,3.161021934588848
2023-01-01,Administración pública y defensa; planes de seguridad social de afiliación obligatoria,164.2827033609964,1.8224800648127815
2023-01-01,"Agricultura, ganadería, caza y silvicultura",81.0629765193465,-21.26552718503324
2023-01-01,"Comercio mayorista, minorista y reparaciones",146.9178246165651,5.5005319300015065
2023-01-01,Construcción,154.63571367778556,5.698103538718957
2023-01-01,"Electricidad, gas y agua",166.2058356760076,1.3164442783415442
2023-01-01,Enseñanza,164.43782749676507,2.6820047794914093
2023-01-01,Explotación de minas y canteras,105.0154078792852,12.278549870753007
2023-01-01,Hoteles y restaurantes,180.9163871864305,8.086211996992576
2023-01-01,Impuestos netos de subsidios,170.51397286505187,0.17546362109837066
2023-01-01,Industria manufacturera,113.63935094784206,7.64802528423314
2023-01-01,Intermediación financiera,166.81777036555005,-2.2890506961904755
2023-01-01,"Otras actividades de servicios comunitarios, sociales y personales",144.81780754304816,5.829773978165753
2023-01-01,Pesca,183.61501774124355,64.17189022919618
2023-01-01,Servicios sociales y de salud,184.83828659197172,0.8540464250397228
2023-01-01,Transporte y comunicaciones,177.3713434302166,3.6502836076747203
2023-02-01,"Actividades inmobiliarias, empresariales y de alquiler",148.09704709043262,1.5455097731591705
2023-02-01,Administración pública y defensa; planes de seguridad social de afiliación obligatoria,164.5627727433976,1.7969419287855004
2023-02-01,"Agricultura, ganadería, caza y silvicultura",69.23363692806389,-12.085366169057643
2023-02-01,"Comercio mayorista, minorista y reparaciones",146.74024934183828,0.9779795418221493
2023-02-01,Construcción,151.5611255517175,0.48295506175748404
2023-02-01,"Electricidad, gas y agua",144.24530595478134,5.719564522340104
2023-02-01,Enseñanza,165.47497421922156,2.453271391416645
2023-02-01,Explotación de minas y canteras,94.21403558891389,11.332517181516376
2023-02-01,Hoteles y restaurantes,173.7554647117166,5.5462067333369225
2023-02-01,Impuestos netos de subsidios,155.67452153761906,-3.585922873488301
2023-02-01,Industria manufacturera,112.32182639174057,-1.740918496339472
2023-02-01,Intermediación financiera,155.3071669981746,-3.9397400893321888
2023-02-01,"Otras actividades de servicios comunitarios, sociales y personales",143.26676658385148,4.406021093408663
2023-02-01,Pesca,133.55786085880212,-16.644272148527783
2023-02-01,Servicios sociales y de salud,175.38434064243796,0.5062299776526613
2023-02-01,Transporte y comunicaciones,172.2029361496277,-0.01822652550833581
2023-03-01,"Actividades inmobiliarias, empresariales y de alquiler",153.0125985792604,2.7803303004529045
2023-03-01,Administración pública y defensa; planes de seguridad social de afiliación obligatoria,164.2815268843597,1.7403561742734164
2023-03-01,"Agricultura, ganadería, caza y silvicultura",123.41988760390514,-17.95128507534589
2023-03-01,"Comercio mayorista, minorista y reparaciones",169.40588855953135,4.578194141097813
2023-03-01,Construcción,162.78755298876786,4.125467475808486
2023-03-01,"Electricidad, gas y agua",165.0405805532426,13.029106292264858
2023-03-01,Enseñanza,169.77001047017473,2.731441094365783
2023-03-01,Explotación de minas y canteras,103.86414349021189,9.107190666369736
2023-03-01,Hoteles y restaurantes,138.63422951878675,6.066925255971545
2023-03-01,Impuestos netos de subsidios,172.91547612532648,-0.739476664663663
2023-03-01,Industria manufacturera,139.01778213551626,3.3506243952379666
2023-03-01,Intermediación financiera,176.18128107885175,-2.253806505251954
2023-03-01,"Otras actividades de servicios comunitarios, sociales y personales",142.13725471841846,2.304731012708028
2023-03-01,Pesca,120.36823216143422,-6.688264186576731
2023-03-01,Servicios sociales y de salud,190.61567323167037,1.1254298334516522
2023-03-01,Transporte y comunicaciones,182.86696506738355,-1.0744241054421066
2023-04-01,"Actividades inmobiliarias, empresariales y de alquiler",153.98886639333676,1.617104931651614
2023-04-01,Administración pública y defensa; planes de seguridad social de afiliación obligatoria,163.77062106648464,1.9004585811805752
2023-04-01,"Agricultura, ganadería, caza y silvicultura",121.75128830961674,-39.997747859554565
2023-04-01,"Comercio mayorista, minorista y reparaciones",163.65871560919015,1.2472205397862757
2023-04-01,Construcción,151.91960901590292,0.4319379616828378
2023-04-01,"Electricidad, gas y agua",132.95555362961514,-4.1002240071941864
2023-04-01,Enseñanza,169.32158635350913,2.6359079113732697
2023-04-01,Explotación de minas y canteras,102.05521615069266,6.890987461310849
2023-04-01,Hoteles y restaurantes,110.46472444301791,-0.9197663586846039
2023-04-01,Impuestos netos de subsidios,170.4136251836539,-5.546151652373121
2023-04-01,Industria manufacturera,130.73051151922354,1.2408944108831088
2023-04-01,Intermediación financiera,168.32374060277,-4.137467857856625
2023-04-01,"Otras actividades de servicios comunitarios, sociales y personales",122.93085028702365,1.5469773613930649
2023-04-01,Pesca,68.671005900949,-67.47570099761333
2023-04-01,Servicios sociales y de salud,193.87124742862545,1.4358746841348413
2023-04-01,Transporte y comunicaciones,182.99373229098802,-3.2918988906730284
2023-05-01,"Actividades inmobiliarias, empresariales y de alquiler",155.38142475373627,1.3926108113822222
2023-05-01,Administración pública y defensa; planes de seguridad social de afiliación obligatoria,164.40029620994562,2.158609344166451
2023-05-01,"Agricultura, ganadería, caza y silvicultura",138.55748750504233,-49.062199114604155
2023-05-01,"Comercio mayorista, minorista y reparaciones",169.74011117380232,2.1521462262261926
2023-05-01,Construcción,146.9522689680797,0.8994475925069967
2023-05-01,"Electricidad, gas y agua",144.0905904208616,-7.6154807443890356
2023-05-01,Enseñanza,170.39567407111338,2.677372386860699
2023-05-01,Explotación de minas y canteras,110.99519191799392,6.6276532403910515
2023-05-01,Hoteles y restaurantes,139.3927853927501,1.6383784393334322
2023-05-01,Impuestos netos de subsidios,167.56156585598205,-2.613148072089133
2023-05-01,Industria manufacturera,134.75208504224818,-0.4538518223011323
2023-05-01,Intermediación financiera,153.9150891366395,-3.4229881647240945
2023-05-01,"Otras actividades de servicios comunitarios, sociales y personales",122.61374294170521,2.6290138206309432
2023-05-01,Pesca,140.92854028886813,-17.158789605333315
2023-05-01,Servicios sociales y de salud,197.53183508459753,1.5247981821227885
2023-05-01,Transporte y comunicaciones,189.0202673630392,-3.3839116850436834
2023-06-01,"Actividades inmobiliarias, empresariales y de alquiler",155.69511131775252,1.6816382158985288
2023-06-01,Administración pública y defensa; planes de seguridad social de afiliación obligatoria,165.9096737323692,2.0871542511470498
2023-06-01,"Agricultura, ganadería, caza y silvicultura",106.7964115914566,-43.97055275179596
2023-06-01,"Comercio mayorista, minorista y reparaciones",173.49492435577824,1.2088314738486705
2023-06-01,Construcción,150.80489937627252,0.6313356551964189
2023-06-01,"Electricidad, gas y agua",154.23736292940998,-7.44361904643055
2023-06-01,Enseñanza,171.67069825181727,2.722369589867135
2023-06-01,Explotación de minas y canteras,105.45923778154051,9.115111153479294
2023-06-01,Hoteles y restaurantes,166.5743217571198,1.7265368553861737
2023-06-01,Impuestos netos de subsidios,168.05383270650762,-5.1968600762639205
2023-06-01,Industria manufacturera,134.0229857410745,-5.214526723099189
2023-06-01,Intermediación financiera,160.42637029848086,-4.291713454401236
2023-06-01,"Otras actividades de servicios comunitarios, sociales y personales",124.21372994790278,1.7048314249054952
2023-06-01,Pesca,216.62068285016628,7.838801346772417
2023-06-01,Servicios sociales y de salud,204.1901674023295,1.5213601091653706
2023-06-01,Transporte y comunicaciones,184.7580568649008,-3.348982235441378
2023-07-01,"Actividades inmobiliarias, empresariales y de alquiler",152.6762889248631,0.07681786933355639
2023-07-01,Administración pública y defensa; planes de seguridad social de afiliación obligatoria,165.79310538856492,2.275128105682356
2023-07-01,"Agricultura, ganadería, caza y silvicultura",93.18774567503195,-14.017451884563458
2023-07-01,"Comercio mayorista, minorista y reparaciones",160.7549265947997,-0.8278647030096731
2023-07-01,Construcción,150.32968528704683,-0.49237266065403906
2023-07-01,"Electricidad, gas y agua",158.68550125754138,-0.5878189299470038
2023-07-01,Enseñanza,171.72047850561106,2.243754200789394
2023-07-01,Explotación de minas y canteras,107.05993274341894,7.989477390971889
2023-07-01,Hoteles y restaurantes,144.12733569973275,7.857345199754695
2023-07-01,Impuestos netos de subsidios,171.08035111653126,-4.096264533773275
2023-07-01,Industria manufacturera,133.66534940624396,-2.770601863472155
2023-07-01,Intermediación financiera,164.84529836837913,-1.0693993908035826
2023-07-01,"Otras actividades de servicios comunitarios, sociales y personales",138.7965081803794,2.1551559907849738
2023-07-01,Pesca,332.4780948279046,20.50474753674072
2023-07-01,Servicios sociales y de salud,187.04025309350692,1.5248367180840328
2023-07-01,Transporte y comunicaciones,184.32983231551356,-0.7595958886739917
2023-08-01,"Actividades inmobiliarias, empresariales y de alquiler",156.72851244190468,1.3681298536932118
2023-08-01,Administración pública y defensa; planes de seguridad social de afiliación obligatoria,165.3657265584249,2.3762650418552633
2023-08-01,"Agricultura, ganadería, caza y silvicultura",74.21947270045149,-2.9796513874521535
2023-08-01,"Comercio mayorista, minorista y reparaciones",167.96613419364007,1.073284601111535
2023-08-01,Construcción,165.19688062735275,2.0030450528466304
2023-08-01,"Electricidad, gas y agua",152.34219584346815,1.1947569687918769
2023-08-01,Enseñanza,172.321096064978,2.2774233023308055
2023-08-01,Explotación de minas y canteras,109.17266105569152,6.970791957927935
2023-08-01,Hoteles y restaurantes,153.91557305748498,7.820847562551259
2023-08-01,Impuestos netos de subsidios,178.042399096214,0.15123226200024487
2023-08-01,Industria manufacturera,137.53861958604352,-2.82401746719515
2023-08-01,Intermediación financiera,167.94419105300847,-0.5981820371656399
2023-08-01,"Otras actividades de servicios comunitarios, sociales y personales",130.15914464793104,0.888269201484615
2023-08-01,Pesca,239.08436455907324,-18.229531048058366
2023-08-01,Servicios sociales y de salud,186.81850767765195,1.774901123284689
2023-08-01,Transporte y comunicaciones,183.0469951844301,0.4079582921442171
2023-09-01,"Actividades inmobiliarias, empresariales y de alquiler",154.37048183183592,1.1924261450857232
2023-09-01,Administración pública y defensa; planes de seguridad social de afiliación obligatoria,166.45237801669873,2.564393632650286
2023-09-01,"Agricultura, ganadería, caza y silvicultura",71.25488081838502,-1.7753213008183555
2023-09-01,"Comercio mayorista, minorista y reparaciones",163.08333279432657,-1.5086179997325533
2023-09-01,Construcción,159.9226843603715,-0.04194996216964064
2023-09-01,"Electricidad, gas y agua",144.13534999171964,7.629415819421559
2023-09-01,Enseñanza,172.99517470798855,2.1478286536017244
2023-09-01,Explotación de minas y canteras,106.82226140094879,7.964318942523185
2023-09-01,Hoteles y restaurantes,145.20636876597803,9.168089315709071
2023-09-01,Impuestos netos de subsidios,174.20923728123807,-3.738852848761409
2023-09-01,Industria manufacturera,133.0817362197774,-3.056581758880561
2023-09-01,Intermediación financiera,161.3063220536929,-0.8501117311827677
2023-09-01,"Otras actividades de servicios comunitarios, sociales y personales",126.11369643325855,1.9524070671916416
2023-09-01,Pesca,232.69904608581746,9.619958897308866
2023-09-01,Servicios sociales y de salud,183.75826418088238,1.62299198469813
2023-09-01,Transporte y comunicaciones,181.23674129777905,0.4323483072791845
2023-10-01,"Actividades inmobiliarias, empresariales y de alquiler",156.33586080785676,2.9153086578910914
2023-10-01,Administración pública y defensa; planes de seguridad social de afiliación obligatoria,166.3792682291421,2.748865596446559
2023-10-01,"Agricultura, ganadería, caza y silvicultura",65.22322788233157,1.0996208419327358
2023-10-01,"Comercio mayorista, minorista y reparaciones",159.75763595122527,0.49094443986761327
2023-10-01,Construcción,150.3067592229,2.6767397339289456
2023-10-01,"Electricidad, gas y agua",137.2771544489655,0.0648856178868451
2023-10-01,Enseñanza,172.39133310526347,2.1886455725111054
2023-10-01,Explotación de minas y canteras,109.13832423735515,6.2001653969878445
2023-10-01,Hoteles y restaurantes,159.5778880125637,6.364164958078833
2023-10-01,Impuestos netos de subsidios,170.47009017886296,-1.8978404190984288
2023-10-01,Industria manufacturera,136.52023750744823,-1.2954300556893283
2023-10-01,Intermediación financiera,169.96696850721008,3.7794255819459055
2023-10-01,"Otras actividades de servicios comunitarios, sociales y personales",131.55122735651562,-0.05929756037363898
2023-10-01,Pesca,103.90563119313863,20.9738860376552
2023-10-01,Servicios sociales y de salud,179.43726286968567,1.9393067792388363
2023-10-01,Transporte y comunicaciones,179.86446990044743,-0.8825536281595325
2023-11-01,"Actividades inmobiliarias, empresariales y de alquiler",155.99411650774883,1.1595029999391437
2023-11-01,Administración pública y defensa; planes de seguridad social de afiliación obligatoria,166.76405172069576,2.540754921858812
2023-11-01,"Agricultura, ganadería, caza y silvicultura",78.83278478820388,4.646732545886523
2023-11-01,"Comercio mayorista, minorista y reparaciones",158.43066098832125,-2.6759967607040247
2023-11-01,Construcción,149.6504532407119,-0.02942317411476214
2023-11-01,"Electricidad, gas y agua",142.68876243297763,-1.99464196214848
2023-11-01,Enseñanza,172.74498440249738,2.036781926981557
2023-11-01,Explotación de minas y canteras,105.46173361293893,8.684432876006598
2023-11-01,Hoteles y restaurantes,160.2752013097985,6.947854916426599
2023-11-01,Impuestos netos de subsidios,165.82848274608938,-4.044352756491931
2023-11-01,Industria manufacturera,132.74506100473502,-5.0090897119204225
2023-11-01,Intermediación financiera,159.32385182025058,-2.596762071854486
2023-11-01,"Otras actividades de servicios comunitarios, sociales y personales",127.80814518362442,0.46534411450755986
2023-11-01,Pesca,57.04452369480413,-25.497628040863376
2023-11-01,Servicios sociales y de salud,178.92689394381736,2.0606796420334472
2023-11-01,Transporte y comunicaciones,179.9736941753382,0.0903020855157255
2023-12-01,"Actividades inmobiliarias, empresariales y de alquiler",154.44469951770486,-0.061241440607473496
2023-12-01,Administración pública y defensa; planes de seguridad social de afiliación obligatoria,167.4595746034447,2.6657752937874646
2023-12-01,"Agricultura, ganadería, caza y silvicultura",100.80350322606783,9.567822184727293
2023-12-01,"Comercio mayorista, minorista y reparaciones",137.65701678506338,-10.094511981054122
2023-12-01,Construcción,131.35921352917163,-5.933253159286089
2023-12-01,"Electricidad, gas y agua",141.51866324817738,-12.232231083254064
2023-12-01,Enseñanza,173.90159048908862,2.058152497474053
2023-12-01,Explotación de minas y canteras,110.44849703625607,7.906016677835193
2023-12-01,Hoteles y restaurantes,166.37261020543664,8.54189296387855
2023-12-01,Impuestos netos de subsidios,152.9166571902858,-9.760959018552473
2023-12-01,Industria manufacturera,113.47626782326661,-12.245628258906848
2023-12-01,Intermediación financiera,151.33250596798584,-11.019400782360112
2023-12-01,"Otras actividades de servicios comunitarios, sociales y personales",130.6820574123588,1.427097852753989
2023-12-01,Pesca,132.73828561874103,11.341621870977114
2023-12-01,Servicios sociales y de salud,172.14566696754724,1.9540616214156925
2023-12-01,Transporte y comunicaciones,177.00026446500107,-0.40406011955523846
2024-01-01,"Actividades inmobiliarias, empresariales y de alquiler",147.87211594255564,-0.9210138261455558
2024-01-01,Administración pública y defensa; planes de seguridad social de afiliación obligatoria,165.35108049904875,0.6503284376229601
2024-01-01,"Agricultura, ganadería, caza y silvicultura",89.31759798312302,10.182973557363105
2024-01-01,"Comercio mayorista, minorista y reparaciones",135.85256803113012,-7.53159571639026
2024-01-01,Construcción,130.47335233962954,-15.62534343683577
2024-01-01,"Electricidad, gas y agua",156.76960401071955,-5.67743703276612
2024-01-01,Enseñanza,167.16123409687575,1.6561922773908222
2024-01-01,Explotación de minas y canteras,112.66126808418974,7.280703240893405
2024-01-01,Hoteles y restaurantes,178.0608175210592,-1.5783919355125686
2024-01-01,Impuestos netos de subsidios,161.74992038105026,-5.139785518303331
2024-01-01,Industria manufacturera,100.69247142747804,-11.392954476047956
2024-01-01,Intermediación financiera,147.90273052783093,-11.338743945726126
2024-01-01,"Otras actividades de servicios comunitarios, sociales y personales",143.57192052512477,-0.8603134096979326
2024-01-01,Pesca,160.04133415759222,-12.83864679133826
2024-01-01,Servicios sociales y de salud,188.09598603012185,1.762459227584956
2024-01-01,Transporte y comunicaciones,177.57446285397867,0.11451648267071235
2024-02-01,"Actividades inmobiliarias, empresariales y de alquiler",147.4623804232155,-0.42854782028811655
2024-02-01,Administración pública y defensa; planes de seguridad social de afiliación obligatoria,165.3968895043454,0.5068684411683178
2024-02-01,"Agricultura, ganadería, caza y silvicultura",70.70108086209932,2.1195534412848493
2024-02-01,"Comercio mayorista, minorista y reparaciones",139.55205234111753,-4.898585788808019
2024-02-01,Construcción,125.06857371428958,-17.47978034670099
2024-02-01,"Electricidad, gas y agua",156.22470303165534,8.304878274950145
2024-02-01,Enseñanza,168.49857387212643,1.8272247312147494
2024-02-01,Explotación de minas y canteras,104.88424730841224,11.325501187589415
2024-02-01,Hoteles y restaurantes,170.7654588856228,-1.7208125402298102
2024-02-01,Impuestos netos de subsidios,151.04570142099413,-2.9733960772163726
2024-02-01,Industria manufacturera,102.71494430406139,-8.552996684877279
2024-02-01,Intermediación financiera,137.0916244002663,-11.728719897467698
2024-02-01,"Otras actividades de servicios comunitarios, sociales y personales",140.84038871624892,-1.6936083122825574
2024-02-01,Pesca,173.23591755834963,29.70851468001221
2024-02-01,Servicios sociales y de salud,177.96576532351486,1.4718672554351553
2024-02-01,Transporte y comunicaciones,172.02948223066053,-0.1007264584713341
2024-03-01,"Actividades inmobiliarias, empresariales y de alquiler",147.98958839430395,-3.28274287973388
2024-03-01,Administración pública y defensa; planes de seguridad social de afiliación obligatoria,163.55744760426478,-0.4407551438236901
2024-03-01,"Agricultura, ganadería, caza y silvicultura",137.4024381695313,11.329252389615485
2024-03-01,"Comercio mayorista, minorista y reparaciones",143.43273418537763,-15.33190764205722
2024-03-01,Construcción,119.40403276208195,-26.650391525744787
2024-03-01,"Electricidad, gas y agua",152.198085383576,-7.781416622879345
2024-03-01,Enseñanza,171.2699871446924,0.8835345361430491
2024-03-01,Explotación de minas y canteras,110.60269501459675,6.487851628045149
2024-03-01,Hoteles y restaurantes,136.83591659902413,-1.2971637134672642
2024-03-01,Impuestos netos de subsidios,156.0029767119493,-9.780789893623677
2024-03-01,Industria manufacturera,111.1151899408215,-20.071239640044737
2024-03-01,Intermediación financiera,149.15588580655458,-15.33953840431077
2024-03-01,"Otras actividades de servicios comunitarios, sociales y personales",138.74878488465552,-2.383942085047075
2024-03-01,Pesca,122.33165379916866,1.631179259242721
2024-03-01,Servicios sociales y de salud,192.05410065788215,0.7546218009384376
2024-03-01,Transporte y comunicaciones,181.50668793635933,-0.7438615993451747
2024-04-01,"Actividades inmobiliarias, empresariales y de alquiler",151.6872757393284,-1.4946474429712087
2024-04-01,Administración pública y defensa; planes de seguridad social de afiliación obligatoria,162.43497694361378,-0.8155578297090571
2024-04-01,"Agricultura, ganadería, caza y silvicultura",199.87959837777458,64.1704175396284
2024-04-01,"Comercio mayorista, minorista y reparaciones",139.25886163483324,-14.908985374553897
2024-04-01,Construcción,114.69801350983298,-24.500849987162354
2024-04-01,"Electricidad, gas y agua",135.2132682727557,1.6980972825174856
2024-04-01,Enseñanza,170.42425713892567,0.6512287116861692
2024-04-01,Explotación de minas y canteras,110.95347131748427,8.7190596447835
2024-04-01,Hoteles y restaurantes,106.32256425802858,-3.7497583105147947
2024-04-01,Impuestos netos de subsidios,163.13927656673312,-4.268642609463447
2024-04-01,Industria manufacturera,109.81700808447219,-15.997415746113774
2024-04-01,Intermediación financiera,152.44110848041728,-9.435764714755479
2024-04-01,"Otras actividades de servicios comunitarios, sociales y personales",119.50260852059165,-2.7887562466440308
2024-04-01,Pesca,186.50311303596138,171.58931282435753
2024-04-01,Servicios sociales y de salud,195.30634180779273,0.7402306418313076
2024-04-01,Transporte y comunicaciones,185.09565460457358,1.1486307685353747
2024-05-01,"Actividades inmobiliarias, empresariales y de alquiler",154.19126461633758,-0.7659603709291307
2024-05-01,Administración pública y defensa; planes de seguridad social de afiliación obligatoria,162.64780384213023,-1.0659910037980613
2024-05-01,"Agricultura, ganadería, caza y silvicultura",271.4280061368293,95.89558891716452
2024-05-01,"Comercio mayorista, minorista y reparaciones",147.50108575718397,-13.101809149781396
2024-05-01,Construcción,114.979821946725,-21.757028486780015
2024-05-01,"Electricidad, gas y agua",160.89583517137999,11.662971677354793
2024-05-01,Enseñanza,171.08497478471344,0.4045294678739264
2024-05-01,Explotación de minas y canteras,119.34566118427519,7.523271163358869
2024-05-01,Hoteles y restaurantes,135.43970795526332,-2.8359268568661555
2024-05-01,Impuestos netos de subsidios,164.26400794842493,-1.9679679470119948
2024-05-01,Industria manufacturera,114.79932938840267,-14.807010702350043
2024-05-01,Intermediación financiera,140.31111945681783,-8.838619888492294
2024-05-01,"Otras actividades de servicios comunitarios, sociales y personales",116.69763016798791,-4.824999736391722
2024-05-01,Pesca,135.47494894428672,-3.8697564974439658
2024-05-01,Servicios sociales y de salud,197.44967813653,-0.04159175053092268
2024-05-01,Transporte y comunicaciones,194.3492593638815,2.8192701635572304
2024-06-01,"Actividades inmobiliarias, empresariales y de alquiler",153.30084775325415,-1.5377898151291425
2024-06-01,Administración pública y defensa; planes de seguridad social de afiliación obligatoria,163.43066761025526,-1.4941902219112735
2024-06-01,"Agricultura, ganadería, caza y silvicultura",188.1931365208853,76.21672274983085
2024-06-01,"Comercio mayorista, minorista y reparaciones",140.9170949578168,-18.777396237342103
2024-06-01,Construcción,115.71808431630693,-23.266362833756915
2024-06-01,"Electricidad, gas y agua",148.45274397575912,-3.7504654149839944
2024-06-01,Enseñanza,172.07201437159503,0.23377089035256926
2024-06-01,Explotación de minas y canteras,109.35008141909961,3.689428938998218
2024-06-01,Hoteles y restaurantes,163.18419610953836,-2.0352030323884773
2024-06-01,Impuestos netos de subsidios,160.99957359141374,-4.197618704366935
2024-06-01,Industria manufacturera,107.48906171550337,-19.798039775679456
2024-06-01,Intermediación financiera,144.08797833956808,-10.184355557327907
2024-06-01,"Otras actividades de servicios comunitarios, sociales y personales",119.29602706807256,-3.959065460712574
2024-06-01,Pesca,294.1394772633441,35.78549997776368
2024-06-01,Servicios sociales y de salud,203.44747054947723,-0.3637280199633164
2024-06-01,Transporte y comunicaciones,186.3312883105076,0.8515089800696485
2024-07-01,"Actividades inmobiliarias, empresariales y de alquiler",152.77713654126984,0.06605322746375819
2024-07-01,Administración pública y defensa; planes de seguridad social de afiliación obligatoria,163.24528919420786,-1.5367443588114371
2024-07-01,"Agricultura, ganadería, caza y silvicultura",116.84068128153342,25.38202360746544
2024-07-01,"Comercio mayorista, minorista y reparaciones",152.8623267592701,-4.90970945818896
2024-07-01,Construcción,130.68303161618246,-13.06904463569526
2024-07-01,"Electricidad, gas y agua",165.4365766157473,4.254374410204709
2024-07-01,Enseñanza,172.4261199416412,0.4109244524421074
2024-07-01,Explotación de minas y canteras,113.30323329644688,5.831593942797153
2024-07-01,Hoteles y restaurantes,155.465297410888,7.866628253488406
2024-07-01,Impuestos netos de subsidios,172.38425548555648,0.7621590442826953
2024-07-01,Industria manufacturera,126.19668795713169,-5.587582333259055
2024-07-01,Intermediación financiera,161.08916936067712,-2.278578185049729
2024-07-01,"Otras actividades de servicios comunitarios, sociales y personales",133.56266969047385,-3.7708718746033987
2024-07-01,Pesca,313.7290186795418,-5.6391914053969705
2024-07-01,Servicios sociales y de salud,186.23470519387908,-0.4306815705735434
2024-07-01,Transporte y comunicaciones,186.6772042579848,1.2734628535077785
2024-08-01,"Actividades inmobiliarias, empresariales y de alquiler",155.33915490987144,-0.886474011898919
2024-08-01,Administración pública y defensa; planes de seguridad social de afiliación obligatoria,162.45812064347464,-1.7582881141473994
2024-08-01,"Agricultura, ganadería, caza y silvicultura",78.70945089954832,6.049595929114582
2024-08-01,"Comercio mayorista, minorista y reparaciones",156.86314917571497,-6.610252162572849
2024-08-01,Construcción,137.84950252171353,-16.55441555662833
2024-08-01,"Electricidad, gas y agua",155.2397767202749,1.9020212100553158
2024-08-01,Enseñanza,172.67313467749887,0.2042922315141915
2024-08-01,Explotación de minas y canteras,116.315523087894,6.542720460536122
2024-08-01,Hoteles y restaurantes,168.19033636717813,9.2744113062307
2024-08-01,Impuestos netos de subsidios,170.80688535080955,-4.063927346594786
2024-08-01,Industria manufacturera,128.7014303345424,-6.425242072443959
2024-08-01,Intermediación financiera,162.558924687501,-3.2065809074680707
2024-08-01,"Otras actividades de servicios comunitarios, sociales y personales",125.72634175995525,-3.4056791783367513
2024-08-01,Pesca,291.8382581527917,22.064970116723792
2024-08-01,Servicios sociales y de salud,185.14164112724902,-0.8975912350698723
2024-08-01,Transporte y comunicaciones,179.7848948941941,-1.7821108109145611
2024-09-01,"Actividades inmobiliarias, empresariales y de alquiler",153.5984739407996,-0.5001007199532448
2024-09-01,Administración pública y defensa; planes de seguridad social de afiliación obligatoria,162.95831977885078,-2.099133866082359
2024-09-01,"Agricultura, ganadería, caza y silvicultura",74.40885546103442,4.42632786193029
2024-09-01,"Comercio mayorista, minorista y reparaciones",153.40556489753158,-5.9342470692576255
2024-09-01,Construcción,135.5314914094263,-15.251865642763862
2024-09-01,"Electricidad, gas y agua",137.183473880437,-4.823158310353437
2024-09-01,Enseñanza,173.01343574154208,0.01055580514564003
2024-09-01,Explotación de minas y canteras,115.83738667656327,8.439369432347931
2024-09-01,Hoteles y restaurantes,155.20940988116195,6.888844614870382
2024-09-01,Impuestos netos de subsidios,172.72666034315753,-0.8510323340013892
2024-09-01,Industria manufacturera,124.8013663306414,-6.222018230556758
2024-09-01,Intermediación financiera,161.31297541543387,0.004124675125116717
2024-09-01,"Otras actividades de servicios comunitarios, sociales y personales",119.97664351288519,-4.866285815055138
2024-09-01,Pesca,188.5883649907674,-18.95610740010615
2024-09-01,Servicios sociales y de salud,181.92207707683946,-0.9992405578208241
2024-09-01,Transporte y comunicaciones,180.89653722206313,-0.18771253184085568
2024-10-01,"Actividades inmobiliarias, empresariales y de alquiler",157.24933700520137,0.5843036860668338
2024-10-01,Administración pública y defensa; planes de seguridad social de afiliación obligatoria,162.49226810995884,-2.3362286422789036
2024-10-01,"Agricultura, ganadería, caza y silvicultura",67.85257321129818,4.031302059613151
2024-10-01,"Comercio mayorista, minorista y reparaciones",159.65921981927957,-0.06160339777170343
2024-10-01,Construcción,128.1229734795172,-14.759007417946501
2024-10-01,"Electricidad, gas y agua",135.751957748545,-1.111034612090167
2024-10-01,Enseñanza,173.23000109539655,0.48649080845670767
2024-10-01,Explotación de minas y canteras,118.51599940217214,8.592467614238174
2024-10-01,Hoteles y restaurantes,184.57189923507406,15.662578026187779
2024-10-01,Impuestos netos de subsidios,175.77128836607662,3.1097526737103642
2024-10-01,Industria manufacturera,134.33710123003507,-1.5991301489598153
2024-10-01,Intermediación financiera,170.73354015672498,0.4510121326793959
2024-10-01,"Otras actividades de servicios comunitarios, sociales y personales",126.92668590230456,-3.5153921002030186
2024-10-01,Pesca,71.47978710726058,-31.207013242242144
2024-10-01,Servicios sociales y de salud,177.24701251916088,-1.2206218014568337
2024-10-01,Transporte y comunicaciones,182.73904879045614,1.5981916226143866
2024-11-01,"Actividades inmobiliarias, empresariales y de alquiler",157.99806078342928,1.284628113253805
2024-11-01,Administración pública y defensa; planes de seguridad social de afiliación obligatoria,162.78026461527526,-2.3888764180980293
2024-11-01,"Agricultura, ganadería, caza y silvicultura",81.03871439323747,2.7982388430906724
2024-11-01,"Comercio mayorista, minorista y reparaciones",159.38757023176794,0.6039924579480438
2024-11-01,Construcción,127.98405499876621,-14.478003756590974
2024-11-01,"Electricidad, gas y agua",136.1158544023994,-4.606465091226497
2024-11-01,Enseñanza,173.45947874992322,0.4136122098694628
2024-11-01,Explotación de minas y canteras,113.8015394826107,7.907897570013556
2024-11-01,Hoteles y restaurantes,187.6382570139711,17.072544898123155
2024-11-01,Impuestos netos de subsidios,173.94907317855285,4.89698168733621
2024-11-01,Industria manufacturera,130.81905949069474,-1.450902579322011
2024-11-01,Intermediación financiera,171.43513921600078,7.601678755177321
2024-11-01,"Otras actividades de servicios comunitarios, sociales y personales",122.0499915337995,-4.5053103943822
2024-11-01,Pesca,146.17009794885973,156.23861587641508
2024-11-01,Servicios sociales y de salud,176.43464299809807,-1.3928878385950472
2024-11-01,Transporte y comunicaciones,182.14016225478045,1.2037693004909755
2024-12-01,"Actividades inmobiliarias, empresariales y de alquiler",160.98059064393374,4.231864963083187
2024-12-01,Administración pública y defensa; planes de seguridad social de afiliación obligatoria,162.88552460173003,-2.731435340467292
2024-12-01,"Agricultura, ganadería, caza y silvicultura",110.4933409903601,9.61260021148398
2024-12-01,"Comercio mayorista, minorista y reparaciones",150.43204438310033,9.280331577999966
2024-12-01,Construcción,122.1428910701598,-7.016121832188881
2024-12-01,"Electricidad, gas y agua",145.811944459274,3.033720862362599
2024-12-01,Enseñanza,174.40113326016336,0.28725601052286276
2024-12-01,Explotación de minas y canteras,118.6774315974072,7.450472194700741
2024-12-01,Hoteles y restaurantes,195.25779227004566,17.36174123189005
2024-12-01,Impuestos netos de subsidios,174.58644028820314,14.170976201076634
2024-12-01,Industria manufacturera,122.40586211001634,7.869129341350134
2024-12-01,Intermediación financiera,176.4567362991631,16.602005081771566
2024-12-01,"Otras actividades de servicios comunitarios, sociales y personales",126.33380444140221,-3.327352704002784
2024-12-01,Pesca,114.4840706569845,-13.75203459700195
2024-12-01,Servicios sociales y de salud,169.65090579798863,-1.4492151986776003
2024-12-01,Transporte y comunicaciones,182.451129782909,3.0795803240089237
2025-01-01,"Actividades inmobiliarias, empresariales y de alquiler",153.53201843731992,3.8275657710632904
2025-01-01,Administración pública y defensa; planes de seguridad social de afiliación obligatoria,163.00530999749213,-1.418660521888826
2025-01-01,"Agricultura, ganadería, caza y silvicultura",91.89780236797522,2.888797328987436
2025-01-01,"Comercio mayorista, minorista y reparaciones",148.1174266677723,9.028065361143355
2025-01-01,Construcción,133.80836340738318,2.556085980739131
2025-01-01,"Electricidad, gas y agua",166.44389700391375,6.171025980605704
2025-01-01,Enseñanza,167.79089064712173,0.37667617952681365
2025-01-01,Explotación de minas y canteras,122.43324526042862,8.673768139141181
2025-01-01,Hoteles y restaurantes,195.33013412741715,9.698549544351899
2025-01-01,Impuestos netos de subsidios,183.76791773616296,13.612369825742565
2025-01-01,Industria manufacturera,106.91362417711214,6.178369307495624
2025-01-01,Intermediación financiera,186.03519536690266,25.78212363151493
2025-01-01,"Otras actividades de servicios comunitarios, sociales y personales",141.0061412405926,-1.7871038258369998
2025-01-01,Pesca,156.42193089701684,-2.2615427943204813
2025-01-01,Servicios sociales y de salud,186.9210688248743,-0.6246370430570414
2025-01-01,Transporte y comunicaciones,182.5970381941887,2.8284333566252373
2025-02-01,"Actividades inmobiliarias, empresariales y de alquiler",153.9624735920752,4.407967069434604
2025-02-01,Administración pública y defensa; planes de seguridad social de afiliación obligatoria,163.0217299635528,-1.43603640183948
2025-02-01,"Agricultura, ganadería, caza y silvicultura",75.11912598157055,6.248907464496223
2025-02-01,"Comercio mayorista, minorista y reparaciones",149.1024390076126,6.843601728730109
2025-02-01,Construcción,130.77047864720444,4.55902291325434
2025-02-01,"Electricidad, gas y agua",156.33439889564903,0.07021672108504795
2025-02-01,Enseñanza,168.38119266482943,-0.0696630271696419
2025-02-01,Explotación de minas y canteras,110.36478759199866,5.225322604900695
2025-02-01,Hoteles y restaurantes,185.77483176635613,8.789466545916923
2025-02-01,Impuestos netos de subsidios,168.22816150774673,11.37566969804833
2025-02-01,Industria manufacturera,107.90734540885771,5.055156423417362
2025-02-01,Intermediación financiera,177.64451896274593,29.58086953881105
2025-02-01,"Otras actividades de servicios comunitarios, sociales y personales",138.32119478968073,-1.7886871440291219
2025-02-01,Pesca,221.9985491733999,28.148107102919905
2025-02-01,Servicios sociales y de salud,176.1443626402935,-1.0234567754704438
2025-02-01,Transporte y comunicaciones,177.05279416401737,2.9200296764373634
2025-03-01,"Actividades inmobiliarias, empresariales y de alquiler",154.69546732540888,4.531318050049427
2025-03-01,Administración pública y defensa; planes de seguridad social de afiliación obligatoria,161.3353815011886,-1.3585844824703819
2025-03-01,"Agricultura, ganadería, caza y silvicultura",147.9911057875826,7.706317121524919
2025-03-01,"Comercio mayorista, minorista y reparaciones",153.95339851753263,7.3349116517277935
2025-03-01,Construcción,132.34831570211912,10.840741841466329
2025-03-01,"Electricidad, gas y agua",146.21817499571625,-3.929031283664919
2025-03-01,Enseñanza,171.96304526390455,0.40465824209272583
2025-03-01,Explotación de minas y canteras,116.99841386620304,5.782606699377646
2025-03-01,Hoteles y restaurantes,149.83162523967243,9.49729352033366
2025-03-01,Impuestos netos de subsidios,170.43889970362898,9.253620216705748
2025-03-01,Industria manufacturera,115.94489567750328,4.346575602538261
2025-03-01,Intermediación financiera,192.51948040594985,29.07266740759733
2025-03-01,"Otras actividades de servicios comunitarios, sociales y personales",138.33566998687422,-0.29774307438059644
2025-03-01,Pesca,132.3985086741594,8.229149661883461
2025-03-01,Servicios sociales y de salud,190.7117184604235,-0.6989604454475606
2025-03-01,Transporte y comunicaciones,185.05516878200646,1.955013826758445
2025-04-01,"Actividades inmobiliarias, empresariales y de alquiler",160.78693529539842,5.998960368770545
2025-04-01,Administración pública y defensa; planes de seguridad social de afiliación obligatoria,160.75040083398565,-1.0370771993355232
2025-04-01,"Agricultura, ganadería, caza y silvicultura",213.98245091066835,7.055673839327614
2025-04-01,"Comercio mayorista, minorista y reparaciones",159.25693846510723,14.360362131002669
2025-04-01,Construcción,133.19035284130663,16.12263261201845
2025-04-01,"Electricidad, gas y agua",129.68897315499117,-4.085616144283099
2025-04-01,Enseñanza,171.38376769282078,0.5630129008647788
2025-04-01,Explotación de minas y canteras,116.10330270732648,4.641433322177346
2025-04-01,Hoteles y restaurantes,124.73051428365673,17.313305180408257
2025-04-01,Impuestos netos de subsidios,182.3922002019166,11.801525690417037
2025-04-01,Industria manufacturera,118.8762451656828,8.249393458472444
2025-04-01,Intermediación financiera,194.90511067789095,27.856004604511675
2025-04-01,"Otras actividades de servicios comunitarios, sociales y personales",122.3146274825809,2.3531025780953563
2025-04-01,Pesca,151.95250115370155,-18.52548803064633
2025-04-01,Servicios sociales y de salud,194.56992065496573,-0.37705951891298106
2025-04-01,Transporte y comunicaciones,189.5040537511271,2.3816870017674407
2025-05-01,"Actividades inmobiliarias, empresariales y de alquiler",159.22137768412878,3.2622555371779605
2025-05-01,Administración pública y defensa; planes de seguridad social de afiliación obligatoria,160.78838935605253,-1.143215243092055
2025-05-01,"Agricultura, ganadería, caza y silvicultura",284.59974164748013,4.852754768426815
2025-05-01,"Comercio mayorista, minorista y reparaciones",160.85179024280774,9.05125844809147
2025-05-01,Construcción,122.0371868246787,6.137915991228171
2025-05-01,"Electricidad, gas y agua",146.89977441052014,-8.698833469462885
2025-05-01,Enseñanza,171.95272429565065,0.5072038102873488
2025-05-01,Explotación de minas y canteras,125.01539867078142,4.7506858902494065
2025-05-01,Hoteles y restaurantes,160.03111296439582,18.156717391368858
2025-05-01,Impuestos netos de subsidios,177.67087254762157,8.161778570145483
2025-05-01,Industria manufacturera,121.16045245726588,5.541080337970872
2025-05-01,Intermediación financiera,176.4706021192234,25.77093162850432
2025-05-01,"Otras actividades de servicios comunitarios, sociales y personales",118.2137484996598,1.2991851929549991
2025-05-01,Pesca,145.54659188073086,7.434321263768129
2025-05-01,Servicios sociales y de salud,196.89112540699998,-0.2828835857325629
2025-05-01,Transporte y comunicaciones,196.11605316886792,0.9090818307048165
2025-06-01,"Actividades inmobiliarias, empresariales y de alquiler",160.57825238878817,4.747139198634698
2025-06-01,Administración pública y defensa; planes de seguridad social de afiliación obligatoria,161.8719834655142,-0.9537280655660951
2025-06-01,"Agricultura, ganadería, caza y silvicultura",197.86315727298535,5.13834932073991
2025-06-01,"Comercio mayorista, minorista y reparaciones",155.5319754937918,10.371261584941083
2025-06-01,Construcción,126.26600331393408,9.115186325410619
2025-06-01,"Electricidad, gas y agua",161.83425327248702,9.013985823605243
2025-06-01,Enseñanza,173.0316839378383,0.5577139139958165
2025-06-01,Explotación de minas y canteras,121.610241089536,11.21184320242763
2025-06-01,Hoteles y restaurantes,190.26871804243763,16.59751531007243
2025-06-01,Impuestos netos de subsidios,174.55020243913438,8.416561948238165
2025-06-01,Industria manufacturera,116.40672332781403,8.296343339486478
2025-06-01,Intermediación financiera,184.3666218483169,27.954201296256144
2025-06-01,"Otras actividades de servicios comunitarios, sociales y personales",118.22574397418315,-0.8971657482597428
2025-06-01,Pesca,93.55909013431905,-68.19227020977014
2025-06-01,Servicios sociales y de salud,203.46908315947928,0.010623189339087347
2025-06-01,Transporte y comunicaciones,189.15512905308626,1.5154946698339389
2025-07-01,"Actividades inmobiliarias, empresariales y de alquiler",158.52667374064268,3.7633492350602538
2025-07-01,Administración pública y defensa; planes de seguridad social de afiliación obligatoria,161.35362867589183,-1.15878413867464
2025-07-01,"Agricultura, ganadería, caza y silvicultura",118.87568117225979,1.741687799494196
2025-07-01,"Comercio mayorista, minorista y reparaciones",154.37770436297632,0.9913349062733001
2025-07-01,Construcción,131.7864746326178,0.8443659462049835
2025-07-01,"Electricidad, gas y agua",161.73952293795764,-2.2347256896983803
2025-07-01,Enseñanza,173.53385597387268,0.6424409669523401
2025-07-01,Explotación de minas y canteras,128.55061989546488,13.457150476125168
2025-07-01,Hoteles y restaurantes,166.11533390589827,6.850426862055703
2025-07-01,Impuestos netos de subsidios,186.38855458426588,8.123885246517059
2025-07-01,Industria manufacturera,124.8529081077739,-1.064829728189276
2025-07-01,Intermediación financiera,195.83576954335993,21.569792879672445
2025-07-01,"Otras actividades de servicios comunitarios, sociales y personales",133.16785987672566,-0.2955989234590395
2025-07-01,Pesca,77.64448473961806,-75.25109884115375
2025-07-01,Servicios sociales y de salud,185.7684584098904,-0.2503544027968929
2025-07-01,Transporte y comunicaciones,188.3996250962732,0.9226733628965533
2025-08-01,"Actividades inmobiliarias, empresariales y de alquiler",159.0606166813686,2.3957010540300416
2025-08-01,Administración pública y defensa; planes de seguridad social de afiliación obligatoria,160.6977160292281,-1.0836051822302406
2025-08-01,"Agricultura, ganadería, caza y silvicultura",78.32148458168004,-0.4929094453516303
2025-08-01,"Comercio mayorista, minorista y reparaciones",152.13429691003626,-3.014635553683509
2025-08-01,Construcción,136.87812241344602,-0.7046671119574799
2025-08-01,"Electricidad, gas y agua",152.5245211251662,-1.7490720822159522
2025-08-01,Enseñanza,173.46620086995514,0.45928753997399596
2025-08-01,Explotación de minas y canteras,127.29105682101638,9.436000837849235
2025-08-01,Hoteles y restaurantes,181.92991444769035,8.16906510640254
2025-08-01,Impuestos netos de subsidios,185.76727548610415,8.758657535712565
2025-08-01,Industria manufacturera,122.72490215930046,-4.6437154270211
2025-08-01,Intermediación financiera,203.18517874951021,24.991709400211693
2025-08-01,"Otras actividades de servicios comunitarios, sociales y personales",125.99029351525164,0.20994149006605678
2025-08-01,Pesca,293.14931622035465,0.44924132835131303
2025-08-01,Servicios sociales y de salud,185.2566818002439,0.062136574081583795
2025-08-01,Transporte y comunicaciones,184.736007465422,2.753909094610929
2025-09-01,"Actividades inmobiliarias, empresariales y de alquiler",161.02441014029628,4.834641913407811
2025-09-01,Administración pública y defensa; planes de seguridad social de afiliación obligatoria,161.1296997469598,-1.1221397191457205
2025-09-01,"Agricultura, ganadería, caza y silvicultura",75.47728828663327,1.4358947184160753
2025-09-01,"Comercio mayorista, minorista y reparaciones",154.26856984843306,0.5625643055895191
2025-09-01,Construcción,138.8259177199085,2.430746003178008
2025-09-01,"Electricidad, gas y agua",138.92235169361075,1.2675563345839302
2025-09-01,Enseñanza,174.3118868562889,0.7504914917050298
2025-09-01,Explotación de minas y canteras,125.16006283992336,8.048071897021035
2025-09-01,Hoteles y restaurantes,166.63317127151115,7.360224743522936
2025-09-01,Impuestos netos de subsidios,190.80146823293,10.46439956279077
2025-09-01,Industria manufacturera,123.86535162331407,-0.7500035735566457
2025-09-01,Intermediación financiera,223.96706048178626,38.840077746379386
2025-09-01,"Otras actividades de servicios comunitarios, sociales y personales",122.99123691868247,2.5126502271865414
2025-09-01,Pesca,288.47377316990344,52.964777643639934
2025-09-01,Servicios sociales y de salud,182.45635974282067,0.2936876461428817
2025-09-01,Transporte y comunicaciones,185.9188785976128,2.7763612574763563
2025-10-01,"Actividades inmobiliarias, empresariales y de alquiler",163.27805607437455,3.8338597694524967
2025-10-01,Administración pública y defensa; planes de seguridad social de afiliación obligatoria,160.3506394020737,-1.3179880697067325
2025-10-01,"Agricultura, ganadería, caza y silvicultura",71.70486887513898,5.677449625741482
2025-10-01,"Comercio mayorista, minorista y reparaciones",159.9102778399418,0.1572461777944456
2025-10-01,Construcción,132.89503429662142,3.724594182843499
2025-10-01,"Electricidad, gas y agua",138.56912599010457,2.0752321279799313
2025-10-01,Enseñanza,173.6277516535362,0.22960835630347898
2025-10-01,Explotación de minas y canteras,128.19368696345484,8.165722442623501
2025-10-01,Hoteles y restaurantes,186.79590312165908,1.2049525934348715
2025-10-01,Impuestos netos de subsidios,189.79245190012875,7.97693620180473
2025-10-01,Industria manufacturera,130.39940098937294,-2.9312082846862486
2025-10-01,Intermediación financiera,210.79881854007175,23.46655399200932
2025-10-01,"Otras actividades de servicios comunitarios, sociales y personales",128.8472963948685,1.513165240950376
2025-10-01,Pesca,118.44066364840708,65.69812032411109
2025-10-01,Servicios sociales y de salud,177.42492730749396,0.10037674869913804
2025-10-01,Transporte y comunicaciones,187.5674744198488,2.642251703372578
2025-11-01,"Actividades inmobiliarias, empresariales y de alquiler",158.7708225767162,0.4890957455143452
2025-11-01,Administración pública y defensa; planes de seguridad social de afiliación obligatoria,160.64646857886805,-1.310844432800462
2025-11-01,"Agricultura, ganadería, caza y silvicultura",90.34238812270414,11.480529767934033
2025-11-01,"Comercio mayorista, minorista y reparaciones",149.76239119956492,-6.038851723636229
2025-11-01,Construcción,124.54509082765442,-2.687025482311012
2025-11-01,"Electricidad, gas y agua",138.38026356150982,1.6635895715837234
2025-11-01,Enseñanza,173.64548872485398,0.1072354052204405
2025-11-01,Explotación de minas y canteras,122.00005527215063,7.204222215985645
2025-11-01,Hoteles y restaurantes,192.70714135379498,2.7014130383051116
2025-11-01,Impuestos netos de subsidios,179.87747537281444,3.4081251977561733
2025-11-01,Industria manufacturera,120.13921727152892,-8.163827396974588
2025-11-01,Intermediación financiera,196.2764528966126,14.490211163367661
2025-11-01,"Otras actividades de servicios comunitarios, sociales y personales",123.25284659781595,0.9855429311384611
2025-11-01,Pesca,120.43156076267306,-17.60862005797641
2025-11-01,Servicios sociales y de salud,176.50431437850955,0.03948849229808982
2025-11-01,Transporte y comunicaciones,185.51960182626522,1.8554060398593197
2025-12-01,"Actividades inmobiliarias, empresariales y de alquiler",163.24455865790114,1.4063608568656516
2025-12-01,Administración pública y defensa; planes de seguridad social de afiliación obligatoria,160.744962864348,-1.3141509920024497
2025-12-01,"Agricultura, ganadería, caza y silvicultura",145.86989364700167,32.01690919973898
2025-12-01,"Comercio mayorista, minorista y reparaciones",148.5788719598116,-1.2319000455576545
2025-12-01,Construcción,121.94485919456754,-0.16213131509922318
2025-12-01,"Electricidad, gas y agua",159.91055723946968,9.66903831677075
2025-12-01,Enseñanza,174.54233881230664,0.08096596019970814
2025-12-01,Explotación de minas y canteras,130.30262662011546,9.795624042610495
2025-12-01,Hoteles y restaurantes,199.1789416375233,2.0081909776254347
2025-12-01,Impuestos netos de subsidios,183.42959740642672,5.06520271770563
2025-12-01,Industria manufacturera,117.31991366603664,-4.154987642183783
2025-12-01,Intermediación financiera,201.54471044015878,14.217634683247082
2025-12-01,"Otras actividades de servicios comunitarios, sociales y personales",128.82112625586268,1.9688489755045557
2025-12-01,Pesca,136.12064507484186,18.899200817801585
2025-12-01,Servicios sociales y de salud,169.714383320505,0.03741655384494891
2025-12-01,Transporte y comunicaciones,185.809987244129,1.8409628184909321
2026-01-01,"Actividades inmobiliarias, empresariales y de alquiler",153.95583302461978,0.27604312873206194
2026-01-01,Administración pública y defensa; planes de seguridad social de afiliación obligatoria,160.69765518297075,-1.4156930314459637
2026-01-01,"Agricultura, ganadería, caza y silvicultura",114.08146116173485,24.13948780290991
2026-01-01,"Comercio mayorista, minorista y reparaciones",146.08109899249845,-1.3748062743766942
2026-01-01,Construcción,133.28634624235164,-0.390122972689122
2026-01-01,"Electricidad, gas y agua",162.242195700409,-2.5243949337511173
2026-01-01,Enseñanza,167.205475912339,-0.3488954212740314
2026-01-01,Explotación de minas y canteras,135.21037981007134,10.436000877428665
2026-01-01,Hoteles y restaurantes,199.32996619261843,2.0477291346106874
2026-01-01,Impuestos netos de subsidios,186.6386953076843,1.5621756000102849
2026-01-01,Industria manufacturera,104.41507590080651,-2.336978374399279
2026-01-01,Intermediación financiera,199.07476934361875,7.009197346232887
2026-01-01,"Otras actividades de servicios comunitarios, sociales y personales",141.56262387205643,0.39465134395411106
2026-01-01,Pesca,229.43182128695616,46.67497068426209
2026-01-01,Servicios sociales y de salud,187.3912714643062,0.25155143953965453
2026-01-01,Transporte y comunicaciones,187.05352385275503,2.440612236999673
2026-02-01,"Actividades inmobiliarias, empresariales y de alquiler",153.58306871806047,-0.24642685010373144
2026-02-01,Administración pública y defensa; planes de seguridad social de afiliación obligatoria,160.72354013191625,-1.4097444752612764
2026-02-01,"Agricultura, ganadería, caza y silvicultura",81.2134362718133,8.11286101989246
2026-02-01,"Comercio mayorista, minorista y reparaciones",143.35972476486532,-3.851522671908858
2026-02-01,Construcción,130.39082029149154,-0.29032420745140897
2026-02-01,"Electricidad, gas y agua",147.25250814936413,-5.809272182219427
2026-02-01,Enseñanza,168.92124830404208,0.3207339434206702
2026-02-01,Explotación de minas y canteras,121.4987063044339,10.088288987240745
2026-02-01,Hoteles y restaurantes,192.32728656132304,3.5270949959506526
2026-02-01,Impuestos netos de subsidios,161.67819274563456,-3.893503146802535
2026-02-01,Industria manufacturera,98.80612755911203,-8.434289450140241
2026-02-01,Intermediación financiera,188.41449170593933,6.062654117379207
2026-02-01,"Otras actividades de servicios comunitarios, sociales y personales",139.44516743357624,0.8125816478121939
2026-02-01,Pesca,252.64647713543678,13.8054631780941
2026-02-01,Servicios sociales y de salud,177.1021335275199,0.5437420039279273
2026-02-01,Transporte y comunicaciones,175.72428327377264,-0.7503473167523311
2026-03-01,"Actividades inmobiliarias, empresariales y de alquiler",158.79615831529074,2.6508152182997513
2026-03-01,Administración pública y defensa; planes de seguridad social de afiliación obligatoria,159.23541557569825,-1.3016152476602816
2026-03-01,"Agricultura, ganadería, caza y silvicultura",176.8522503444566,19.501945338728333
2026-03-01,"Comercio mayorista, minorista y reparaciones",160.41017542540018,4.193981406089087
2026-03-01,Construcción,143.32035710677857,8.290276567897248
2026-03-01,"Electricidad, gas y agua",154.57296796055303,5.713922339053634
2026-03-01,Enseñanza,172.29268983768748,0.19169500823681407
2026-03-01,Explotación de minas y canteras,136.231922443467,16.439119080074892
2026-03-01,Hoteles y restaurantes,154.09403469711253,2.8447995879520738
2026-03-01,Impuestos netos de subsidios,182.58263883263993,7.124980946325832
2026-03-01,Industria manufacturera,121.99952385735659,5.2219876903370155
2026-03-01,Intermediación financiera,210.4515887092925,9.314438344385056
2026-03-01,"Otras actividades de servicios comunitarios, sociales y personales",139.39282839899397,0.7641979918990183
2026-03-01,Pesca,168.9977048012719,27.643208744280745
2026-03-01,Servicios sociales y de salud,191.87451388843527,0.6097136753833388
2026-03-01,Transporte y comunicaciones,194.37811657596265,5.037928881056297
2026-04-01,"Actividades inmobiliarias, empresariales y de alquiler",160.5131496716624,-0.17027852619556638
2026-04-01,Administración pública y defensa; planes de seguridad social de afiliación obligatoria,158.63491972547118,-1.3160036289422528
2026-04-01,"Agricultura, ganadería, caza y silvicultura",237.27706653640973,10.886227130591308
2026-04-01,"Comercio mayorista, minorista y reparaciones",154.20337054606316,-3.1732167952929102
2026-04-01,Construcción,130.82420397349824,-1.7765167051007058
2026-04-01,"Electricidad, gas y agua",138.0488370153524,6.446086862273459
2026-04-01,Enseñanza,171.29754515861305,-0.05030962696670471
2026-04-01,Explotación de minas y canteras,135.9087216752179,17.058445803059506
2026-04-01,Hoteles y restaurantes,124.77429862687531,0.0351031529614243
2026-04-01,Impuestos netos de subsidios,186.19285898020115,2.083783612499346
2026-04-01,Industria manufacturera,115.38466443983594,-2.9371559649957746
2026-04-01,Intermediación financiera,203.62808205984044,4.47549648729606
2026-04-01,"Otras actividades de servicios comunitarios, sociales y personales",120.18605965475363,-1.7402397993080632
2026-04-01,Pesca,108.80168956864942,-28.397565856059604
2026-04-01,Servicios sociales y de salud,196.16752703994368,0.8210962823030687
2026-04-01,Transporte y comunicaciones,193.3277012608026,2.017712779219516
